run_id,label,is_target,ts_unix,root_pid,pid,process_start_time,image_name,image_sha256,t_ms,total_score,f1_unsigned,f2_packed,f3_susp_strings,f4_honey,f5_crypto_api,f6_safe_mode,f7_shadow_del,f8_reg_persist,f9_dir_enum,f10_high_io,f11_ext_changed,f12_fingerprint,f13_entropy,f14_daa,f9_now,f10_now,f11_now,f12_now,f13_now,f14_now,io_rate,rename_rate,dirent_rate,entropy_delta_mean,entropy_delta_max,entropy_samples,daa_min,affected_ext_count,new_ext_max,backup_entries,backup_frozen,quota_tier,exited,family,y,source_split,gate_pass,feature_sum_f1_f14,v2_group_id,is_synthetic
synthetic_train_benign_v4_20261021_00028,benign,1,1786197146,10672,10672,1.34306707449994e+17,synthetic_benign_v4.exe,124bc1ee76023f74549c9cb536cfd512c784246bcde2776d76f5f3ce86706a38,1209.0,9.0,0.0,1.0,1.0,0.0,1.0,0.0,0.0,1.0,1.0,1.0,1.0,1.0,0.0,1.0,1.0,1.0,1.0,1.0,1.0,1.0,269.3533476809912,15.1508956188609,729.8194736225686,0.7317945208465552,4.682569443041455,61.0,179.2554300467324,4.0,407.0,117.0,0.0,3.0,0.0,SyntheticBenignV4,0,train,1,9.0,synthetic_train_benign_v4_20261021_00028,1
r_20260805_204121_00017,malware,1,1785941445,1096,1096,1.3430415037249616e+17,INC__5e3c44ac77cba228f54304f7f1f9ee4d86099950f230186f11fffaa76c86a5db.exe,5e3c44ac77cba228f54304f7f1f9ee4d86099950f230186f11fffaa76c86a5db,7493.0,6.0,1.0,0.0,1.0,0.0,0.0,0.0,0.0,0.0,0.0,1.0,0.0,1.0,1.0,1.0,0.0,1.0,0.0,1.0,1.0,1.0,21.6333,0.6333,7.4333,0.8286,3.2537,9.0,34.225,6.0,6.0,8.0,0.0,2.0,0.0,INC,1,train,1,6.0,r_20260805_204121_00017,0
,benign,1,1786198866,11312,11312,1.3430672464078317e+17,python.exe,,2720.0,6.0,0.0,0.0,0.0,0.0,0.0,0.0,0.0,0.0,1.0,1.0,1.0,1.0,1.0,1.0,1.0,1.0,1.0,1.0,1.0,1.0,209.5,25.0,2090.6667,3.0415,3.5384,31.0,11.675,4.0,750.0,11.0,0.0,3.0,0.0,python.exe,0,train,1,6.0,benign_missing_run_train_0017,0
r_20260801_001458_00231,malware,1,1785600921,9436,9436,1.3430074511267728e+17,Sodinokibi__b8d7fb4488c0556385498271ab9fffdf0eb38bb2a330265d9852e3a6288092aa.exe,b8d7fb4488c0556385498271ab9fffdf0eb38bb2a330265d9852e3a6288092aa,9667.0,6.0,1.0,0.0,0.0,0.0,0.0,0.0,0.0,0.0,0.0,1.0,1.0,1.0,1.0,1.0,0.0,1.0,1.0,1.0,1.0,1.0,30.8,7.2333,10.4667,3.0366,3.2854,6.0,10.2332,6.0,199.0,5.0,0.0,2.0,0.0,Sodinokibi,1,train,1,6.0,r_20260801_001458_00231,0
r_20260801_001458_00243,malware,1,1785604287,11040,11040,1.3430077882875309e+17,Sodinokibi__d821b0ee9766ec7da7d7dc179a3ef189ffd3e681d787c1f11fedb270fdad96d2.exe,d821b0ee9766ec7da7d7dc179a3ef189ffd3e681d787c1f11fedb270fdad96d2,3190.0,7.0,1.0,0.0,1.0,0.0,0.0,1.0,1.0,0.0,0.0,0.0,0.0,1.0,1.0,1.0,0.0,0.0,0.0,1.0,1.0,1.0,1.7667,0.4,1.9667,3.0255,3.2825,5.0,17.0697,6.0,4.0,5.0,0.0,3.0,0.0,Sodinokibi,1,train,1,7.0,r_20260801_001458_00243,0
7f6421cdf6355edfdcbddadd26bcdfbf984def301df3c6c03d71af8e30bb781f,malware,1,1785831637,5936,5936,1.3430305218924158e+17,Conti__7f6421cdf6355edfdcbd.exe,7f6421cdf6355edfdcbddadd26bcdfbf984def301df3c6c03d71af8e30bb781f,15819.0,6.0,1.0,0.0,1.0,0.0,0.0,0.0,0.0,0.0,1.0,0.0,0.0,1.0,1.0,1.0,1.0,0.0,0.0,1.0,1.0,1.0,7.7,0.9,47.1,0.9141,3.7025,49.0,13.0027,14.0,12.0,11.0,0.0,3.0,0.0,Conti,1,train,1,6.0,7f6421cdf6355edfdcbddadd26bcdfbf984def301df3c6c03d71af8e30bb781f,0
0bb0e1fcff8ccf54c6f9ecfd4bbb6757f6a25cb0e7a173d12cf0f402a3ae706f,malware,1,1785635539,4384,4384,1.3430109116181856e+17,Rhysida__0bb0e1fcff8ccf54c6f9.exe,0bb0e1fcff8ccf54c6f9ecfd4bbb6757f6a25cb0e7a173d12cf0f402a3ae706f,22455.0,6.0,1.0,0.0,1.0,0.0,1.0,1.0,0.0,0.0,1.0,1.0,0.0,0.0,0.0,0.0,1.0,1.0,0.0,0.0,0.0,0.0,20.3333,0.8667,548.1333,0.0,0.0,8.0,172.5158,11.0,2.0,15.0,0.0,2.0,0.0,Rhysida,1,train,1,6.0,0bb0e1fcff8ccf54c6f9ecfd4bbb6757f6a25cb0e7a173d12cf0f402a3ae706f,0
r_20260801_001458_00204,malware,1,1785570828,5688,5688,1.3430044421234826e+17,Sodinokibi__5724c873d76a2d89ae400fd300d4f013da9106f1d4cd31c0a71e65893663c120.exe,5724c873d76a2d89ae400fd300d4f013da9106f1d4cd31c0a71e65893663c120,5971.0,6.0,1.0,0.0,0.0,0.0,0.0,0.0,0.0,0.0,0.0,1.0,1.0,1.0,1.0,1.0,0.0,1.0,1.0,1.0,1.0,1.0,33.5667,11.0,12.6,3.0049,3.2838,5.0,26.2822,6.0,312.0,5.0,0.0,2.0,0.0,Sodinokibi,1,train,1,6.0,r_20260801_001458_00204,0
702099b63cb2384e11f088d6bc33afbd43a4c91848f393581242a6a17f1b30a0,malware,1,1785831705,8044,8044,1.3430305283055517e+17,Conti__702099b63cb2384e11f0.exe,702099b63cb2384e11f088d6bc33afbd43a4c91848f393581242a6a17f1b30a0,20156.0,6.0,1.0,0.0,0.0,0.0,0.0,0.0,0.0,0.0,1.0,1.0,0.0,1.0,1.0,1.0,1.0,1.0,0.0,1.0,1.0,1.0,23.8,3.1,188.8,2.4142,6.561,104.0,8.4796,15.0,21.0,44.0,0.0,2.0,0.0,Conti,1,train,1,6.0,702099b63cb2384e11f088d6bc33afbd43a4c91848f393581242a6a17f1b30a0,0
1c18ce93ce0c1ea0b0838da892dd33af031db3caf49e215dc3beb2c398c09508,malware,1,1785663884,5936,5936,1.3430137259420658e+17,Trigona__1c18ce93ce0c1ea0b083.exe,1c18ce93ce0c1ea0b0838da892dd33af031db3caf49e215dc3beb2c398c09508,223916.0,6.0,1.0,0.0,0.0,0.0,0.0,1.0,0.0,0.0,1.0,1.0,1.0,0.0,1.0,0.0,0.0,1.0,1.0,0.0,1.0,0.0,45.7,8.4333,27.8667,1.3689,3.9783,68.0,213.6544,13.0,55.0,111.0,0.0,3.0,0.0,Trigona,1,train,1,6.0,1c18ce93ce0c1ea0b0838da892dd33af031db3caf49e215dc3beb2c398c09508,0
,benign,1,1786198497,11608,11608,1.3430672095426877e+17,python.exe,,2348.0,6.0,0.0,0.0,0.0,0.0,0.0,0.0,0.0,0.0,1.0,1.0,1.0,1.0,1.0,1.0,1.0,1.0,1.0,1.0,1.0,1.0,121.2,13.3333,982.5333,3.0583,3.542,32.0,7.7734,4.0,400.0,11.0,0.0,3.0,0.0,python.exe,0,train,1,6.0,benign_missing_run_train_0078,0
05283a213c1a3b09e71c7c153a75e86723add89ff41dfc9d0a7ca3d12cb6bbd1,malware,1,1785675044,4560,4560,1.3430148412658654e+17,Trigona__05283a213c1a3b09e71c.exe,05283a213c1a3b09e71c7c153a75e86723add89ff41dfc9d0a7ca3d12cb6bbd1,231225.0,6.0,1.0,0.0,0.0,0.0,0.0,1.0,0.0,0.0,1.0,1.0,1.0,0.0,1.0,0.0,0.0,1.0,1.0,0.0,1.0,0.0,51.2667,9.9333,52.8667,1.4425,4.0362,176.0,204.1477,19.0,44.0,178.0,0.0,3.0,0.0,Trigona,1,train,1,6.0,05283a213c1a3b09e71c7c153a75e86723add89ff41dfc9d0a7ca3d12cb6bbd1,0
1bdbb1f54354640bd65ec045ce886ab963d80fa2a96503f16f54f25484759ed1,malware,1,1785845607,6384,6384,1.3430319159274877e+17,HiddenTear__1bdbb1f54354640bd65e.exe,1bdbb1f54354640bd65ec045ce886ab963d80fa2a96503f16f54f25484759ed1,47124.0,6.0,1.0,0.0,0.0,1.0,0.0,0.0,0.0,0.0,1.0,0.0,0.0,1.0,1.0,1.0,0.0,0.0,0.0,1.0,1.0,1.0,1.2,0.6,99.8667,2.7941,5.5977,4.0,15.7839,12.0,0.0,9.0,0.0,3.0,0.0,HiddenTear,1,train,1,6.0,1bdbb1f54354640bd65ec045ce886ab963d80fa2a96503f16f54f25484759ed1,0
a53ef8240fc2260ea62ef6a426c04e6333d96517d4d2f91492ab6de81a9eeee6,malware,1,1785678794,7428,7428,1.3430152185584328e+17,Trigona__a53ef8240fc2260ea62e.exe,a53ef8240fc2260ea62ef6a426c04e6333d96517d4d2f91492ab6de81a9eeee6,208231.0,6.0,1.0,0.0,0.0,0.0,0.0,0.0,0.0,0.0,1.0,1.0,1.0,1.0,1.0,0.0,0.0,1.0,1.0,1.0,1.0,0.0,822.5,150.7667,387.1333,1.3753,6.5928,402.0,152.373,18.0,2039.0,414.0,0.0,3.0,0.0,Trigona,1,train,1,6.0,a53ef8240fc2260ea62ef6a426c04e6333d96517d4d2f91492ab6de81a9eeee6,0
synthetic_train_benign_v4_20261021_00380,benign,1,1786197347,1212,1212,1.343067094631076e+17,synthetic_benign_v4.exe,98055ecd1313c8b7680636e2ea29ab13b881e138082b34c959dbe784b4c2bbaf,1641.0,10.0,1.0,1.0,1.0,0.0,1.0,1.0,1.0,0.0,1.0,0.0,0.0,1.0,1.0,1.0,1.0,1.0,1.0,1.0,1.0,1.0,125.10447584134619,29.77591309667016,880.870742666872,3.3208101390036027,1.2229631313343328,70.0,373.2183528484921,5.0,280.0,12.0,0.0,3.0,0.0,SyntheticBenignV4,0,train,1,10.0,synthetic_train_benign_v4_20261021_00380,1
fb30464577a78712879d87c66d915cd01b2f995dabdcbd14dcdc004819f0353f,malware,1,1785684911,7848,7848,1.343015829744047e+17,Trigona__fb30464577a78712879d.exe,fb30464577a78712879d87c66d915cd01b2f995dabdcbd14dcdc004819f0353f,213509.0,6.0,1.0,0.0,0.0,0.0,0.0,1.0,0.0,0.0,1.0,1.0,1.0,0.0,1.0,0.0,0.0,1.0,1.0,0.0,1.0,0.0,39.1333,7.0667,25.0,1.4469,2.7411,70.0,377.149,12.0,44.0,103.0,0.0,3.0,0.0,Trigona,1,train,1,6.0,fb30464577a78712879d87c66d915cd01b2f995dabdcbd14dcdc004819f0353f,0
r_20260802_053346_00007,malware,1,1785626264,2332,2332,1.3430099862512886e+17,Medusa__6a973119a7c1cb0151cd94b34d24e963260a000da3e3a8df4b96e2430ffa409e.exe,6a973119a7c1cb0151cd94b34d24e963260a000da3e3a8df4b96e2430ffa409e,1945.0,6.0,1.0,0.0,1.0,0.0,1.0,1.0,0.0,0.0,0.0,1.0,0.0,1.0,0.0,0.0,0.0,1.0,0.0,1.0,0.0,0.0,200.8,2.3667,10.3333,,0.0,0.0,440.1181,13.0,48.0,9.0,0.0,3.0,0.0,Medusa,1,train,1,6.0,r_20260802_053346_00007,0
synthetic_train_benign_v4_20261021_00363,benign,1,1786198723,236,236,1.3430672321755165e+17,synthetic_benign_v4.exe,283c00e8823d858b7c76288653bb356163912366ad1599e6c7c19ffca2de7a39,1191.0,9.0,1.0,1.0,0.0,0.0,0.0,1.0,1.0,0.0,0.0,1.0,1.0,1.0,1.0,1.0,1.0,1.0,1.0,1.0,1.0,1.0,140.40712340305396,18.874544428110287,924.4575147027302,3.2582270604936125,0.8538812828744872,29.0,7.418234796947259,38.0,888.0,81.0,0.0,3.0,0.0,SyntheticBenignV4,0,train,1,9.0,synthetic_train_benign_v4_20261021_00363,1
synthetic_train_benign_v4_20261021_00201,benign,1,1786198671,6052,6052,1.3430672269555864e+17,synthetic_benign_v4.exe,5cc03df9a26ac5e39ccdf20ab80d3866da2389794ce2f7c65c8fa8877a356a33,137739.0,8.0,1.0,0.0,0.0,0.0,1.0,1.0,0.0,0.0,1.0,1.0,1.0,0.0,1.0,1.0,1.0,1.0,1.0,1.0,1.0,1.0,96.5828675319679,29.515078138455255,1276.6839690577003,2.4724518040897747,2.6925787198697924,45.0,425.7799747657073,3.0,206.0,3.0,0.0,3.0,0.0,SyntheticBenignV4,0,train,1,8.0,synthetic_train_benign_v4_20261021_00201,1
bf3583f12fbb140d0f297a70e5a053728829bcdca6ba87cef1361693eb8a836e,malware,1,1785681252,4552,4552,1.34301546172254e+17,Trigona__bf3583f12fbb140d0f29.exe,bf3583f12fbb140d0f297a70e5a053728829bcdca6ba87cef1361693eb8a836e,233052.0,6.0,1.0,0.0,0.0,0.0,0.0,1.0,0.0,0.0,1.0,1.0,1.0,0.0,1.0,0.0,0.0,1.0,1.0,0.0,1.0,0.0,53.8333,10.6333,55.0667,1.7491,3.5341,3.0,192.9538,12.0,257.0,38.0,0.0,2.0,0.0,Trigona,1,train,1,6.0,bf3583f12fbb140d0f297a70e5a053728829bcdca6ba87cef1361693eb8a836e,0
26b6a9fecfc9d4b4b2c2ff02885b257721687e6b820f72cf2e66c1cae2675739,malware,1,1785820284,8272,8272,1.3430293881508126e+17,LockBit__26b6a9fecfc9d4b4b2c2.exe,26b6a9fecfc9d4b4b2c2ff02885b257721687e6b820f72cf2e66c1cae2675739,3037.0,6.0,1.0,0.0,1.0,0.0,1.0,1.0,1.0,1.0,0.0,0.0,0.0,0.0,0.0,0.0,0.0,0.0,0.0,0.0,0.0,0.0,0.4667,0.0667,19.0,,0.0,0.0,,4.0,1.0,1.0,0.0,2.0,0.0,LockBit,1,train,1,6.0,26b6a9fecfc9d4b4b2c2ff02885b257721687e6b820f72cf2e66c1cae2675739,0
synthetic_train_benign_v4_20261021_00314,benign,1,1786198671,6052,6052,1.3430672269555864e+17,synthetic_benign_v4.exe,8b4b5abe965e129629afdb3ae05030bcae8e123890149b7d0a2bb1ec0651b965,1647.0,9.0,0.0,0.0,1.0,1.0,0.0,1.0,0.0,1.0,1.0,1.0,1.0,1.0,0.0,1.0,1.0,1.0,1.0,1.0,1.0,1.0,130.76506622955173,15.95298561444837,107.2300110991401,2.3707557277656814,3.149079813724116,12.0,8.769205502745816,45.0,846.0,5.0,0.0,3.0,0.0,SyntheticBenignV4,0,train,1,9.0,synthetic_train_benign_v4_20261021_00314,1
c25ae06404fd08f3b3729040028d909f670ddbfeab2ed2cf79482e90a3822948,malware,1,1785681298,3420,3420,1.3430154688874269e+17,Trigona__c25ae06404fd08f3b372.exe,c25ae06404fd08f3b3729040028d909f670ddbfeab2ed2cf79482e90a3822948,208661.0,6.0,1.0,0.0,0.0,0.0,0.0,1.0,0.0,0.0,1.0,1.0,1.0,0.0,1.0,0.0,0.0,1.0,1.0,0.0,1.0,0.0,38.9667,7.0333,20.2,1.2744,2.632,15.0,196.3254,12.0,97.0,33.0,0.0,3.0,0.0,Trigona,1,train,1,6.0,c25ae06404fd08f3b3729040028d909f670ddbfeab2ed2cf79482e90a3822948,0
51f60098e30ba803c3f3779273ec2b2b227d366af4187625975115efa5a7e6a7,malware,1,1785671482,6032,6032,1.3430144862092883e+17,Trigona__51f60098e30ba803c3f3.exe,51f60098e30ba803c3f3779273ec2b2b227d366af4187625975115efa5a7e6a7,219232.0,6.0,1.0,0.0,0.0,0.0,0.0,1.0,0.0,0.0,1.0,0.0,0.0,1.0,1.0,1.0,0.0,0.0,0.0,1.0,1.0,1.0,3.9667,0.6667,5.4667,2.3154,3.8435,4.0,12.5952,10.0,3.0,5.0,0.0,3.0,0.0,Trigona,1,train,1,6.0,51f60098e30ba803c3f3779273ec2b2b227d366af4187625975115efa5a7e6a7,0
synthetic_train_benign_v4_20261021_00355,benign,1,1786197049,5684,5684,1.3430670648783542e+17,synthetic_benign_v4.exe,d2544c983bc1fd5e940aa37516bfcfadbed55bbefc2c991a9e2112d0cc069bcf,213408.0,6.0,0.0,0.0,1.0,1.0,0.0,1.0,0.0,1.0,1.0,0.0,0.0,0.0,1.0,0.0,1.0,1.0,1.0,1.0,1.0,1.0,116.59063064058697,26.31183815032398,326.58201801576104,3.4926219221895116,2.6953727377639867,11.0,462.8247928955378,5.0,232.0,5.0,0.0,3.0,0.0,SyntheticBenignV4,0,train,1,6.0,synthetic_train_benign_v4_20261021_00355,1
synthetic_train_benign_v4_20261021_00100,benign,1,1786198619,6516,6516,1.343067221675472e+17,synthetic_benign_v4.exe,c718059a9061f54052e3de84a5a96857023fee67379a80b6540dc7fdff411efa,1920.0,9.0,1.0,1.0,1.0,0.0,1.0,0.0,1.0,0.0,0.0,1.0,1.0,0.0,1.0,1.0,1.0,1.0,1.0,1.0,1.0,1.0,106.70575099054803,13.279535853996755,795.6174503619969,3.57376256543817,0.6440981684366401,19.0,245.07271845112376,8.0,20.0,10.0,0.0,3.0,0.0,SyntheticBenignV4,0,train,1,9.0,synthetic_train_benign_v4_20261021_00100,1
synthetic_train_benign_v4_20261021_00075,benign,1,1786197197,9516,9516,1.3430670795883811e+17,synthetic_benign_v4.exe,bf833fc2bf65a582a6ddcf6cf157b9decf95b736526da77926052676757a6ae1,1396.0,10.0,1.0,1.0,0.0,1.0,1.0,0.0,1.0,0.0,0.0,1.0,1.0,1.0,1.0,1.0,1.0,1.0,1.0,1.0,1.0,1.0,260.59938621354974,48.611900634789635,194.29520981235166,3.233168807247866,3.457199856071845,71.0,66.37818380189998,40.0,310.0,6.0,0.0,3.0,0.0,SyntheticBenignV4,0,train,1,10.0,synthetic_train_benign_v4_20261021_00075,1
r_20260801_001458_00229,malware,1,1785600401,5640,5640,1.3430073979901848e+17,Sodinokibi__b78469fb8eff53d82081bdcb0dbb3436f239b8ca6ef7fd800ce5ba7e098c256f.exe,b78469fb8eff53d82081bdcb0dbb3436f239b8ca6ef7fd800ce5ba7e098c256f,18096.0,6.0,1.0,1.0,0.0,0.0,0.0,0.0,0.0,0.0,0.0,0.0,1.0,1.0,1.0,1.0,0.0,0.0,1.0,1.0,1.0,1.0,16.4667,5.3,6.7333,2.8088,3.2714,2.0,22.4432,6.0,141.0,5.0,0.0,2.0,0.0,Sodinokibi,1,train,1,6.0,r_20260801_001458_00229,0
7cdd7e30c7091fd2fa3e879dd70087517412a165bf14c4ea4fd354337f22c415,malware,1,1785845846,8044,8044,1.3430319394458856e+17,HiddenTear__7cdd7e30c7091fd2fa3e.exe,7cdd7e30c7091fd2fa3e879dd70087517412a165bf14c4ea4fd354337f22c415,48134.0,6.0,1.0,0.0,0.0,1.0,0.0,0.0,0.0,0.0,1.0,0.0,0.0,1.0,1.0,1.0,0.0,0.0,0.0,1.0,1.0,1.0,1.1,0.5667,97.4,2.589,3.1941,6.0,20.4875,12.0,0.0,8.0,0.0,3.0,0.0,HiddenTear,1,train,1,6.0,7cdd7e30c7091fd2fa3e879dd70087517412a165bf14c4ea4fd354337f22c415,0
r_20260801_001458_00189,malware,1,1785566934,4304,4304,1.3430040521448898e+17,Sodinokibi__20d46f118a5e925f992932f20dd658e4d464ac8d8218f7fba683029d51761709.exe,20d46f118a5e925f992932f20dd658e4d464ac8d8218f7fba683029d51761709,12787.0,6.0,1.0,0.0,0.0,0.0,0.0,0.0,0.0,0.0,0.0,1.0,1.0,1.0,1.0,1.0,0.0,1.0,1.0,1.0,1.0,1.0,38.1,12.3333,20.9,2.9316,3.2832,4.0,24.9184,6.0,352.0,5.0,0.0,2.0,0.0,Sodinokibi,1,train,1,6.0,r_20260801_001458_00189,0
8aa579b40f9c86c9c24726485528aafac4414257fc854feb6dbcad11222405dd,malware,1,1785666834,5568,5568,1.3430140211897048e+17,Trigona__8aa579b40f9c86c9c247.exe,8aa579b40f9c86c9c24726485528aafac4414257fc854feb6dbcad11222405dd,221718.0,7.0,1.0,0.0,0.0,0.0,0.0,1.0,0.0,1.0,1.0,1.0,1.0,0.0,1.0,0.0,0.0,1.0,1.0,0.0,1.0,0.0,39.4667,7.3333,25.6667,1.062,3.9187,53.0,215.602,13.0,62.0,66.0,0.0,3.0,0.0,Trigona,1,train,1,7.0,8aa579b40f9c86c9c24726485528aafac4414257fc854feb6dbcad11222405dd,0
r_20260801_001458_00183,malware,1,1785565461,9120,9120,1.343003902373256e+17,Sodinokibi__12d8bfa1aeb557c146b98f069f3456cc8392863a2f4ad938722cd7ca1a773b39.exe,12d8bfa1aeb557c146b98f069f3456cc8392863a2f4ad938722cd7ca1a773b39,37445.0,7.0,1.0,0.0,0.0,0.0,0.0,0.0,0.0,0.0,1.0,1.0,1.0,1.0,1.0,1.0,0.0,1.0,1.0,1.0,1.0,1.0,23.1333,7.3667,1490.9333,2.765,3.2843,3.0,27.6869,6.0,203.0,4.0,0.0,2.0,0.0,Sodinokibi,1,train,1,7.0,r_20260801_001458_00183,0
r_20260730_213552_00042,malware,1,1785432920,5892,5892,1.3429906511362016e+17,Babuk__3b334eac956c7ee16ad0177a1f34292fd015773e4e17e5be86f2eed43c1522e9.exe,3b334eac956c7ee16ad0177a1f34292fd015773e4e17e5be86f2eed43c1522e9,8503.0,8.0,1.0,0.0,1.0,0.0,1.0,1.0,1.0,0.0,1.0,1.0,1.0,0.0,0.0,0.0,1.0,1.0,1.0,0.0,0.0,0.0,303.8667,59.1,247.8667,0.0,0.0,9.0,383.4156,69.0,1200.0,75.0,0.0,3.0,0.0,Babuk,1,train,1,8.0,r_20260730_213552_00042,0
synthetic_train_benign_v4_20261021_00255,benign,1,1786197197,9516,9516,1.3430670795883811e+17,synthetic_benign_v4.exe,4f00e34f0a62b7e4b7291fb1baaff38c71a30a5ba5c5ab2b0bc415e0501ff0b5,199513.0,8.0,1.0,1.0,1.0,1.0,0.0,0.0,1.0,0.0,1.0,1.0,0.0,1.0,0.0,0.0,1.0,1.0,1.0,1.0,1.0,1.0,76.22466089340368,10.079913164632638,163.2217725270761,3.0083291167168666,3.5792257557084306,29.0,520.0524119584179,16.0,852.0,48.0,0.0,3.0,0.0,SyntheticBenignV4,0,train,1,8.0,synthetic_train_benign_v4_20261021_00255,1
r_20260730_220149_00038,malware,1,1785433533,9068,9068,1.3429907131040862e+17,Babuk__32dce5b309829b8c37abe243e5bd8cbc9fae96ce7109fcd348b2193e64061401.exe,32dce5b309829b8c37abe243e5bd8cbc9fae96ce7109fcd348b2193e64061401,1889.0,8.0,1.0,0.0,1.0,0.0,1.0,1.0,1.0,0.0,1.0,1.0,1.0,0.0,0.0,0.0,1.0,1.0,1.0,0.0,0.0,0.0,43.1333,8.4667,61.7333,0.0,0.0,2.0,498.6864,17.0,222.0,7.0,0.0,1.0,0.0,Babuk,1,train,1,8.0,r_20260730_220149_00038,0
synthetic_train_benign_v4_20261021_00025,benign,1,1786198819,2828,2828,1.3430672417126842e+17,synthetic_benign_v4.exe,da6aeadb9f9fc890a1efcdeef753ecb72f9586029372bd2d437341697374a589,120172.0,9.0,0.0,1.0,1.0,1.0,0.0,0.0,0.0,1.0,1.0,0.0,1.0,1.0,1.0,1.0,1.0,1.0,1.0,1.0,1.0,1.0,62.46798518418055,8.727459910152493,1222.383896960582,1.5524072062878196,6.642255366529196,35.0,476.5727601718765,5.0,684.0,3.0,0.0,3.0,0.0,SyntheticBenignV4,0,train,1,9.0,synthetic_train_benign_v4_20261021_00025,1
r_20260730_220149_00045,malware,1,1785435214,3752,3752,1.3429908811879608e+17,Babuk__441f715d0f08b8f9d64a32fdb316bd2510895be26b790a093189775c640e0706.exe,441f715d0f08b8f9d64a32fdb316bd2510895be26b790a093189775c640e0706,2036.0,8.0,1.0,0.0,1.0,0.0,1.0,1.0,1.0,0.0,1.0,1.0,1.0,0.0,0.0,0.0,1.0,1.0,1.0,0.0,0.0,0.0,55.4,10.8333,66.2,0.0,0.0,1.0,398.288,18.0,292.0,6.0,0.0,3.0,0.0,Babuk,1,train,1,8.0,r_20260730_220149_00045,0
synthetic_train_benign_v4_20261021_00047,benign,1,1786198619,6516,6516,1.343067221675472e+17,synthetic_benign_v4.exe,98407a337d0dd0eb8726fe6eb5f3fffe77e5dbbb5c08282aacbffd57bce925fb,31405.0,8.0,1.0,0.0,0.0,0.0,0.0,1.0,1.0,0.0,1.0,1.0,1.0,1.0,0.0,1.0,1.0,1.0,1.0,1.0,1.0,1.0,96.40798117338744,30.747700868136555,96.89772816795019,3.1387460218580734,3.3335628086848224,27.0,31.91887845856474,59.0,1175.0,119.0,0.0,3.0,0.0,SyntheticBenignV4,0,train,1,8.0,synthetic_train_benign_v4_20261021_00047,1
r_20260801_001458_00031,malware,1,1785524833,9168,9168,1.3429998427857626e+17,Medusa__10916ae59a8f99306f1af033bb5e97df353e36be9eeaf41264a9146e56f9197e.exe,10916ae59a8f99306f1af033bb5e97df353e36be9eeaf41264a9146e56f9197e,5794.0,6.0,1.0,0.0,0.0,0.0,0.0,1.0,1.0,0.0,1.0,1.0,1.0,0.0,0.0,0.0,1.0,1.0,1.0,0.0,0.0,0.0,110.6333,26.0667,39.4,,0.0,0.0,277.8166,12.0,675.0,5.0,0.0,2.0,0.0,Medusa,1,train,1,6.0,r_20260801_001458_00031,0
repo_rotation_v2_004,benign,1,1786198671,6052,6052,1.3430672269555864e+17,python.exe,,1563.0,6.0,0.0,0.0,0.0,0.0,0.0,0.0,0.0,0.0,1.0,1.0,1.0,1.0,1.0,1.0,1.0,1.0,1.0,1.0,1.0,1.0,112.0333,11.6667,920.4,3.0014,3.5313,7.0,9.5556,4.0,350.0,3.0,0.0,3.0,0.0,python.exe,0,train,1,6.0,benign_run_repo_rotation_v2_004,0
synthetic_train_benign_v4_20261021_00064,benign,1,1786197390,7696,7696,1.3430670988080968e+17,synthetic_benign_v4.exe,aa6035421c1a5d28112a63af79a78c9e2580d9f7fe07503d0b5d55d232adf066,1659.0,6.0,0.0,1.0,0.0,1.0,0.0,0.0,0.0,1.0,0.0,1.0,0.0,1.0,0.0,1.0,1.0,1.0,1.0,1.0,1.0,1.0,45.87110234672473,21.075722457209736,1028.4551441877165,3.1049825614752535,1.6021621751838602,79.0,394.185431704703,21.0,21.0,94.0,0.0,3.0,0.0,SyntheticBenignV4,0,train,1,6.0,synthetic_train_benign_v4_20261021_00064,1
synthetic_train_benign_v4_20261021_00232,benign,1,1786198723,236,236,1.3430672321755165e+17,synthetic_benign_v4.exe,d252968a436f1bc69627b93e278ac054c4faa289382ebbc1379d58d3f4cd4c66,190675.0,7.0,0.0,0.0,0.0,1.0,0.0,0.0,1.0,0.0,1.0,1.0,1.0,1.0,0.0,1.0,1.0,1.0,1.0,1.0,1.0,1.0,122.48482955870617,29.06572965784958,609.7152770515108,0.8512733036090074,3.058843392937294,62.0,94.2405371395751,64.0,516.0,29.0,0.0,3.0,0.0,SyntheticBenignV4,0,train,1,7.0,synthetic_train_benign_v4_20261021_00232,1
synthetic_train_benign_v4_20261021_00039,benign,1,1786198723,236,236,1.3430672321755165e+17,synthetic_benign_v4.exe,46e5ddfa35f02160d52d592c589046bfe4731d4524be32356f354ac267dd802f,21346.0,7.0,0.0,0.0,0.0,0.0,1.0,0.0,0.0,1.0,1.0,1.0,1.0,1.0,1.0,0.0,1.0,1.0,1.0,1.0,1.0,1.0,284.7222522661129,52.14180233844509,1113.30537325888,0.9865678917859267,2.8316294437925777,19.0,47.00843842924808,4.0,471.0,3.0,0.0,3.0,0.0,SyntheticBenignV4,0,train,1,7.0,synthetic_train_benign_v4_20261021_00039,1
0b856337d9d3255fc3b07635fdadecbe83e23eb5c205eccab83c21c2fb76edc9,malware,1,1785818075,5808,5808,1.343029166770678e+17,LockBit__0b856337d9d3255fc3b0.exe,0b856337d9d3255fc3b07635fdadecbe83e23eb5c205eccab83c21c2fb76edc9,7971.0,6.0,1.0,0.0,1.0,0.0,1.0,1.0,1.0,1.0,0.0,0.0,0.0,0.0,0.0,0.0,0.0,0.0,0.0,0.0,0.0,0.0,0.4667,0.0667,20.6667,0.0,0.0,1.0,414.7008,4.0,1.0,1.0,0.0,2.0,0.0,LockBit,1,train,1,6.0,0b856337d9d3255fc3b07635fdadecbe83e23eb5c205eccab83c21c2fb76edc9,0
49419d9a401cba4f84da4213fcb37d943715a70c98577e241e2e491640faf359,malware,1,1785675772,9108,9108,1.3430149137060131e+17,Trigona__49419d9a401cba4f84da.exe,49419d9a401cba4f84da4213fcb37d943715a70c98577e241e2e491640faf359,232823.0,6.0,1.0,0.0,0.0,0.0,0.0,1.0,0.0,0.0,1.0,1.0,1.0,0.0,1.0,0.0,0.0,1.0,1.0,0.0,1.0,0.0,67.8,13.4333,55.0667,2.6729,4.0257,6.0,216.4131,12.0,341.0,38.0,0.0,2.0,0.0,Trigona,1,train,1,6.0,49419d9a401cba4f84da4213fcb37d943715a70c98577e241e2e491640faf359,0
r_20260730_152625_00006,malware,1,1785401218,12080,12080,1.3429874816675325e+17,Babuk__04ffd0d5fd66764de6c68fce5ac75b1990191721f151a7b8e01ef156066fbfbe.exe,04ffd0d5fd66764de6c68fce5ac75b1990191721f151a7b8e01ef156066fbfbe,1820.0,8.0,1.0,0.0,1.0,0.0,1.0,1.0,1.0,0.0,1.0,1.0,1.0,0.0,0.0,0.0,1.0,1.0,1.0,0.0,0.0,0.0,177.9,34.6,105.4,0.0,0.0,0.0,550.5815,29.0,975.0,18.0,0.0,3.0,0.0,Babuk,1,train,1,8.0,r_20260730_152625_00006,0
synthetic_train_benign_v4_20261021_00133,benign,1,1786197049,5684,5684,1.3430670648783542e+17,synthetic_benign_v4.exe,a9f1285773b4fd2ab81de715a1687abcf8477b56d4de5b6fc7609192936fa3f4,2099.0,9.0,1.0,1.0,1.0,0.0,0.0,0.0,1.0,0.0,0.0,1.0,1.0,1.0,1.0,1.0,1.0,1.0,1.0,1.0,1.0,1.0,137.8070913254742,52.7344719707718,346.12984371141175,0.37457243992887046,1.2011132302725975,91.0,436.73374280059625,7.0,283.0,126.0,0.0,3.0,0.0,SyntheticBenignV4,0,train,1,9.0,synthetic_train_benign_v4_20261021_00133,1
synthetic_train_benign_v4_20261021_00373,benign,1,1785924796,9524,9524,1.3430398394430122e+17,synthetic_benign_v4.exe,4a811e6521c19a50a372d7f99ca167a560c9d1c43ce9ffeda0dcbcdcf7934683,2992.0,10.0,0.0,0.0,1.0,1.0,0.0,0.0,1.0,1.0,1.0,1.0,1.0,1.0,1.0,1.0,1.0,1.0,1.0,1.0,1.0,1.0,113.21895581596387,19.436976363121584,544.8030212970859,5.56511646231834,0.3298621572950957,17.0,18.991182793656463,42.0,261.0,8.0,0.0,1.0,0.0,SyntheticBenignV4,0,train,1,10.0,synthetic_train_benign_v4_20261021_00373,1
synthetic_train_benign_v4_20261021_00175,benign,1,1786198671,6052,6052,1.3430672269555864e+17,synthetic_benign_v4.exe,a65ae7cc2b0284524c7758e77bc2da750ff6cc8bcf35f874b5d00d66b44019a2,23246.0,6.0,0.0,0.0,0.0,1.0,0.0,1.0,0.0,0.0,1.0,1.0,0.0,1.0,1.0,0.0,1.0,1.0,1.0,1.0,1.0,1.0,106.202427844472,11.400745198456283,853.4425825688263,0.771186213053396,1.7440988401164075,66.0,120.46315298325042,39.0,63.0,5.0,0.0,3.0,0.0,SyntheticBenignV4,0,train,1,6.0,synthetic_train_benign_v4_20261021_00175,1
synthetic_train_benign_v4_20261021_00070,benign,1,1786198972,5892,5892,1.3430672570323347e+17,synthetic_benign_v4.exe,99ea8b583ed26ee52870fb4878ff9ed0d8928674eb2c53d40a2d2da1a9375f6a,155473.0,9.0,1.0,0.0,0.0,0.0,1.0,0.0,1.0,1.0,1.0,0.0,1.0,1.0,1.0,1.0,1.0,1.0,1.0,1.0,1.0,1.0,45.15962312950992,11.42058107721362,1297.4949082178912,3.4726881354923997,2.9911152105758587,18.0,16.12555448186849,4.0,493.0,7.0,0.0,3.0,0.0,SyntheticBenignV4,0,train,1,9.0,synthetic_train_benign_v4_20261021_00070,1
,benign,1,1786197049,5684,5684,1.3430670648783542e+17,python.exe,,831.0,6.0,0.0,0.0,0.0,0.0,0.0,0.0,0.0,0.0,1.0,1.0,1.0,1.0,1.0,1.0,1.0,1.0,1.0,1.0,1.0,1.0,68.9667,8.0,431.4333,3.0697,3.3457,13.0,6.4694,4.0,240.0,5.0,0.0,3.0,0.0,python.exe,0,train,1,6.0,benign_missing_run_train_0079,0
repo_rotation_v2_001,benign,1,1786198497,11608,11608,1.3430672095426877e+17,python.exe,,2348.0,6.0,0.0,0.0,0.0,0.0,0.0,0.0,0.0,0.0,1.0,1.0,1.0,1.0,1.0,1.0,1.0,1.0,1.0,1.0,1.0,1.0,121.2,13.3333,982.5333,3.0583,3.542,32.0,7.7734,4.0,400.0,11.0,0.0,3.0,0.0,python.exe,0,train,1,6.0,benign_run_repo_rotation_v2_001,0
synthetic_train_benign_v4_20261021_00313,benign,1,1786198619,6516,6516,1.343067221675472e+17,synthetic_benign_v4.exe,a26d7a098a73a3913c9be72d45be98b64f85b6b4df0cf3abf4dcf84a74c2cb26,1417.0,7.0,1.0,1.0,0.0,0.0,1.0,1.0,0.0,0.0,1.0,0.0,1.0,0.0,1.0,0.0,1.0,1.0,1.0,1.0,1.0,1.0,7.8886154554455965,33.6921005167125,936.7881471340866,3.3995997464062433,1.4545185390497977,17.0,20.666226117546014,25.0,450.0,6.0,0.0,3.0,0.0,SyntheticBenignV4,0,train,1,7.0,synthetic_train_benign_v4_20261021_00313,1
synthetic_train_benign_v4_20261021_00065,benign,1,1786197146,10672,10672,1.34306707449994e+17,synthetic_benign_v4.exe,81508d0616d5a46b61e47bc4aac2b89f2a93ecb69402fec973f2b50403da4183,183127.0,6.0,0.0,0.0,0.0,0.0,1.0,0.0,0.0,1.0,0.0,1.0,1.0,1.0,0.0,1.0,1.0,1.0,1.0,1.0,1.0,1.0,281.9985156639468,43.829707285518445,587.485953865032,2.765302092472721,2.9897632983312206,55.0,8.40328008900218,5.0,358.0,12.0,0.0,3.0,0.0,SyntheticBenignV4,0,train,1,6.0,synthetic_train_benign_v4_20261021_00065,1
synthetic_train_benign_v4_20261021_00042,benign,1,1786198819,2828,2828,1.3430672417126842e+17,synthetic_benign_v4.exe,c817a61e14322ff21a2ba3ed7b4bbd8a2f177bb78db21fe31cb121223a201b35,46349.0,9.0,1.0,0.0,1.0,0.0,1.0,1.0,0.0,1.0,1.0,0.0,0.0,1.0,1.0,1.0,1.0,1.0,1.0,1.0,1.0,1.0,84.5033584394818,16.75000332427441,570.7906588894485,0.7888463175808877,3.06490227043729,16.0,6.953766708820057,25.0,252.0,5.0,0.0,3.0,0.0,SyntheticBenignV4,0,train,1,9.0,synthetic_train_benign_v4_20261021_00042,1
1ba708ad9103142f4b223b87537641cff1a36ca1c60bf8c8f1fae91d2bac4e02,malware,1,1785845417,8396,8396,1.3430319003421288e+17,HiddenTear__1ba708ad9103142f4b22.exe,1ba708ad9103142f4b223b87537641cff1a36ca1c60bf8c8f1fae91d2bac4e02,10334.0,6.0,1.0,0.0,1.0,0.0,0.0,0.0,0.0,0.0,1.0,0.0,0.0,1.0,1.0,1.0,1.0,0.0,0.0,1.0,1.0,1.0,1.2667,0.0667,265.3333,2.5049,2.5049,1.0,31.5419,4.0,0.0,2.0,0.0,1.0,0.0,HiddenTear,1,train,1,6.0,1ba708ad9103142f4b223b87537641cff1a36ca1c60bf8c8f1fae91d2bac4e02,0
r_20260730_213552_00033,malware,1,1785430817,5352,5352,1.3429904408397686e+17,Babuk__29214055a5789fc1002f1a38bdf0e5d4826724534da5d30f4e38f83e186b3edf.exe,29214055a5789fc1002f1a38bdf0e5d4826724534da5d30f4e38f83e186b3edf,8448.0,8.0,1.0,0.0,1.0,0.0,1.0,1.0,1.0,0.0,1.0,1.0,1.0,0.0,0.0,0.0,1.0,1.0,1.0,0.0,0.0,0.0,274.6,53.1333,251.7333,0.0,0.0,13.0,196.9037,62.0,1200.0,54.0,0.0,3.0,0.0,Babuk,1,train,1,8.0,r_20260730_213552_00033,0
cf582215a37617a76b80490a80f71cf31324ce354eaf88a54d995e734503fa40,malware,1,1785827728,6084,6084,1.3430301202035907e+17,Fog__cf582215a37617a76b80.exe,cf582215a37617a76b80490a80f71cf31324ce354eaf88a54d995e734503fa40,121202.0,6.0,1.0,0.0,0.0,0.0,1.0,1.0,0.0,0.0,1.0,1.0,1.0,0.0,0.0,0.0,1.0,1.0,1.0,0.0,0.0,0.0,32.5,7.1667,3751.1333,0.0,0.0,1.0,550.4939,8.0,202.0,35.0,0.0,2.0,0.0,Fog,1,train,1,6.0,cf582215a37617a76b80490a80f71cf31324ce354eaf88a54d995e734503fa40,0
synthetic_train_benign_v4_20261021_00043,benign,1,1786198554,2416,2416,1.343067215322543e+17,synthetic_benign_v4.exe,2ece0e376d0c4442980f43b08ecf1ae88a3d0cdcd8fbde714e63a2be37e51114,1388.0,9.0,0.0,0.0,0.0,1.0,1.0,0.0,0.0,1.0,1.0,1.0,1.0,1.0,1.0,1.0,1.0,1.0,1.0,1.0,1.0,1.0,75.60320440012387,11.637727531510269,201.1260602245373,3.2645208142495887,2.9552534739569514,23.0,451.0074470253061,53.0,253.0,9.0,0.0,3.0,0.0,SyntheticBenignV4,0,train,1,9.0,synthetic_train_benign_v4_20261021_00043,1
synthetic_train_benign_v4_20261021_00184,benign,1,1786197347,1212,1212,1.343067094631076e+17,synthetic_benign_v4.exe,e67addbd6e1599599b7584a84161efba27cf1613e3415f93cf952924f0e4bc85,74032.0,9.0,1.0,0.0,1.0,0.0,1.0,0.0,1.0,1.0,0.0,1.0,1.0,1.0,0.0,1.0,1.0,1.0,1.0,1.0,1.0,1.0,42.0834869324518,39.67555066271588,458.23705662643454,2.877892598681013,2.5351959748126602,62.0,11.229673759806547,5.0,1180.0,83.0,0.0,3.0,0.0,SyntheticBenignV4,0,train,1,9.0,synthetic_train_benign_v4_20261021_00184,1
e097cde0f76df948f039584045acfa6bd7ef863141560815d12c3c6e6452dce4,malware,1,1785881816,3640,3640,1.34304e+17,Nokoyawa__e097cde0f7.exe,e097cde0f76df948f039584045acfa6bd7ef863141560815d12c3c6e6452dce4,9775.0,6.0,1.0,0.0,1.0,0.0,0.0,0.0,0.0,0.0,1.0,0.0,0.0,1.0,1.0,1.0,1.0,0.0,0.0,1.0,1.0,1.0,3.3333,0.7,30.3,2.1439,2.9679,8.0,14.4375,7.0,15.0,5.0,0.0,2.0,0.0,Nokoyawa,1,train,1,6.0,e097cde0f76df948f039584045acfa6bd7ef863141560815d12c3c6e6452dce4,0
synthetic_train_benign_v4_20261021_00173,benign,1,1786198723,236,236,1.3430672321755165e+17,synthetic_benign_v4.exe,4bb88b170c59ebb20a044ac985edaf235929f8f5b73246d4c2909368e5bbba28,164488.0,11.0,1.0,0.0,1.0,1.0,0.0,1.0,1.0,0.0,1.0,1.0,1.0,1.0,1.0,1.0,1.0,1.0,1.0,1.0,1.0,1.0,94.0186659697491,18.492738149313613,1300.3559593554473,2.133335131079558,2.959211785970153,84.0,392.62204470036176,4.0,547.0,8.0,0.0,3.0,0.0,SyntheticBenignV4,0,train,1,11.0,synthetic_train_benign_v4_20261021_00173,1
synthetic_train_benign_v4_20261021_00308,benign,1,1785924796,9524,9524,1.3430398394430122e+17,synthetic_benign_v4.exe,a06feb1ab7047c31c2b521e8af3f0a5457f1e597b893c61fc33f748ad2468feb,202143.0,8.0,0.0,0.0,0.0,0.0,1.0,1.0,1.0,0.0,0.0,1.0,1.0,1.0,1.0,1.0,1.0,1.0,1.0,1.0,1.0,1.0,97.53671775300381,13.112637184610714,722.0956088805358,5.058685660510036,1.0694403778622152,12.0,390.30435881379816,4.0,540.0,4.0,0.0,1.0,0.0,SyntheticBenignV4,0,train,1,8.0,synthetic_train_benign_v4_20261021_00308,1
r_20260801_001458_00010,malware,1,1785520138,8096,8096,1.3429993736924158e+17,Mallox__5ccff9af23c18998221f45396732539d18e330454327d1e7450095c682d8c552.exe,5ccff9af23c18998221f45396732539d18e330454327d1e7450095c682d8c552,946.0,6.0,1.0,0.0,1.0,0.0,1.0,1.0,1.0,0.0,1.0,0.0,0.0,0.0,0.0,0.0,1.0,0.0,0.0,0.0,0.0,0.0,0.5,0.0,78.8,5.0603,0.0,0.0,568.5903,1.0,0.0,0.0,0.0,0.0,0.0,Mallox,1,train,1,6.0,r_20260801_001458_00010,0
synthetic_train_benign_v4_20261021_00284,benign,1,1786198671,6052,6052,1.3430672269555864e+17,synthetic_benign_v4.exe,818cfda47218df72e0fdce205ca97ff560315c0423fe6b243d53ddfb81db90ce,225489.0,11.0,1.0,0.0,1.0,1.0,1.0,0.0,1.0,0.0,1.0,1.0,1.0,1.0,1.0,1.0,1.0,1.0,1.0,1.0,1.0,1.0,75.81763989133471,20.60439579178217,38.16791492135647,0.9839102187534683,2.554468154336764,79.0,441.2957896944207,4.0,246.0,5.0,0.0,3.0,0.0,SyntheticBenignV4,0,train,1,11.0,synthetic_train_benign_v4_20261021_00284,1
,benign,1,1786198819,2828,2828,1.3430672417126842e+17,python.exe,,2175.0,6.0,0.0,0.0,0.0,0.0,0.0,0.0,0.0,0.0,1.0,1.0,1.0,1.0,1.0,1.0,1.0,1.0,1.0,1.0,1.0,1.0,120.8,13.3333,984.9333,2.9622,3.5441,20.0,9.7148,4.0,400.0,7.0,0.0,3.0,0.0,python.exe,0,train,1,6.0,benign_missing_run_train_0030,0
r_20260730_220149_00034,malware,1,1785432495,1992,1992,1.3429906086475603e+17,Babuk__303390bc191c1d649f31cb81d70289cb7cfd2097ac6eec11d83f73382ca8e633.exe,303390bc191c1d649f31cb81d70289cb7cfd2097ac6eec11d83f73382ca8e633,8163.0,8.0,1.0,0.0,1.0,0.0,1.0,1.0,1.0,0.0,1.0,1.0,1.0,0.0,0.0,0.0,1.0,1.0,1.0,0.0,0.0,0.0,289.2667,56.3333,242.4,0.0,0.0,3.0,372.3545,67.0,1200.0,67.0,0.0,3.0,0.0,Babuk,1,train,1,8.0,r_20260730_220149_00034,0
1a7c754ae1933338c740c807ec3dcf5e18e438356990761fdc2e75a2685ebf4a,malware,1,1785808224,7852,7852,1.3430281802247789e+17,INC__1a7c754ae1933338c740.exe,1a7c754ae1933338c740c807ec3dcf5e18e438356990761fdc2e75a2685ebf4a,14979.0,7.0,1.0,0.0,0.0,0.0,1.0,1.0,0.0,0.0,1.0,0.0,0.0,1.0,1.0,1.0,1.0,0.0,0.0,1.0,1.0,1.0,13.2667,1.5667,245.9667,1.344,3.2819,175.0,17.2658,11.0,10.0,57.0,0.0,2.0,0.0,INC,1,train,1,7.0,1a7c754ae1933338c740c807ec3dcf5e18e438356990761fdc2e75a2685ebf4a,0
r_20260801_001458_00207,malware,1,1785571547,6524,6524,1.3430045140878074e+17,Sodinokibi__5d9b75e2cb84333c6b56604ce47af75b11f80bf9079054f6619251b68357d87c.exe,5d9b75e2cb84333c6b56604ce47af75b11f80bf9079054f6619251b68357d87c,5563.0,6.0,1.0,0.0,0.0,0.0,0.0,0.0,0.0,0.0,0.0,1.0,1.0,1.0,1.0,1.0,0.0,1.0,1.0,1.0,1.0,1.0,40.9,13.4333,14.7333,3.0039,3.286,3.0,30.7712,6.0,385.0,4.0,0.0,2.0,0.0,Sodinokibi,1,train,1,6.0,r_20260801_001458_00207,0
synthetic_train_benign_v4_20261021_00018,benign,1,1786198554,2416,2416,1.343067215322543e+17,synthetic_benign_v4.exe,a48b6b4a48720dcfe558c3fa9375e40ee21f024227570fdec50953f078844321,193872.0,9.0,0.0,0.0,1.0,1.0,1.0,0.0,1.0,0.0,1.0,1.0,0.0,1.0,1.0,1.0,1.0,1.0,1.0,1.0,1.0,1.0,166.52494721827807,25.631701260286523,151.00048553978723,2.250974680734451,3.495308273813891,28.0,11.319563466210294,3.0,835.0,68.0,0.0,3.0,0.0,SyntheticBenignV4,0,train,1,9.0,synthetic_train_benign_v4_20261021_00018,1
synthetic_train_benign_v4_20261021_00060,benign,1,1785924796,9524,9524,1.3430398394430122e+17,synthetic_benign_v4.exe,a06e632a434e3a3a19ffef85797adbc959d149502fe2df99df5efa396aabea4a,28948.0,6.0,0.0,1.0,1.0,0.0,0.0,0.0,0.0,1.0,1.0,0.0,1.0,1.0,0.0,0.0,1.0,1.0,1.0,1.0,1.0,1.0,300.4946659769685,9.759146811281116,1350.7261069689291,6.416340721641829,6.02659688298825,30.0,290.80975367463947,4.0,407.0,122.0,0.0,1.0,0.0,SyntheticBenignV4,0,train,1,6.0,synthetic_train_benign_v4_20261021_00060,1
synthetic_train_benign_v4_20261021_00316,benign,1,1786197146,10672,10672,1.34306707449994e+17,synthetic_benign_v4.exe,6a2fae8ba20b4e7ac3d7cc1425fba7742650b9c0d1162130d29b3916fe05e937,1780.0,9.0,1.0,1.0,1.0,0.0,0.0,1.0,1.0,1.0,0.0,1.0,0.0,1.0,1.0,0.0,1.0,1.0,1.0,1.0,1.0,1.0,55.42874975475345,38.2592566001944,375.8815802603977,3.27493704790212,2.671638974941664,60.0,6.788425199932114,4.0,548.0,97.0,0.0,3.0,0.0,SyntheticBenignV4,0,train,1,9.0,synthetic_train_benign_v4_20261021_00316,1
r_20260730_152625_00094,malware,1,1785420400,12232,12232,1.3429893998781357e+17,Mallox__06699c98ed2ef759b2434ac5777a2886b966c0ffa1c96c046f5cde77fe833784.exe,06699c98ed2ef759b2434ac5777a2886b966c0ffa1c96c046f5cde77fe833784,1185.0,6.0,1.0,0.0,1.0,0.0,1.0,1.0,1.0,0.0,1.0,0.0,0.0,0.0,0.0,0.0,1.0,0.0,0.0,0.0,0.0,0.0,0.4667,0.0,35.1,2.5335,0.0,0.0,566.2651,1.0,0.0,0.0,0.0,0.0,0.0,Mallox,1,train,1,6.0,r_20260730_152625_00094,0
synthetic_train_benign_v4_20261021_00160,benign,1,1786198972,5892,5892,1.3430672570323347e+17,synthetic_benign_v4.exe,11505c9ea71a1184503cab3c9b1fde692623f2e3ab38fe75ac87f618670fca5d,153076.0,7.0,0.0,0.0,0.0,1.0,0.0,1.0,1.0,0.0,1.0,1.0,1.0,0.0,0.0,1.0,1.0,1.0,1.0,1.0,1.0,1.0,160.56973656025085,0.9704980371881234,437.6667667835498,2.9710811456565716,1.400974434512746,14.0,425.69679111301656,32.0,878.0,3.0,0.0,3.0,0.0,SyntheticBenignV4,0,train,1,7.0,synthetic_train_benign_v4_20261021_00160,1
da23f2f8f56b914c11beb31d1e3b4d663abf4ecb750554475fab11bf5d0a66b3,malware,1,1785682702,4976,4976,1.3430156118857192e+17,Trigona__da23f2f8f56b914c11be.exe,da23f2f8f56b914c11beb31d1e3b4d663abf4ecb750554475fab11bf5d0a66b3,183066.0,6.0,1.0,0.0,0.0,0.0,0.0,0.0,0.0,0.0,1.0,1.0,1.0,1.0,1.0,0.0,0.0,1.0,1.0,1.0,1.0,0.0,82.4333,14.9333,48.6,1.3275,2.8453,84.0,114.9082,12.0,223.0,142.0,0.0,3.0,0.0,Trigona,1,train,1,6.0,da23f2f8f56b914c11beb31d1e3b4d663abf4ecb750554475fab11bf5d0a66b3,0
synthetic_train_benign_v4_20261021_00010,benign,1,1786198619,6516,6516,1.343067221675472e+17,synthetic_benign_v4.exe,97761c870fb3f21a1023e394753428287de18f8e60fe5bf4efe70fccbfc67268,2667.0,6.0,0.0,0.0,0.0,0.0,0.0,0.0,1.0,1.0,1.0,1.0,1.0,1.0,0.0,0.0,1.0,1.0,1.0,1.0,1.0,1.0,185.1566821325474,17.847117337604917,712.0058992999061,2.022182173348268,3.714320238548592,32.0,16.808070621624722,13.0,514.0,13.0,0.0,3.0,0.0,SyntheticBenignV4,0,train,1,6.0,synthetic_train_benign_v4_20261021_00010,1
synthetic_train_benign_v4_20261021_00239,benign,1,1786197390,7696,7696,1.3430670988080968e+17,synthetic_benign_v4.exe,f11b3282e07a2e4acc706343677df57f418361b5754b5f4cb08eaff2906cbaf6,1709.0,9.0,0.0,0.0,0.0,0.0,1.0,1.0,1.0,1.0,1.0,1.0,0.0,1.0,1.0,1.0,1.0,1.0,1.0,1.0,1.0,1.0,98.94942561237694,26.40996990817211,1261.5307955650608,3.659167766286638,3.5062488668343774,4.0,9.1879091282427,14.0,892.0,8.0,0.0,3.0,0.0,SyntheticBenignV4,0,train,1,9.0,synthetic_train_benign_v4_20261021_00239,1
r_20260730_213552_00040,malware,1,1785432472,10792,10792,1.3429906063586733e+17,Babuk__3684e19cb97cf737ad719c56f62266fb72cb5170918dbbfddf2e141d23c92bf2.exe,3684e19cb97cf737ad719c56f62266fb72cb5170918dbbfddf2e141d23c92bf2,8223.0,8.0,1.0,0.0,1.0,0.0,1.0,1.0,1.0,0.0,1.0,1.0,1.0,0.0,0.0,0.0,1.0,1.0,1.0,0.0,0.0,0.0,298.5333,57.9333,262.9667,0.0,0.0,4.0,418.4727,68.0,1200.0,70.0,0.0,2.0,0.0,Babuk,1,train,1,8.0,r_20260730_213552_00040,0
synthetic_train_benign_v4_20261021_00168,benign,1,1786198671,6052,6052,1.3430672269555864e+17,synthetic_benign_v4.exe,dc18dd181d6562cc301bbd81b22c6b46d9c938d59c50e652a5afc2da0ddcb0dc,88157.0,8.0,1.0,0.0,1.0,1.0,0.0,0.0,0.0,1.0,1.0,1.0,0.0,1.0,1.0,0.0,1.0,1.0,1.0,1.0,1.0,1.0,285.22038076472336,19.59902673597628,1318.0126297375155,3.4872192584773036,2.7626119132101357,76.0,40.269132060028426,57.0,494.0,7.0,0.0,3.0,0.0,SyntheticBenignV4,0,train,1,8.0,synthetic_train_benign_v4_20261021_00168,1
77fdce66e7f909300e4493cbe7055254f7992ba65f9b7445a6755d0dbd9f80a5,malware,1,1785919358,6592,6592,1.3430392946907904e+17,Targeted__77fdce66e7.exe,77fdce66e7f909300e4493cbe7055254f7992ba65f9b7445a6755d0dbd9f80a5,11019.0,6.0,1.0,0.0,1.0,0.0,1.0,1.0,1.0,0.0,1.0,0.0,0.0,0.0,0.0,0.0,1.0,0.0,0.0,0.0,0.0,0.0,1.2667,0.0,30.1667,0.0,0.0,0.0,568.5903,3.0,0.0,1.0,0.0,2.0,0.0,Targeted,1,train,1,6.0,77fdce66e7f909300e4493cbe7055254f7992ba65f9b7445a6755d0dbd9f80a5,0
05aae055be9d3b3fe46488ec9409302b5b029a25cbd379092dab5f50ea61b4db,malware,1,1785665774,3440,3440,1.3430139185885744e+17,Trigona__05aae055be9d3b3fe464.exe,05aae055be9d3b3fe46488ec9409302b5b029a25cbd379092dab5f50ea61b4db,188262.0,6.0,1.0,0.0,0.0,0.0,0.0,1.0,0.0,0.0,1.0,1.0,1.0,0.0,1.0,0.0,0.0,1.0,1.0,0.0,1.0,0.0,41.0,7.8,26.2667,1.403,3.9029,93.0,194.8555,12.0,44.0,137.0,0.0,3.0,0.0,Trigona,1,train,1,6.0,05aae055be9d3b3fe46488ec9409302b5b029a25cbd379092dab5f50ea61b4db,0
r_20260805_204121_00010,malware,1,1785939696,2628,2628,1.3430413275751072e+17,INC__0cb4e7d35eb3f4585c6168988247e30d99ef24d3ef006d91971e3913ef593c42.exe,0cb4e7d35eb3f4585c6168988247e30d99ef24d3ef006d91971e3913ef593c42,19772.0,6.0,1.0,0.0,0.0,0.0,0.0,0.0,0.0,0.0,0.0,1.0,1.0,1.0,1.0,1.0,0.0,1.0,1.0,1.0,1.0,1.0,50.7667,7.5667,13.8333,2.2808,3.2871,10.0,16.0484,6.0,205.0,8.0,0.0,2.0,0.0,INC,1,train,1,6.0,r_20260805_204121_00010,0
synthetic_train_benign_v4_20261021_00344,benign,1,1786197197,9516,9516,1.3430670795883811e+17,synthetic_benign_v4.exe,0912d073ab0ff84d86807c30dc3f48871e5b54b80e92345ae0d11ddea25b6f5b,161053.0,11.0,1.0,1.0,1.0,1.0,1.0,1.0,1.0,1.0,1.0,0.0,0.0,1.0,1.0,0.0,1.0,1.0,1.0,1.0,1.0,1.0,70.26970663848458,9.09703741251312,1254.0726884301034,2.9789571660993426,3.946105308115476,96.0,9.378647094280819,5.0,255.0,21.0,0.0,3.0,0.0,SyntheticBenignV4,0,train,1,11.0,synthetic_train_benign_v4_20261021_00344,1
synthetic_train_benign_v4_20261021_00151,benign,1,1786198497,11608,11608,1.3430672095426877e+17,synthetic_benign_v4.exe,b14edcdb2516563dcfbf46366f77305559cfbcdd39654f01cad75367759fdc0b,99913.0,6.0,1.0,0.0,0.0,0.0,0.0,0.0,1.0,1.0,0.0,0.0,0.0,1.0,1.0,1.0,1.0,1.0,1.0,1.0,1.0,1.0,9.211258116255749,10.355671610547343,537.46039922555,2.598180695461984,1.917633397312516,61.0,14.397554678306635,46.0,465.0,74.0,0.0,3.0,0.0,SyntheticBenignV4,0,train,1,6.0,synthetic_train_benign_v4_20261021_00151,1
r_20260730_213552_00036,malware,1,1785431536,6556,6556,1.3429905127443296e+17,Babuk__30dc5634a6f8e4fb7f61852ce992e06f8e84024826118ed0b95d17d101e708f9.exe,30dc5634a6f8e4fb7f61852ce992e06f8e84024826118ed0b95d17d101e708f9,8583.0,8.0,1.0,0.0,1.0,0.0,1.0,1.0,1.0,0.0,1.0,1.0,1.0,0.0,0.0,0.0,1.0,1.0,1.0,0.0,0.0,0.0,291.1,56.3667,296.4667,0.0,0.0,10.0,196.9037,67.0,1199.0,66.0,0.0,3.0,0.0,Babuk,1,train,1,8.0,r_20260730_213552_00036,0
ecd0738536e3a450dd4bcce49303b2c60659a7512ac391e08abb6c174b9d401f,malware,1,1785683825,1944,1944,1.3430157206717757e+17,Trigona__ecd0738536e3a450dd4b.exe,ecd0738536e3a450dd4bcce49303b2c60659a7512ac391e08abb6c174b9d401f,217948.0,6.0,1.0,0.0,0.0,0.0,0.0,1.0,0.0,0.0,1.0,1.0,1.0,0.0,1.0,0.0,0.0,1.0,1.0,0.0,1.0,0.0,31.7,6.0,24.7333,1.2946,3.9241,42.0,202.5102,13.0,44.0,64.0,0.0,3.0,0.0,Trigona,1,train,1,6.0,ecd0738536e3a450dd4bcce49303b2c60659a7512ac391e08abb6c174b9d401f,0
r_20260730_220149_00035,malware,1,1785432722,4332,4332,1.3429906312725987e+17,Babuk__307ce928a9a9c4edbfdb69266b7ec8d9297579124456204748f11120f46af641.exe,307ce928a9a9c4edbfdb69266b7ec8d9297579124456204748f11120f46af641,9091.0,8.0,1.0,0.0,1.0,0.0,1.0,1.0,1.0,0.0,1.0,1.0,1.0,0.0,0.0,0.0,1.0,1.0,1.0,0.0,0.0,0.0,300.6333,58.4333,239.6333,0.0,0.0,4.0,440.0901,71.0,1103.0,77.0,0.0,3.0,0.0,Babuk,1,train,1,8.0,r_20260730_220149_00035,0
synthetic_train_benign_v4_20261021_00343,benign,1,1786198554,2416,2416,1.343067215322543e+17,synthetic_benign_v4.exe,1e63f1ba68e83d198c6720c0be92a62d80dac748bcbbc5307434e0d056e9ef4c,1212.0,9.0,1.0,1.0,0.0,1.0,0.0,0.0,0.0,0.0,1.0,1.0,1.0,1.0,1.0,1.0,1.0,1.0,1.0,1.0,1.0,1.0,97.10421408077373,44.35343858183814,1298.0257951488334,1.302860514506607,2.934497630873962,73.0,7.891367014220736,4.0,1114.0,59.0,0.0,3.0,0.0,SyntheticBenignV4,0,train,1,9.0,synthetic_train_benign_v4_20261021_00343,1
2e726bf4b61c3f9d3a53635520b2a483917483e92f920a2197b028e37c5a44a8,malware,1,1785824255,1208,1208,1.3430297745593416e+17,Fog__2e726bf4b61c3f9d3a53.exe,2e726bf4b61c3f9d3a53635520b2a483917483e92f920a2197b028e37c5a44a8,105850.0,6.0,1.0,0.0,0.0,0.0,1.0,1.0,0.0,0.0,1.0,1.0,1.0,0.0,0.0,0.0,1.0,1.0,1.0,0.0,0.0,0.0,31.0333,6.8,3857.8333,0.0,0.0,0.0,551.1804,8.0,191.0,34.0,0.0,2.0,0.0,Fog,1,train,1,6.0,2e726bf4b61c3f9d3a53635520b2a483917483e92f920a2197b028e37c5a44a8,0
r_20260801_001458_00216,malware,1,1785573995,3628,3628,1.3430047589043427e+17,Sodinokibi__81689f1be92c8fb7e94fe241441c7eb43cfb77c6d23592b0248566bd709ff2ed.exe,81689f1be92c8fb7e94fe241441c7eb43cfb77c6d23592b0248566bd709ff2ed,4458.0,6.0,1.0,0.0,0.0,0.0,0.0,0.0,0.0,0.0,0.0,1.0,1.0,1.0,1.0,1.0,0.0,1.0,1.0,1.0,1.0,1.0,38.0667,12.5,14.1667,3.0712,3.2881,4.0,5.373,6.0,357.0,5.0,0.0,2.0,0.0,Sodinokibi,1,train,1,6.0,r_20260801_001458_00216,0
r_20260801_001458_00073,malware,1,1785538425,11168,11168,1.3430011985867731e+17,Medusa__b091e38b4cdf341c2733c6e8c2199afd4ee05fc9f921a37c8e555198f1ec2e12.exe,b091e38b4cdf341c2733c6e8c2199afd4ee05fc9f921a37c8e555198f1ec2e12,23856.0,8.0,1.0,0.0,0.0,0.0,1.0,0.0,1.0,0.0,0.0,1.0,1.0,1.0,1.0,1.0,0.0,1.0,1.0,1.0,1.0,1.0,154.1,6.7667,13.3,3.225,3.2863,9.0,25.3473,7.0,180.0,6.0,0.0,3.0,0.0,Medusa,1,train,1,8.0,r_20260801_001458_00073,0
r_20260801_001458_00006,malware,1,1785519291,6980,6980,1.342999288895944e+17,Mallox__4bdaa5227a23c06acc8ac318bb0d83273972e67105e5e37085c0c8c56001d9b4.exe,4bdaa5227a23c06acc8ac318bb0d83273972e67105e5e37085c0c8c56001d9b4,2031.0,6.0,1.0,0.0,1.0,0.0,1.0,1.0,1.0,0.0,1.0,0.0,0.0,0.0,0.0,0.0,1.0,0.0,0.0,0.0,0.0,0.0,0.6,0.0,85.0667,3.7452,0.0,0.0,568.5903,1.0,0.0,0.0,0.0,0.0,0.0,Mallox,1,train,1,6.0,r_20260801_001458_00006,0
9ddb239d7c1ca00e5cf13cd6b1f816bdba30792b1f26cef2ca807336bd0b3802,malware,1,1785637742,4136,4136,1.3430111289619152e+17,Rhysida__9ddb239d7c1ca00e5cf1.exe,9ddb239d7c1ca00e5cf13cd6b1f816bdba30792b1f26cef2ca807336bd0b3802,52610.0,6.0,1.0,0.0,1.0,0.0,1.0,0.0,0.0,0.0,1.0,1.0,1.0,0.0,0.0,0.0,1.0,1.0,1.0,0.0,0.0,0.0,47.6667,5.3333,1435.5667,0.0,0.0,20.0,388.127,17.0,51.0,50.0,0.0,2.0,0.0,Rhysida,1,train,1,6.0,9ddb239d7c1ca00e5cf13cd6b1f816bdba30792b1f26cef2ca807336bd0b3802,0
synthetic_train_benign_v4_20261021_00053,benign,1,1786198554,2416,2416,1.343067215322543e+17,synthetic_benign_v4.exe,106b4176fc0fb32b0e8a0405f5c6d12e0bd17bf5b37f747f7dcc17e32f6cd239,2341.0,9.0,0.0,1.0,1.0,0.0,1.0,1.0,0.0,1.0,1.0,1.0,1.0,0.0,0.0,1.0,1.0,1.0,1.0,1.0,1.0,1.0,278.922908518614,28.17609515732964,1021.6195906438256,2.778275823635359,1.3313713412592465,24.0,399.51458700240227,29.0,759.0,9.0,0.0,3.0,0.0,SyntheticBenignV4,0,train,1,9.0,synthetic_train_benign_v4_20261021_00053,1
r_20260730_220149_00037,malware,1,1785433271,6212,6212,1.3429906866945997e+17,Babuk__322211452488d367edb6796363c70ac752ad67048092cf4d00a67afd2cbf090b.exe,322211452488d367edb6796363c70ac752ad67048092cf4d00a67afd2cbf090b,4156.0,8.0,1.0,0.0,1.0,0.0,1.0,1.0,1.0,0.0,1.0,1.0,1.0,0.0,0.0,0.0,1.0,1.0,1.0,0.0,0.0,0.0,152.4,29.5,143.4667,0.0,0.0,1.0,398.288,35.0,774.0,25.0,0.0,3.0,0.0,Babuk,1,train,1,8.0,r_20260730_220149_00037,0
synthetic_train_benign_v4_20261021_00124,benign,1,1786197197,9516,9516,1.3430670795883811e+17,synthetic_benign_v4.exe,c6c40ee92f08318d0bc49b3236fe19ab0fa636a99a72144e2a780e0716ad37b6,172989.0,10.0,0.0,1.0,1.0,0.0,1.0,0.0,0.0,1.0,1.0,1.0,1.0,1.0,1.0,1.0,1.0,1.0,1.0,1.0,1.0,1.0,98.6142680074363,42.67077404465688,125.73550204349841,2.797016354162429,3.0027663321789606,19.0,22.920820892578654,5.0,681.0,5.0,0.0,3.0,0.0,SyntheticBenignV4,0,train,1,10.0,synthetic_train_benign_v4_20261021_00124,1
synthetic_train_benign_v4_20261021_00101,benign,1,1786198866,11312,11312,1.3430672464078317e+17,synthetic_benign_v4.exe,090409641ec2982b56bc6b234bbf0db2abf8bafcc3dec2f3191a08c1af7743eb,3073.0,7.0,1.0,0.0,0.0,1.0,0.0,1.0,0.0,1.0,1.0,0.0,1.0,0.0,1.0,0.0,1.0,1.0,1.0,1.0,1.0,1.0,20.042961605367285,25.714336828897565,2155.734200241322,1.5260606958071985,3.425179478710115,34.0,106.35654705377782,4.0,904.0,109.0,0.0,3.0,0.0,SyntheticBenignV4,0,train,1,7.0,synthetic_train_benign_v4_20261021_00101,1
synthetic_train_benign_v4_20261021_00020,benign,1,1786197146,10672,10672,1.34306707449994e+17,synthetic_benign_v4.exe,64f44e6cb2d365f76cf337adb8caa8667856f56d2647fd245016d71af1c73988,1444.0,10.0,1.0,0.0,1.0,1.0,0.0,1.0,1.0,0.0,0.0,1.0,1.0,1.0,1.0,1.0,1.0,1.0,1.0,1.0,1.0,1.0,246.99282452148347,15.628366822952096,1129.1976040559048,3.4690985891405974,0.053953060925984266,28.0,9.000766849944828,4.0,815.0,13.0,0.0,3.0,0.0,SyntheticBenignV4,0,train,1,10.0,synthetic_train_benign_v4_20261021_00020,1
synthetic_train_benign_v4_20261021_00206,benign,1,1786197347,1212,1212,1.343067094631076e+17,synthetic_benign_v4.exe,34f5810fe171ed982dce8aad105cd30556dd6f08f5f0756e803a0372b3515f93,10049.0,9.0,0.0,0.0,1.0,1.0,1.0,1.0,1.0,0.0,1.0,0.0,1.0,0.0,1.0,1.0,1.0,1.0,1.0,1.0,1.0,1.0,88.88844712600199,44.70069161649925,1338.1972514889833,0.3737669642766966,3.031134659736047,24.0,391.5922060705088,12.0,400.0,131.0,0.0,3.0,0.0,SyntheticBenignV4,0,train,1,9.0,synthetic_train_benign_v4_20261021_00206,1
3518195c256aa940c607f8534c91b5a9cd453c7417810de3cd4d262e2906d24f,malware,1,1785640257,8176,8176,1.3430113814569389e+17,Rhysida__3518195c256aa940c607.exe,3518195c256aa940c607f8534c91b5a9cd453c7417810de3cd4d262e2906d24f,41534.0,6.0,1.0,0.0,1.0,0.0,1.0,0.0,0.0,0.0,1.0,1.0,1.0,0.0,0.0,0.0,0.0,1.0,1.0,0.0,0.0,0.0,25.0333,5.6333,773.9667,0.0,0.0,1.0,171.6661,10.0,150.0,4.0,0.0,1.0,0.0,Rhysida,1,train,1,6.0,3518195c256aa940c607f8534c91b5a9cd453c7417810de3cd4d262e2906d24f,0
3cd8db5fcbba519c9c9332435e8d612b2cef61500dc04875b1bd2931dab2c90b,malware,1,1785664781,8144,8144,1.3430138157752531e+17,Trigona__3cd8db5fcbba519c9c93.exe,3cd8db5fcbba519c9c9332435e8d612b2cef61500dc04875b1bd2931dab2c90b,223546.0,6.0,1.0,0.0,0.0,0.0,0.0,1.0,0.0,0.0,1.0,1.0,1.0,0.0,1.0,0.0,0.0,1.0,1.0,0.0,1.0,0.0,49.4667,9.7667,56.3333,3.065,4.0205,3.0,225.0567,12.0,231.0,37.0,0.0,2.0,0.0,Trigona,1,train,1,6.0,3cd8db5fcbba519c9c9332435e8d612b2cef61500dc04875b1bd2931dab2c90b,0
r_20260805_204121_00006,malware,1,1785938715,10968,10968,1.3430412297587818e+17,INC__02472036db9ec498ae565b344f099263f3218ecb785282150e8565d5cac92461.exe,02472036db9ec498ae565b344f099263f3218ecb785282150e8565d5cac92461,12072.0,8.0,1.0,0.0,0.0,0.0,1.0,1.0,0.0,0.0,0.0,1.0,1.0,1.0,1.0,1.0,0.0,1.0,1.0,1.0,1.0,1.0,117.5333,12.4333,21.9,1.6085,3.2643,11.0,13.9358,6.0,351.0,8.0,0.0,1.0,0.0,INC,1,train,1,8.0,r_20260805_204121_00006,0
synthetic_train_benign_v4_20261021_00026,benign,1,1786198671,6052,6052,1.3430672269555864e+17,synthetic_benign_v4.exe,cff634b49aeb52d4fa16a1610f655391d0010c5e810366d515735b3176ef6e76,1966.0,7.0,1.0,0.0,0.0,0.0,0.0,1.0,0.0,1.0,1.0,1.0,0.0,1.0,0.0,1.0,1.0,1.0,1.0,1.0,1.0,1.0,196.167977872843,10.687966095394247,1176.102014942436,2.239408311642019,3.667467312295702,14.0,33.6010692200257,4.0,443.0,5.0,0.0,3.0,0.0,SyntheticBenignV4,0,train,1,7.0,synthetic_train_benign_v4_20261021_00026,1
synthetic_train_benign_v4_20261021_00348,benign,1,1786198819,2828,2828,1.3430672417126842e+17,synthetic_benign_v4.exe,38723d78732be32458bf07b250aa48295a49c1c94e745797fa24a73130e8488e,183673.0,6.0,0.0,1.0,0.0,1.0,1.0,1.0,0.0,0.0,0.0,0.0,0.0,0.0,1.0,1.0,1.0,1.0,1.0,1.0,1.0,1.0,234.61764993567078,16.26357705685132,924.1028426536459,3.014907180724599,2.1526580565564917,98.0,6.046681057600635,4.0,845.0,4.0,0.0,3.0,0.0,SyntheticBenignV4,0,train,1,6.0,synthetic_train_benign_v4_20261021_00348,1
r_20260805_153704_00017,malware,1,1785923793,6520,6520,1.3430397379309053e+17,INC__432f549e9a2a76237133e9fe9b11fbb3d1a7e09904db5ccace29918e948529c6.exe,432f549e9a2a76237133e9fe9b11fbb3d1a7e09904db5ccace29918e948529c6,14111.0,6.0,1.0,0.0,0.0,0.0,0.0,0.0,0.0,0.0,1.0,1.0,1.0,1.0,1.0,0.0,1.0,1.0,1.0,1.0,1.0,0.0,177.6,29.3333,31.2333,1.1044,1.7299,3.0,154.2618,5.0,864.0,2.0,0.0,0.0,0.0,INC,1,train,1,6.0,r_20260805_153704_00017,0
synthetic_train_benign_v4_20261021_00059,benign,1,1786198554,2416,2416,1.343067215322543e+17,synthetic_benign_v4.exe,f436b1ade48e076f0aab3f22cc89a9d6103651499fc8d6067a2ceb5b9f3c14ec,1157.0,7.0,1.0,0.0,1.0,0.0,1.0,0.0,0.0,0.0,0.0,1.0,0.0,1.0,1.0,1.0,1.0,1.0,1.0,1.0,1.0,1.0,145.3087302617979,10.882883740299366,7.320488466243415,2.72333171577676,2.1564915312065724,13.0,507.54965248004754,38.0,368.0,42.0,0.0,3.0,0.0,SyntheticBenignV4,0,train,1,7.0,synthetic_train_benign_v4_20261021_00059,1
synthetic_train_benign_v4_20261021_00041,benign,1,1786197146,10672,10672,1.34306707449994e+17,synthetic_benign_v4.exe,6bdeef3e71ba8cec7a03ebcc60d361e440f8ddeaa88cfd32e7e51a39f131fc25,1520.0,8.0,1.0,0.0,1.0,1.0,0.0,1.0,0.0,0.0,1.0,1.0,1.0,0.0,0.0,1.0,1.0,1.0,1.0,1.0,1.0,1.0,162.89202268640994,15.357615107834238,6.304336980923476,2.576818274859105,2.971561933248248,18.0,279.8869172649923,3.0,208.0,120.0,0.0,3.0,0.0,SyntheticBenignV4,0,train,1,8.0,synthetic_train_benign_v4_20261021_00041,1
ea4170be281262d89d924959b4db36ba239395dd5d2dc769fbb7f7238adc67e5,malware,1,1785832747,7188,7188,1.3430306335622973e+17,Conti__ea4170be281262d89d92.exe,ea4170be281262d89d924959b4db36ba239395dd5d2dc769fbb7f7238adc67e5,9489.0,6.0,1.0,0.0,1.0,0.0,0.0,0.0,0.0,0.0,1.0,0.0,0.0,1.0,1.0,1.0,1.0,0.0,0.0,1.0,1.0,1.0,5.9333,0.5333,57.3,0.3837,2.9764,50.0,16.9665,14.0,2.0,11.0,0.0,3.0,0.0,Conti,1,train,1,6.0,ea4170be281262d89d924959b4db36ba239395dd5d2dc769fbb7f7238adc67e5,0
synthetic_train_benign_v4_20261021_00008,benign,1,1786198866,11312,11312,1.3430672464078317e+17,synthetic_benign_v4.exe,6293c89ddab0a480ed4d4dc9ed35c6246a8c98e939fe11da215c796e84b4c45f,155423.0,7.0,0.0,0.0,0.0,1.0,0.0,0.0,1.0,0.0,1.0,0.0,1.0,1.0,1.0,1.0,1.0,1.0,1.0,1.0,1.0,1.0,117.35929691520509,29.80657210648758,907.1901382296736,1.5604514892117616,1.973593314324911,34.0,414.7788395135666,4.0,12.0,34.0,0.0,3.0,0.0,SyntheticBenignV4,0,train,1,7.0,synthetic_train_benign_v4_20261021_00008,1
synthetic_train_benign_v4_20261021_00050,benign,1,1785924796,9524,9524,1.3430398394430122e+17,synthetic_benign_v4.exe,fd499b950caa0c7689ab1a3860c994dc44e8cb97df8bdb54a1fd0a35effaeff1,111976.0,9.0,0.0,1.0,1.0,0.0,0.0,1.0,1.0,0.0,1.0,1.0,1.0,1.0,0.0,1.0,1.0,1.0,1.0,1.0,1.0,1.0,80.68705275828738,16.310863212961404,1326.7425347879166,5.225661141751009,0.3305888979573106,37.0,109.26137115374472,4.0,1025.0,19.0,0.0,1.0,0.0,SyntheticBenignV4,0,train,1,9.0,synthetic_train_benign_v4_20261021_00050,1
synthetic_train_benign_v4_20261021_00332,benign,1,1786198619,6516,6516,1.343067221675472e+17,synthetic_benign_v4.exe,fc77b75904056ace4ca7dab16c8906744fb760ba076ce275d9d636d4760f5584,2270.0,7.0,1.0,0.0,1.0,1.0,1.0,0.0,0.0,1.0,1.0,0.0,1.0,0.0,0.0,0.0,1.0,1.0,1.0,1.0,1.0,1.0,136.4025105959365,12.632014241514305,1095.2330196144935,2.902924255515953,4.48812653446584,47.0,11.304303732957393,32.0,348.0,9.0,0.0,3.0,0.0,SyntheticBenignV4,0,train,1,7.0,synthetic_train_benign_v4_20261021_00332,1
r_20260730_213552_00057,malware,1,1785436557,5316,5316,1.3429910153659229e+17,Babuk__eac5860c5ab21c42795c68268aebd7a1f6ad6e85b1067f2a0b1ae990949514b2.exe,eac5860c5ab21c42795c68268aebd7a1f6ad6e85b1067f2a0b1ae990949514b2,3653.0,8.0,1.0,0.0,1.0,0.0,1.0,1.0,1.0,0.0,1.0,1.0,1.0,0.0,0.0,0.0,1.0,1.0,1.0,0.0,0.0,0.0,107.5333,20.8667,76.8,0.0,0.0,4.0,398.288,22.0,586.0,10.0,0.0,2.0,0.0,Babuk,1,train,1,8.0,r_20260730_213552_00057,0
synthetic_train_benign_v4_20261021_00333,benign,1,1786198866,11312,11312,1.3430672464078317e+17,synthetic_benign_v4.exe,66d1512ca397424eed8f8c4fe55bc36f8f295d370afa629bf9c44a3c93fb7de6,121479.0,8.0,0.0,1.0,0.0,1.0,1.0,1.0,0.0,1.0,1.0,0.0,0.0,1.0,1.0,0.0,1.0,1.0,1.0,1.0,1.0,1.0,265.40227566186195,9.683612426351587,2259.4026356657,2.4631102369258535,4.318985360154231,83.0,12.463667019404813,48.0,1157.0,12.0,0.0,3.0,0.0,SyntheticBenignV4,0,train,1,8.0,synthetic_train_benign_v4_20261021_00333,1
synthetic_train_benign_v4_20261021_00360,benign,1,1786198671,6052,6052,1.3430672269555864e+17,synthetic_benign_v4.exe,29e74aef6c21613a334530f6977af727921f0d8c491c6b8523639af2f5ac9e5e,1443.0,8.0,0.0,1.0,1.0,0.0,0.0,1.0,0.0,0.0,1.0,1.0,1.0,1.0,0.0,1.0,1.0,1.0,1.0,1.0,1.0,1.0,184.38072678828496,3.082508407936357,725.3656432424813,2.7784641245045694,2.9409255245057127,6.0,497.78570426056183,4.0,424.0,3.0,0.0,3.0,0.0,SyntheticBenignV4,0,train,1,8.0,synthetic_train_benign_v4_20261021_00360,1
,benign,1,1786198972,5892,5892,1.3430672570323347e+17,python.exe,,2655.0,6.0,0.0,0.0,0.0,0.0,0.0,0.0,0.0,0.0,1.0,1.0,1.0,1.0,1.0,1.0,1.0,1.0,1.0,1.0,1.0,1.0,247.0333,30.0,2468.8,3.0026,3.5405,7.0,13.4196,4.0,900.0,3.0,0.0,3.0,0.0,python.exe,0,train,1,6.0,benign_missing_run_train_0038,0
synthetic_train_benign_v4_20261021_00009,benign,1,1786196998,11944,11944,1.3430670597531022e+17,synthetic_benign_v4.exe,178cd3e8b8a538dcdb57d5d626bcb030805ab5398077e5a353bf628f688ea0ce,1018.0,8.0,1.0,0.0,1.0,0.0,1.0,0.0,1.0,1.0,1.0,0.0,1.0,1.0,0.0,0.0,1.0,1.0,1.0,1.0,1.0,1.0,139.2590232585258,43.64281832965451,659.4484768267798,2.8031621024228475,2.6194371835746315,87.0,363.18746157753424,34.0,57.0,6.0,0.0,1.0,0.0,SyntheticBenignV4,0,train,1,8.0,synthetic_train_benign_v4_20261021_00009,1
r_20260801_001238_00093,malware,1,1785538777,6544,6544,1.3430012360390336e+17,Conti__8a193db0ff08237f63c036d422f52276a4e575476763dc391455ed5b12269c07.exe,8a193db0ff08237f63c036d422f52276a4e575476763dc391455ed5b12269c07,16825.0,7.0,1.0,0.0,0.0,0.0,1.0,0.0,0.0,0.0,0.0,1.0,1.0,1.0,1.0,1.0,0.0,1.0,1.0,1.0,1.0,1.0,221.1,5.6333,7.2333,2.7481,3.0993,4.0,14.4638,7.0,154.0,2.0,0.0,2.0,0.0,Conti,1,train,1,7.0,r_20260801_001238_00093,0
r_20260730_220149_00043,malware,1,1785434741,416,416,1.3429908331778282e+17,Babuk__3f9e050d060f2d89dfb871b83821ee1043407c047ea1dbb14262a1618a87e530.exe,3f9e050d060f2d89dfb871b83821ee1043407c047ea1dbb14262a1618a87e530,8425.0,8.0,1.0,0.0,1.0,0.0,1.0,1.0,1.0,0.0,1.0,1.0,1.0,0.0,0.0,0.0,1.0,1.0,1.0,0.0,0.0,0.0,199.5667,39.0667,254.6333,0.0,0.0,13.0,379.2335,62.0,753.0,57.0,0.0,3.0,0.0,Babuk,1,train,1,8.0,r_20260730_220149_00043,0
synthetic_train_benign_v4_20261021_00183,benign,1,1786198972,5892,5892,1.3430672570323347e+17,synthetic_benign_v4.exe,8a35b7347dc60a343d24f0bd6b2be5d6805649d484076eeff9bc8fb0b40f2f4e,2437.0,7.0,0.0,0.0,0.0,0.0,1.0,0.0,1.0,1.0,1.0,1.0,0.0,1.0,0.0,1.0,1.0,1.0,1.0,1.0,1.0,1.0,274.7378400557195,33.374791113376126,1242.114883187153,0.7276861875457298,2.988998246115369,46.0,28.588252677442902,4.0,1159.0,4.0,0.0,3.0,0.0,SyntheticBenignV4,0,train,1,7.0,synthetic_train_benign_v4_20261021_00183,1
synthetic_train_benign_v4_20261021_00091,benign,1,1786197197,9516,9516,1.3430670795883811e+17,synthetic_benign_v4.exe,58373423c521fbd3d1de67d5373a5f60210672e52fd73e015c457576b4b071bf,170424.0,8.0,0.0,0.0,1.0,0.0,1.0,0.0,0.0,1.0,1.0,1.0,1.0,0.0,1.0,1.0,1.0,1.0,1.0,1.0,1.0,1.0,127.2606177209175,16.5639675305267,852.5088057914124,1.310439049030247,3.8060925571014494,31.0,107.59550707343465,53.0,431.0,22.0,0.0,3.0,0.0,SyntheticBenignV4,0,train,1,8.0,synthetic_train_benign_v4_20261021_00091,1
synthetic_train_benign_v4_20261021_00325,benign,1,1786198866,11312,11312,1.3430672464078317e+17,synthetic_benign_v4.exe,4003116e6cbe062510d7db65bea4c6fe3ce5935e507b8a3bc95580203aa40022,143607.0,8.0,0.0,0.0,1.0,0.0,1.0,1.0,0.0,0.0,1.0,1.0,1.0,1.0,0.0,1.0,1.0,1.0,1.0,1.0,1.0,1.0,226.90369530231047,47.48900069536445,1532.6544046228507,1.2116567767243365,2.0157258058505088,54.0,524.0898756786418,4.0,613.0,8.0,0.0,3.0,0.0,SyntheticBenignV4,0,train,1,8.0,synthetic_train_benign_v4_20261021_00325,1
38f58a2536b5dc18753bc7325cec17be803eae613832d6e6e57b773fbb8a40ce,malware,1,1785669633,2164,2164,1.3430143043501682e+17,Trigona__38f58a2536b5dc18753b.exe,38f58a2536b5dc18753bc7325cec17be803eae613832d6e6e57b773fbb8a40ce,189286.0,8.0,1.0,0.0,0.0,0.0,0.0,1.0,0.0,0.0,1.0,1.0,1.0,1.0,1.0,1.0,0.0,1.0,1.0,1.0,1.0,1.0,58.0,10.4,33.2667,1.3474,2.7163,60.0,14.9336,11.0,138.0,92.0,0.0,3.0,0.0,Trigona,1,train,1,8.0,38f58a2536b5dc18753bc7325cec17be803eae613832d6e6e57b773fbb8a40ce,0
synthetic_train_benign_v4_20261021_00290,benign,1,1786198866,11312,11312,1.3430672464078317e+17,synthetic_benign_v4.exe,9bc3614f0b515a4e1be1e5b23de02bf5a76ce8d6ac4846059d29233d9bf2ef52,206382.0,6.0,1.0,0.0,0.0,0.0,0.0,1.0,1.0,0.0,1.0,1.0,0.0,0.0,1.0,0.0,1.0,1.0,1.0,1.0,1.0,1.0,155.29839370394913,28.968990122539108,1426.479782969762,2.5471431555227277,4.091343999057349,35.0,10.98970762591588,16.0,1182.0,118.0,0.0,3.0,0.0,SyntheticBenignV4,0,train,1,6.0,synthetic_train_benign_v4_20261021_00290,1
r_20260805_153704_00027,malware,1,1785926536,12132,12132,1.3430400122607424e+17,INC__d4919a7402d7ae02516589fbdfb3cc436749544052843a37b5d36ac4b7385b18.exe,d4919a7402d7ae02516589fbdfb3cc436749544052843a37b5d36ac4b7385b18,14125.0,6.0,1.0,0.0,0.0,0.0,0.0,0.0,0.0,0.0,1.0,1.0,1.0,1.0,1.0,0.0,1.0,1.0,1.0,1.0,1.0,0.0,173.4667,28.6333,30.7667,1.1404,1.9107,3.0,159.5846,5.0,843.0,2.0,0.0,0.0,0.0,INC,1,train,1,6.0,r_20260805_153704_00027,0
synthetic_train_benign_v4_20261021_00144,benign,1,1786198671,6052,6052,1.3430672269555864e+17,synthetic_benign_v4.exe,3f414be3a556a71dfecb921a256298a7c71c26c56f4457fe008d932566c0e4bb,1875.0,6.0,0.0,0.0,0.0,1.0,0.0,0.0,1.0,0.0,1.0,1.0,0.0,1.0,1.0,0.0,1.0,1.0,1.0,1.0,1.0,1.0,166.23887036948878,20.345115267063846,588.8396386298392,3.26862190034021,0.25531005244973537,21.0,17.868850331779132,38.0,936.0,96.0,0.0,3.0,0.0,SyntheticBenignV4,0,train,1,6.0,synthetic_train_benign_v4_20261021_00144,1
cf171b1cdce590f64c7d23c7900f7e0f66c42840c626115980df807d754552b5,malware,1,1785523195,8708,8708,1.34299967797848e+17,Conti__cf171b1cdce590f64c7d.exe,cf171b1cdce590f64c7d23c7900f7e0f66c42840c626115980df807d754552b5,10645.0,6.0,1.0,0.0,1.0,0.0,0.0,0.0,0.0,0.0,1.0,0.0,0.0,1.0,1.0,1.0,1.0,0.0,0.0,1.0,1.0,1.0,3.7333,0.2667,32.6,0.7458,3.6967,30.0,7.2763,11.0,1.0,8.0,0.0,2.0,0.0,Conti,1,train,1,6.0,cf171b1cdce590f64c7d23c7900f7e0f66c42840c626115980df807d754552b5,0
synthetic_train_benign_v4_20261021_00379,benign,1,1786198619,6516,6516,1.343067221675472e+17,synthetic_benign_v4.exe,74c469ced6adf1ca62a5e0a6b63440a9711950276d9df0a50d7a8a5f0d57387c,116991.0,9.0,1.0,0.0,0.0,1.0,1.0,1.0,0.0,0.0,1.0,1.0,1.0,0.0,1.0,1.0,1.0,1.0,1.0,1.0,1.0,1.0,206.78300195739004,30.345053703087057,2413.00969507474,2.31859251369714,1.469217042694055,90.0,11.929874829426813,58.0,671.0,4.0,0.0,3.0,0.0,SyntheticBenignV4,0,train,1,9.0,synthetic_train_benign_v4_20261021_00379,1
synthetic_train_benign_v4_20261021_00358,benign,1,1785924796,9524,9524,1.3430398394430122e+17,synthetic_benign_v4.exe,de5553217d175c1df3f7c83d3c3648c3c8888cd72b4f25ac2cebe76b3d1a3e6a,177127.0,11.0,1.0,1.0,0.0,1.0,1.0,0.0,1.0,1.0,1.0,0.0,1.0,1.0,1.0,1.0,1.0,1.0,1.0,1.0,1.0,1.0,120.66565407467473,10.09532146631418,431.3991612076888,6.858931424231728,7.132790852749562,7.0,34.25568234948552,37.0,278.0,3.0,0.0,1.0,0.0,SyntheticBenignV4,0,train,1,11.0,synthetic_train_benign_v4_20261021_00358,1
r_20260801_001458_00061,malware,1,1785534136,3708,3708,1.3430007731829571e+17,Medusa__860154eb48c722136e8c84b14a528be602aa6bc3de77523ea4d9490f280f69d7.exe,860154eb48c722136e8c84b14a528be602aa6bc3de77523ea4d9490f280f69d7,3358.0,6.0,1.0,0.0,1.0,0.0,1.0,1.0,0.0,0.0,0.0,1.0,0.0,0.0,1.0,0.0,0.0,1.0,0.0,0.0,1.0,0.0,168.9333,2.2667,10.0,3.4805,3.4805,1.0,440.1181,13.0,45.0,9.0,0.0,3.0,0.0,Medusa,1,train,1,6.0,r_20260801_001458_00061,0
c21957d0f5db8f0afb50271edf50b7360b6c95c3712836b0b272992a0b975583,malware,1,1785681569,6264,6264,1.343015496862811e+17,Trigona__c21957d0f5db8f0afb50.exe,c21957d0f5db8f0afb50271edf50b7360b6c95c3712836b0b272992a0b975583,200546.0,8.0,1.0,0.0,0.0,0.0,0.0,1.0,0.0,0.0,1.0,1.0,1.0,1.0,1.0,1.0,0.0,1.0,1.0,1.0,1.0,1.0,71.6,13.0333,39.8,1.3404,3.8727,109.0,31.1053,12.0,159.0,136.0,0.0,3.0,0.0,Trigona,1,train,1,8.0,c21957d0f5db8f0afb50271edf50b7360b6c95c3712836b0b272992a0b975583,0
synthetic_train_benign_v4_20261021_00135,benign,1,1786198497,11608,11608,1.3430672095426877e+17,synthetic_benign_v4.exe,aaed7cb946f0f505aeec938f3402aaba8bbc1a9d69a8997cf0f6530fb3ca5029,150196.0,7.0,0.0,1.0,0.0,1.0,1.0,0.0,0.0,0.0,0.0,0.0,1.0,1.0,1.0,1.0,1.0,1.0,1.0,1.0,1.0,1.0,203.0422171174873,7.095180815865578,705.8231646658029,2.8816408629147783,3.1579819975226786,69.0,17.272012856134452,45.0,783.0,48.0,0.0,3.0,0.0,SyntheticBenignV4,0,train,1,7.0,synthetic_train_benign_v4_20261021_00135,1
synthetic_train_benign_v4_20261021_00015,benign,1,1785924796,9524,9524,1.3430398394430122e+17,synthetic_benign_v4.exe,fb69b98ed5bbd181823fd955e31c3662a6830c3df3a15ccf1fc1e28dfb8c9fbf,38133.0,10.0,1.0,1.0,1.0,0.0,1.0,0.0,1.0,1.0,1.0,1.0,1.0,0.0,1.0,0.0,1.0,1.0,1.0,1.0,1.0,1.0,120.95315389822804,17.866754102378845,274.45874319316374,8.061816063511452,7.893687727402598,4.0,26.178645263138804,28.0,621.0,141.0,0.0,1.0,0.0,SyntheticBenignV4,0,train,1,10.0,synthetic_train_benign_v4_20261021_00015,1
r_20260801_001458_00181,malware,1,1785564884,2732,2732,1.3430038466827776e+17,Sodinokibi__0a471df64b677fd6608c72626444d22381f7fc20ea0165cc5b88fdad0402d32f.exe,0a471df64b677fd6608c72626444d22381f7fc20ea0165cc5b88fdad0402d32f,14057.0,6.0,1.0,1.0,0.0,0.0,0.0,0.0,0.0,0.0,0.0,0.0,1.0,1.0,1.0,1.0,0.0,0.0,1.0,1.0,1.0,1.0,16.6667,5.3667,6.7333,3.0209,3.2822,4.0,20.0656,6.0,143.0,5.0,0.0,2.0,0.0,Sodinokibi,1,train,1,6.0,r_20260801_001458_00181,0
repo_rotation_v2_010,benign,1,1786198972,5892,5892,1.3430672570323347e+17,python.exe,,2655.0,6.0,0.0,0.0,0.0,0.0,0.0,0.0,0.0,0.0,1.0,1.0,1.0,1.0,1.0,1.0,1.0,1.0,1.0,1.0,1.0,1.0,247.0333,30.0,2468.8,3.0026,3.5405,7.0,13.4196,4.0,900.0,3.0,0.0,3.0,0.0,python.exe,0,train,1,6.0,benign_run_repo_rotation_v2_010,0
a864282fea5a536510ae86c77ce46f7827687783628e4f2ceb5bf2c41b8cd3c6,malware,1,1785641341,3496,3496,1.343011486900666e+17,Rhysida__a864282fea5a536510ae.exe,a864282fea5a536510ae86c77ce46f7827687783628e4f2ceb5bf2c41b8cd3c6,70503.0,6.0,1.0,0.0,1.0,0.0,1.0,0.0,0.0,0.0,1.0,1.0,1.0,0.0,0.0,0.0,0.0,1.0,1.0,0.0,0.0,0.0,31.8333,5.7,1760.1667,0.0,0.0,21.0,167.1458,16.0,78.0,50.0,0.0,3.0,0.0,Rhysida,1,train,1,6.0,a864282fea5a536510ae86c77ce46f7827687783628e4f2ceb5bf2c41b8cd3c6,0
1b109db549dd0bf64cadafec575b5895690760c7180a4edbf0c5296766162f18,malware,1,1785819066,6964,6964,1.3430292662904512e+17,LockBit__1b109db549dd0bf64cad.exe,1b109db549dd0bf64cadafec575b5895690760c7180a4edbf0c5296766162f18,3127.0,6.0,1.0,0.0,1.0,0.0,1.0,1.0,1.0,1.0,0.0,0.0,0.0,0.0,0.0,0.0,0.0,0.0,0.0,0.0,0.0,0.0,0.4667,0.0667,17.9333,,0.0,0.0,,4.0,1.0,1.0,0.0,2.0,0.0,LockBit,1,train,1,6.0,1b109db549dd0bf64cadafec575b5895690760c7180a4edbf0c5296766162f18,0
r_20260801_001458_00195,malware,1,1785568486,6720,6720,1.3430042070476029e+17,Sodinokibi__368dfd0ce07c2010b0bcfc05b60c653d285b9b201c0da60c3be6f6110a89140d.exe,368dfd0ce07c2010b0bcfc05b60c653d285b9b201c0da60c3be6f6110a89140d,15933.0,6.0,1.0,0.0,0.0,0.0,0.0,0.0,0.0,1.0,0.0,0.0,1.0,1.0,1.0,1.0,0.0,0.0,1.0,1.0,1.0,1.0,16.4667,5.3,6.7333,2.8171,3.2809,2.0,26.541,6.0,141.0,4.0,0.0,2.0,0.0,Sodinokibi,1,train,1,6.0,r_20260801_001458_00195,0
synthetic_train_benign_v4_20261021_00052,benign,1,1786198723,236,236,1.3430672321755165e+17,synthetic_benign_v4.exe,6877bf395492f50bf321288d405d1745adccbd1a5c3a05e421351524a1ab9f75,176786.0,6.0,0.0,1.0,1.0,0.0,1.0,1.0,0.0,0.0,0.0,0.0,1.0,0.0,1.0,0.0,1.0,1.0,1.0,1.0,1.0,1.0,58.455560700593864,23.440922924501166,1092.2489122088236,2.731600782832203,0.9974107721009803,52.0,14.9878997820962,40.0,696.0,109.0,0.0,3.0,0.0,SyntheticBenignV4,0,train,1,6.0,synthetic_train_benign_v4_20261021_00052,1
r_20260730_213552_00026,malware,1,1785429117,8684,8684,1.3429902714989914e+17,Babuk__097643488f2b6bf865077ca1f6ec44cb8445f495f420e84091dfb52a7161b344.exe,097643488f2b6bf865077ca1f6ec44cb8445f495f420e84091dfb52a7161b344,2208.0,8.0,1.0,0.0,1.0,0.0,1.0,1.0,1.0,0.0,1.0,1.0,1.0,0.0,0.0,0.0,1.0,1.0,1.0,0.0,0.0,0.0,88.3,17.1667,65.0333,0.0,0.0,1.0,691.546,12.0,488.0,7.0,0.0,1.0,0.0,Babuk,1,train,1,8.0,r_20260730_213552_00026,0
r_20260730_220149_00059,malware,1,1785438580,6796,6796,1.342991217628094e+17,Babuk__f65288e2eb38ab1516e0cff944954e991aef1c6d180b1a2b445a32ac170fb547.exe,f65288e2eb38ab1516e0cff944954e991aef1c6d180b1a2b445a32ac170fb547,4163.0,8.0,1.0,0.0,1.0,0.0,1.0,1.0,1.0,0.0,1.0,1.0,1.0,0.0,0.0,0.0,1.0,1.0,1.0,0.0,0.0,0.0,152.7667,29.7,108.7667,0.0,0.0,3.0,492.3844,35.0,780.0,25.0,0.0,2.0,0.0,Babuk,1,train,1,8.0,r_20260730_220149_00059,0
synthetic_train_benign_v4_20261021_00251,benign,1,1786198619,6516,6516,1.343067221675472e+17,synthetic_benign_v4.exe,a23112256becac5e989133cdeba9a102c41068dd15212c15c5c8b4ef10812874,62920.0,7.0,0.0,0.0,0.0,0.0,1.0,0.0,0.0,1.0,1.0,1.0,1.0,1.0,1.0,0.0,1.0,1.0,1.0,1.0,1.0,1.0,270.55515333708837,36.32107230300097,351.82066303652823,2.600523414175391,1.4349171409592203,100.0,14.881149884022165,24.0,732.0,11.0,0.0,3.0,0.0,SyntheticBenignV4,0,train,1,7.0,synthetic_train_benign_v4_20261021_00251,1
synthetic_train_benign_v4_20261021_00254,benign,1,1786198619,6516,6516,1.343067221675472e+17,synthetic_benign_v4.exe,1bca46fc9adf0d44c868a551184b19c5162eb583324ac61105b40d36f13d51d8,162704.0,7.0,0.0,0.0,0.0,1.0,0.0,1.0,1.0,0.0,0.0,1.0,1.0,0.0,1.0,1.0,1.0,1.0,1.0,1.0,1.0,1.0,191.1224564289382,21.55120829154964,680.0729695935581,3.0494756407653405,2.9236035268063554,80.0,14.94076811165948,3.0,927.0,10.0,0.0,3.0,0.0,SyntheticBenignV4,0,train,1,7.0,synthetic_train_benign_v4_20261021_00254,1
synthetic_train_benign_v4_20261021_00245,benign,1,1786198866,11312,11312,1.3430672464078317e+17,synthetic_benign_v4.exe,e15dcb223d44b37ba077e158900b016b02f3fb715d62ae1f6be06ec1c0b8bc9c,1463.0,7.0,0.0,0.0,0.0,1.0,1.0,1.0,1.0,0.0,1.0,0.0,0.0,1.0,1.0,0.0,1.0,1.0,1.0,1.0,1.0,1.0,150.47221492288674,17.15308218729853,1431.8978513179852,4.059091438247318,3.385858579349373,35.0,430.5616391881274,64.0,404.0,45.0,0.0,3.0,0.0,SyntheticBenignV4,0,train,1,7.0,synthetic_train_benign_v4_20261021_00245,1
synthetic_train_benign_v4_20261021_00263,benign,1,1786198723,236,236,1.3430672321755165e+17,synthetic_benign_v4.exe,b485c8a281ef850fcccfcdfb10fe78476b2660cb1637ae554bb657d19359dbe4,140882.0,10.0,1.0,1.0,0.0,0.0,1.0,1.0,1.0,0.0,1.0,1.0,1.0,0.0,1.0,1.0,1.0,1.0,1.0,1.0,1.0,1.0,197.29181844653925,32.48278882104899,448.41701436444083,2.3667350704963512,0.2342567099667292,32.0,51.286394410659994,4.0,707.0,10.0,0.0,3.0,0.0,SyntheticBenignV4,0,train,1,10.0,synthetic_train_benign_v4_20261021_00263,1
benign_f9f14_009,benign,1,1786197347,1212,1212,1.343067094631076e+17,python.exe,,928.0,6.0,0.0,0.0,0.0,0.0,0.0,0.0,0.0,0.0,1.0,1.0,1.0,1.0,1.0,1.0,1.0,1.0,1.0,1.0,1.0,1.0,96.4,11.6667,596.6333,2.9973,3.3444,10.0,18.223,4.0,350.0,4.0,0.0,3.0,0.0,python.exe,0,train,1,6.0,benign_run_benign_f9f14_009,0
6215959d557419327df550b6d5bc3d41980c3039414f23f2e58de47adee10846,malware,1,1785678061,8820,8820,1.343015144623774e+17,Trigona__6215959d557419327df5.exe,6215959d557419327df550b6d5bc3d41980c3039414f23f2e58de47adee10846,214745.0,8.0,1.0,0.0,0.0,0.0,0.0,1.0,0.0,0.0,1.0,1.0,1.0,1.0,1.0,1.0,0.0,1.0,1.0,1.0,1.0,1.0,87.1333,15.5667,46.5333,1.4789,3.9185,91.0,36.8062,15.0,227.0,142.0,0.0,3.0,0.0,Trigona,1,train,1,8.0,6215959d557419327df550b6d5bc3d41980c3039414f23f2e58de47adee10846,0
synthetic_train_benign_v4_20261021_00081,benign,1,1786198619,6516,6516,1.343067221675472e+17,synthetic_benign_v4.exe,642b65380f6194c26e8bc8a12657f08c1909cf2571f3d2e6c4d352534beff3a9,10525.0,8.0,1.0,1.0,0.0,0.0,0.0,1.0,1.0,0.0,1.0,1.0,0.0,0.0,1.0,1.0,1.0,1.0,1.0,1.0,1.0,1.0,9.01110530231085,2.4063722161487084,1503.5595659606004,2.8417471576133946,3.23871873382828,30.0,16.432732445047055,63.0,1093.0,51.0,0.0,3.0,0.0,SyntheticBenignV4,0,train,1,8.0,synthetic_train_benign_v4_20261021_00081,1
synthetic_train_benign_v4_20261021_00304,benign,1,1785924796,9524,9524,1.3430398394430122e+17,synthetic_benign_v4.exe,339072e971673b4c0a88125e7d8c38f0d508e50f65d3b4ddb54d5d082cf3c2ff,1140.0,8.0,1.0,1.0,0.0,0.0,1.0,0.0,0.0,0.0,1.0,1.0,1.0,1.0,0.0,1.0,1.0,1.0,1.0,1.0,1.0,1.0,213.16240571570725,7.974443825213231,372.3178669543266,4.5532436448157005,0.8317582536533763,1.0,10.57398685781929,26.0,628.0,1.0,0.0,1.0,0.0,SyntheticBenignV4,0,train,1,8.0,synthetic_train_benign_v4_20261021_00304,1
8c6c21855aff960c7f445472342e768144f5838c246847ab5afb806841590745,malware,1,1785667134,1332,1332,1.3430140523222384e+17,Trigona__8c6c21855aff960c7f44.exe,8c6c21855aff960c7f445472342e768144f5838c246847ab5afb806841590745,211311.0,7.0,1.0,0.0,0.0,0.0,0.0,1.0,0.0,0.0,1.0,1.0,1.0,1.0,1.0,0.0,0.0,1.0,1.0,1.0,1.0,0.0,46.1,8.3,25.0667,1.3563,3.9829,29.0,236.2856,12.0,118.0,46.0,0.0,3.0,0.0,Trigona,1,train,1,7.0,8c6c21855aff960c7f445472342e768144f5838c246847ab5afb806841590745,0
r_20260802_053346_00005,malware,1,1785625733,11460,11460,1.3430099328330688e+17,Medusa__49c9b3ddbce1f77a7f01a660c56f48c0d733a7e807f95caca2dee12a204974ef.exe,49c9b3ddbce1f77a7f01a660c56f48c0d733a7e807f95caca2dee12a204974ef,5536.0,6.0,1.0,0.0,0.0,0.0,0.0,1.0,1.0,0.0,1.0,1.0,1.0,0.0,0.0,0.0,1.0,1.0,1.0,0.0,0.0,0.0,22.5,5.8667,48.6,0.0,0.0,2.0,550.5815,8.0,133.0,4.0,0.0,1.0,0.0,Medusa,1,train,1,6.0,r_20260802_053346_00005,0
,benign,1,1786197146,10672,10672,1.34306707449994e+17,python.exe,,1373.0,6.0,0.0,0.0,0.0,0.0,0.0,0.0,0.0,0.0,1.0,1.0,1.0,1.0,1.0,1.0,1.0,1.0,1.0,1.0,1.0,1.0,135.1667,16.6667,824.2333,3.2251,3.3496,35.0,7.354,4.0,500.0,12.0,0.0,3.0,0.0,python.exe,0,train,1,6.0,benign_missing_run_train_0020,0
8e974a3be94b7748f7971f278160a74d738d5cab2c3088b1492cfbbd05e83e22,malware,1,1785918994,4180,4180,1.3430392586153944e+17,Targeted__8e974a3be9.exe,8e974a3be94b7748f7971f278160a74d738d5cab2c3088b1492cfbbd05e83e22,5736.0,6.0,1.0,0.0,1.0,0.0,1.0,1.0,1.0,0.0,1.0,0.0,0.0,0.0,0.0,0.0,1.0,0.0,0.0,0.0,0.0,0.0,1.4667,0.0,49.1,0.0709,0.0,0.0,443.3163,3.0,0.0,0.0,0.0,0.0,0.0,Targeted,1,train,1,6.0,8e974a3be94b7748f7971f278160a74d738d5cab2c3088b1492cfbbd05e83e22,0
synthetic_train_benign_v4_20261021_00258,benign,1,1786196998,11944,11944,1.3430670597531022e+17,synthetic_benign_v4.exe,7364bde689acb560abfbad99120bbd3b98d2d146cfbd7a696f9e8c25c8ee4d69,18769.0,10.0,1.0,0.0,0.0,1.0,0.0,1.0,1.0,1.0,1.0,1.0,1.0,0.0,1.0,1.0,1.0,1.0,1.0,1.0,1.0,1.0,84.79631169112635,12.45923736271189,759.0208299723663,2.8517646762125497,0.8756260667436541,99.0,463.87633209751,9.0,340.0,128.0,0.0,1.0,0.0,SyntheticBenignV4,0,train,1,10.0,synthetic_train_benign_v4_20261021_00258,1
synthetic_train_benign_v4_20261021_00082,benign,1,1786198671,6052,6052,1.3430672269555864e+17,synthetic_benign_v4.exe,927595ae66b8bc7d32688317f78a9dba67d53ebb83d29ddf949999a7d9e2d68b,1755.0,6.0,0.0,0.0,0.0,1.0,0.0,1.0,0.0,0.0,1.0,1.0,1.0,1.0,0.0,0.0,1.0,1.0,1.0,1.0,1.0,1.0,134.61021950433351,13.880163983141246,1072.4053635802586,0.8689391838219342,3.360932451388954,27.0,9.617790206845726,38.0,346.0,11.0,0.0,3.0,0.0,SyntheticBenignV4,0,train,1,6.0,synthetic_train_benign_v4_20261021_00082,1
synthetic_train_benign_v4_20261021_00159,benign,1,1786196998,11944,11944,1.3430670597531022e+17,synthetic_benign_v4.exe,ae41a47beabefc84ca9513b308bcbdf858b6bd4b756935338772bd240f8f1df3,43374.0,6.0,0.0,0.0,0.0,0.0,0.0,1.0,0.0,1.0,1.0,1.0,0.0,1.0,1.0,0.0,1.0,1.0,1.0,1.0,1.0,1.0,302.0973510418798,5.911216376671137,1022.2172579963066,2.6481846005139795,2.200036173030003,10.0,6.972668764884421,4.0,337.0,4.0,0.0,1.0,0.0,SyntheticBenignV4,0,train,1,6.0,synthetic_train_benign_v4_20261021_00159,1
synthetic_train_benign_v4_20261021_00329,benign,1,1786198972,5892,5892,1.3430672570323347e+17,synthetic_benign_v4.exe,9ee31addf6ba2321a6e9a06b4b6137ffe92fe99f0b0101e708e14aed72a6713c,2047.0,9.0,1.0,0.0,0.0,0.0,0.0,1.0,1.0,1.0,0.0,1.0,1.0,1.0,1.0,1.0,1.0,1.0,1.0,1.0,1.0,1.0,26.131890360924622,47.794497513984524,2316.069763678138,2.8747676151832113,2.8716611553537237,3.0,12.724165662375567,18.0,306.0,9.0,0.0,3.0,0.0,SyntheticBenignV4,0,train,1,9.0,synthetic_train_benign_v4_20261021_00329,1
synthetic_train_benign_v4_20261021_00242,benign,1,1786198554,2416,2416,1.343067215322543e+17,synthetic_benign_v4.exe,94e2190571ca9daa5882c11aef0dc1a9bbfc83178af3c359e73d1e426771b933,215521.0,7.0,1.0,0.0,1.0,1.0,0.0,1.0,1.0,0.0,1.0,1.0,0.0,0.0,0.0,0.0,1.0,1.0,1.0,1.0,1.0,1.0,105.43613843506246,34.993705202911265,674.1698472937844,1.3062203957866778,2.766518949594174,20.0,402.4805068197469,4.0,629.0,9.0,0.0,3.0,0.0,SyntheticBenignV4,0,train,1,7.0,synthetic_train_benign_v4_20261021_00242,1
b24680596a9a113f95535f526930b5415382c102cd5753d7392e780cdea0ed63,malware,1,1785827336,7576,7576,1.3430300743084912e+17,Fog__b24680596a9a113f9553.exe,b24680596a9a113f95535f526930b5415382c102cd5753d7392e780cdea0ed63,186681.0,6.0,1.0,0.0,0.0,0.0,1.0,1.0,0.0,0.0,1.0,1.0,1.0,0.0,0.0,0.0,0.0,1.0,1.0,0.0,0.0,0.0,22.9333,5.0333,147.7667,0.0,0.0,2.0,550.4939,8.0,145.0,35.0,0.0,2.0,0.0,Fog,1,train,1,6.0,b24680596a9a113f95535f526930b5415382c102cd5753d7392e780cdea0ed63,0
synthetic_train_benign_v4_20261021_00131,benign,1,1786198554,2416,2416,1.343067215322543e+17,synthetic_benign_v4.exe,68d840cf95d2828d2f7c3ad44165c00a340f8d7142eab4b67ea750eec5f3bf8d,196978.0,10.0,1.0,1.0,1.0,0.0,1.0,1.0,0.0,1.0,1.0,1.0,1.0,0.0,0.0,1.0,1.0,1.0,1.0,1.0,1.0,1.0,13.005229223572135,45.38859198253409,955.6551048882255,3.0217628135314163,2.233459920062204,27.0,184.86398562260774,47.0,496.0,8.0,0.0,3.0,0.0,SyntheticBenignV4,0,train,1,10.0,synthetic_train_benign_v4_20261021_00131,1
r_20260801_001458_00215,malware,1,1785573712,11048,11048,1.3430047308420438e+17,Sodinokibi__7c7ad08931468eecb7a250a9108936976ce8b2eaae9489cf2a802580851b9f32.exe,7c7ad08931468eecb7a250a9108936976ce8b2eaae9489cf2a802580851b9f32,3517.0,6.0,1.0,0.0,0.0,0.0,0.0,1.0,1.0,0.0,0.0,0.0,0.0,1.0,1.0,1.0,0.0,0.0,0.0,1.0,1.0,1.0,1.8667,0.4333,2.1,2.8141,3.2826,2.0,52.3506,6.0,4.0,5.0,0.0,2.0,0.0,Sodinokibi,1,train,1,6.0,r_20260801_001458_00215,0
r_20260730_220149_00054,malware,1,1785437415,11868,11868,1.342991101182488e+17,Babuk__cb681d4238b70e7b65373eb58fbbb1e3127bb13b87391659a032693dffabfbc3.exe,cb681d4238b70e7b65373eb58fbbb1e3127bb13b87391659a032693dffabfbc3,3077.0,8.0,1.0,0.0,1.0,0.0,1.0,1.0,1.0,0.0,1.0,1.0,1.0,0.0,0.0,0.0,1.0,1.0,1.0,0.0,0.0,0.0,99.9667,19.4667,75.1333,0.0,0.0,2.0,550.5815,35.0,473.0,26.0,0.0,3.0,0.0,Babuk,1,train,1,8.0,r_20260730_220149_00054,0
synthetic_train_benign_v4_20261021_00107,benign,1,1786197197,9516,9516,1.3430670795883811e+17,synthetic_benign_v4.exe,93bbb33c8b19c7e9645cd6396ed576e04dc00346044269ff74edfa20505b9e07,2375.0,10.0,1.0,1.0,0.0,1.0,0.0,0.0,1.0,1.0,1.0,0.0,1.0,1.0,1.0,1.0,1.0,1.0,1.0,1.0,1.0,1.0,137.04219625020522,48.25152485021978,944.6117223273535,2.1405467319130405,3.122403350888753,100.0,18.81695704692369,35.0,1157.0,25.0,0.0,3.0,0.0,SyntheticBenignV4,0,train,1,10.0,synthetic_train_benign_v4_20261021_00107,1
synthetic_train_benign_v4_20261021_00368,benign,1,1786198972,5892,5892,1.3430672570323347e+17,synthetic_benign_v4.exe,d86b3537e643dba4d4bfdaf1f73a87531f0be919e38336951ffd3155234e2b5f,2886.0,9.0,0.0,1.0,0.0,1.0,0.0,1.0,0.0,0.0,1.0,1.0,1.0,1.0,1.0,1.0,1.0,1.0,1.0,1.0,1.0,1.0,176.2462962596831,21.093610320051926,2091.187981742532,0.45395327307728384,5.027495337602928,5.0,454.54377641552264,48.0,242.0,141.0,0.0,3.0,0.0,SyntheticBenignV4,0,train,1,9.0,synthetic_train_benign_v4_20261021_00368,1
r_20260805_204121_00012,malware,1,1785940194,10588,10588,1.3430413777621174e+17,INC__36e3c83e50a19ad1048dab7814f3922631990578aab0790401bc67dbcc90a72e.exe,36e3c83e50a19ad1048dab7814f3922631990578aab0790401bc67dbcc90a72e,11676.0,8.0,1.0,0.0,0.0,0.0,1.0,1.0,0.0,0.0,0.0,1.0,1.0,1.0,1.0,1.0,0.0,1.0,1.0,1.0,1.0,1.0,92.4333,10.9,19.1667,1.7847,3.2618,10.0,17.0463,6.0,305.0,8.0,0.0,1.0,0.0,INC,1,train,1,8.0,r_20260805_204121_00012,0
synthetic_train_benign_v4_20261021_00172,benign,1,1786198819,2828,2828,1.3430672417126842e+17,synthetic_benign_v4.exe,f513d4b470513209ab53e581526073dba93e86a12ed68e23603c0d55b4720e2c,2230.0,7.0,1.0,0.0,1.0,0.0,0.0,1.0,1.0,0.0,1.0,0.0,0.0,0.0,1.0,1.0,1.0,1.0,1.0,1.0,1.0,1.0,108.86817785624955,17.06583974959889,1010.6467236610792,1.4944641241453196,3.6476100660392685,26.0,10.260879098489252,11.0,771.0,10.0,0.0,3.0,0.0,SyntheticBenignV4,0,train,1,7.0,synthetic_train_benign_v4_20261021_00172,1
synthetic_train_benign_v4_20261021_00321,benign,1,1785924796,9524,9524,1.3430398394430122e+17,synthetic_benign_v4.exe,c10df03cbbf22f641c8ab9ff821106549534e305d3d594174e5b47c92fa5f62d,1929.0,8.0,1.0,1.0,0.0,0.0,1.0,0.0,1.0,0.0,0.0,1.0,0.0,1.0,1.0,1.0,1.0,1.0,1.0,1.0,1.0,1.0,69.97637330502924,10.058617351211995,1008.9577691095215,0.25172431807049805,1.7477935474584698,3.0,440.33402405655534,51.0,343.0,82.0,0.0,1.0,0.0,SyntheticBenignV4,0,train,1,8.0,synthetic_train_benign_v4_20261021_00321,1
synthetic_train_benign_v4_20261021_00138,benign,1,1786198723,236,236,1.3430672321755165e+17,synthetic_benign_v4.exe,0beb1da4842c768ea8d26d7db007f247f091f765293ec5ec044dbda3e7ac7e67,1842.0,7.0,1.0,0.0,0.0,0.0,0.0,1.0,0.0,1.0,1.0,1.0,0.0,0.0,1.0,1.0,1.0,1.0,1.0,1.0,1.0,1.0,89.9238365914645,15.33320562982556,949.4590893944869,3.078337000169834,2.3092564999623937,104.0,86.4387720160087,4.0,662.0,7.0,0.0,3.0,0.0,SyntheticBenignV4,0,train,1,7.0,synthetic_train_benign_v4_20261021_00138,1
r_20260805_153704_00020,malware,1,1785924621,3524,3524,1.3430398207908856e+17,INC__571f5de9dd0d509ed7e5242b9b7473c2b2cbb36ba64d38b32122a0a337d6cf8b.exe,571f5de9dd0d509ed7e5242b9b7473c2b2cbb36ba64d38b32122a0a337d6cf8b,13587.0,6.0,1.0,0.0,0.0,0.0,0.0,0.0,0.0,0.0,1.0,1.0,1.0,0.0,1.0,1.0,1.0,1.0,1.0,0.0,1.0,1.0,224.4667,27.8333,30.1667,1.7602,1.7602,1.0,41.1098,5.0,819.0,2.0,0.0,0.0,0.0,INC,1,train,1,6.0,r_20260805_153704_00020,0
3186229b4bd8a584161648ed352f40477e0fc229af97c16c19b01399568b385f,malware,1,1785676805,7740,7740,1.3430150190509651e+17,Trigona__3186229b4bd8a5841616.exe,3186229b4bd8a584161648ed352f40477e0fc229af97c16c19b01399568b385f,213854.0,6.0,1.0,0.0,0.0,0.0,0.0,1.0,0.0,0.0,1.0,1.0,1.0,0.0,1.0,0.0,0.0,1.0,1.0,0.0,1.0,0.0,51.4,9.9333,52.8667,1.5426,4.0566,157.0,178.9393,19.0,44.0,177.0,0.0,3.0,0.0,Trigona,1,train,1,6.0,3186229b4bd8a584161648ed352f40477e0fc229af97c16c19b01399568b385f,0
synthetic_train_benign_v4_20261021_00090,benign,1,1786198497,11608,11608,1.3430672095426877e+17,synthetic_benign_v4.exe,0c741cfebbd39c7f2fc39c902e19f6237da7aedcc01a0b8f3a91fd155e7f041a,1873.0,7.0,1.0,0.0,0.0,1.0,0.0,0.0,1.0,0.0,0.0,1.0,1.0,0.0,1.0,1.0,1.0,1.0,1.0,1.0,1.0,1.0,219.6373805272783,11.545352937758365,190.02855310444966,2.7323053545319067,3.3761470687304267,14.0,464.411051932245,5.0,929.0,81.0,0.0,3.0,0.0,SyntheticBenignV4,0,train,1,7.0,synthetic_train_benign_v4_20261021_00090,1
synthetic_train_benign_v4_20261021_00114,benign,1,1785924796,9524,9524,1.3430398394430122e+17,synthetic_benign_v4.exe,80ba2aab9808502ddabea1946070e75128bd6c7cfd7fd94b58e969c61ea15bd2,197975.0,6.0,0.0,0.0,1.0,0.0,1.0,0.0,0.0,1.0,0.0,0.0,1.0,1.0,1.0,0.0,1.0,1.0,1.0,1.0,1.0,1.0,58.04616822041567,29.474444705175273,288.06384324292446,3.5181161969119428,4.7052622418183185,101.0,9.281724753394148,10.0,222.0,4.0,0.0,1.0,0.0,SyntheticBenignV4,0,train,1,6.0,synthetic_train_benign_v4_20261021_00114,1
d168daab4fd03702fcb60af9b380ee785245577e6ad880fa4f117f8559dee596,malware,1,1785682364,2772,2772,1.3430155760946208e+17,Trigona__d168daab4fd03702fcb6.exe,d168daab4fd03702fcb60af9b380ee785245577e6ad880fa4f117f8559dee596,203016.0,6.0,1.0,0.0,0.0,0.0,0.0,1.0,0.0,0.0,1.0,1.0,1.0,0.0,1.0,0.0,0.0,1.0,1.0,0.0,1.0,0.0,35.5,6.4333,18.6,1.2911,3.8481,15.0,221.1323,12.0,89.0,28.0,0.0,3.0,0.0,Trigona,1,train,1,6.0,d168daab4fd03702fcb60af9b380ee785245577e6ad880fa4f117f8559dee596,0
r_20260730_152625_00003,malware,1,1785400606,10420,10420,1.3429874203194368e+17,Babuk__020417c0f9f086b2f712490812362efe7f4459200a8203c95e37ba4613e5bd03.exe,020417c0f9f086b2f712490812362efe7f4459200a8203c95e37ba4613e5bd03,2894.0,8.0,1.0,0.0,1.0,0.0,1.0,1.0,1.0,0.0,1.0,1.0,1.0,0.0,0.0,0.0,1.0,1.0,1.0,0.0,0.0,0.0,140.1,27.1667,134.4333,0.0,0.0,0.0,550.5815,58.0,538.0,42.0,0.0,3.0,0.0,Babuk,1,train,1,8.0,r_20260730_152625_00003,0
r_20260730_220149_00032,malware,1,1785432010,1248,1248,1.3429905605743005e+17,Babuk__27fb5458adf29cf8593f93520047759045674362a98fd302e437d981fa46c4ca.exe,27fb5458adf29cf8593f93520047759045674362a98fd302e437d981fa46c4ca,3865.0,8.0,1.0,0.0,1.0,0.0,1.0,1.0,1.0,0.0,1.0,1.0,1.0,0.0,0.0,0.0,1.0,1.0,1.0,0.0,0.0,0.0,122.5333,23.8667,117.1,0.0,0.0,4.0,410.7455,24.0,670.0,10.0,0.0,3.0,0.0,Babuk,1,train,1,8.0,r_20260730_220149_00032,0
synthetic_train_benign_v4_20261021_00229,benign,1,1786197146,10672,10672,1.34306707449994e+17,synthetic_benign_v4.exe,73c223468d6fcd90cc39369ebe07937978698b4fc8f5ed01887e69a1449b6857,128917.0,7.0,0.0,0.0,1.0,0.0,0.0,0.0,1.0,0.0,1.0,1.0,1.0,1.0,0.0,1.0,1.0,1.0,1.0,1.0,1.0,1.0,65.55136967412676,14.74237140165291,912.1200554863514,1.3068245794972022,3.3914093116782076,1.0,156.64295160166162,4.0,433.0,71.0,0.0,3.0,0.0,SyntheticBenignV4,0,train,1,7.0,synthetic_train_benign_v4_20261021_00229,1
synthetic_train_benign_v4_20261021_00019,benign,1,1786198866,11312,11312,1.3430672464078317e+17,synthetic_benign_v4.exe,9215d5e345404e9d2020bdf5d2e02fd10f67b951cca12a73da22b3ec9a9e5898,1925.0,10.0,0.0,0.0,1.0,0.0,1.0,0.0,1.0,1.0,1.0,1.0,1.0,1.0,1.0,1.0,1.0,1.0,1.0,1.0,1.0,1.0,139.26289908500112,19.981800130411212,1328.17523444516,0.11927708989223251,2.2405190929096532,96.0,380.014379722986,4.0,782.0,9.0,0.0,3.0,0.0,SyntheticBenignV4,0,train,1,10.0,synthetic_train_benign_v4_20261021_00019,1
synthetic_train_benign_v4_20261021_00037,benign,1,1786196998,11944,11944,1.3430670597531022e+17,synthetic_benign_v4.exe,92c68d143722b7c521f712927ba85d128c1ebe8ce20617e9dd06ae8b97a9acc8,150094.0,7.0,1.0,1.0,0.0,0.0,1.0,1.0,1.0,0.0,0.0,0.0,0.0,1.0,0.0,1.0,1.0,1.0,1.0,1.0,1.0,1.0,229.36827800271988,48.78432647884681,1193.956900908117,2.794988521273587,3.6274000232297,11.0,389.24194988858136,4.0,400.0,3.0,0.0,1.0,0.0,SyntheticBenignV4,0,train,1,7.0,synthetic_train_benign_v4_20261021_00037,1
synthetic_train_benign_v4_20261021_00027,benign,1,1786198972,5892,5892,1.3430672570323347e+17,synthetic_benign_v4.exe,5e53283cf094347a5395d9c45d2d36591398a4ddc9ffb2c28ff0059812842c55,41194.0,8.0,0.0,1.0,1.0,0.0,0.0,1.0,0.0,1.0,1.0,1.0,0.0,0.0,1.0,1.0,1.0,1.0,1.0,1.0,1.0,1.0,47.59947223360989,22.14997219986038,1956.6650213312266,2.8481195387662237,5.233737533303471,25.0,10.773115300832274,12.0,642.0,9.0,0.0,3.0,0.0,SyntheticBenignV4,0,train,1,8.0,synthetic_train_benign_v4_20261021_00027,1
9ec9fd40a0920b680b3f6360549af7d4387f8c87683bb82077bd3e0dcc6780bc,malware,1,1785668187,9188,9188,1.3430141596327072e+17,Trigona__9ec9fd40a0920b680b3f.exe,9ec9fd40a0920b680b3f6360549af7d4387f8c87683bb82077bd3e0dcc6780bc,189840.0,6.0,1.0,0.0,0.0,0.0,0.0,1.0,0.0,0.0,1.0,1.0,1.0,0.0,1.0,0.0,0.0,1.0,1.0,0.0,1.0,0.0,31.0333,5.7667,18.4,1.5056,3.9642,34.0,208.2123,12.0,51.0,37.0,0.0,3.0,0.0,Trigona,1,train,1,6.0,9ec9fd40a0920b680b3f6360549af7d4387f8c87683bb82077bd3e0dcc6780bc,0
r_20260805_204121_00023,malware,1,1785942977,13108,13108,1.3430416560251374e+17,INC__c600e439da89f5ee5bbf5b7e3672b6165ded49dd748f06892647930e64783090.exe,c600e439da89f5ee5bbf5b7e3672b6165ded49dd748f06892647930e64783090,11453.0,8.0,1.0,0.0,0.0,0.0,1.0,1.0,0.0,0.0,0.0,1.0,1.0,1.0,1.0,1.0,0.0,1.0,1.0,1.0,1.0,1.0,107.3333,10.8333,19.1667,0.8891,3.2704,12.0,33.2417,6.0,305.0,8.0,0.0,1.0,0.0,INC,1,train,1,8.0,r_20260805_204121_00023,0
synthetic_train_benign_v4_20261021_00072,benign,1,1786198819,2828,2828,1.3430672417126842e+17,synthetic_benign_v4.exe,0a3fcf3d3e1ef228d27cb12fa0f9d7968d26e460b00747a0ae699af7a3739170,95389.0,10.0,1.0,0.0,0.0,1.0,0.0,1.0,1.0,0.0,1.0,1.0,1.0,1.0,1.0,1.0,1.0,1.0,1.0,1.0,1.0,1.0,221.986616888909,23.787276343016025,650.9606618085727,0.5738750864324031,3.122824483854935,22.0,348.16428558166115,38.0,336.0,35.0,0.0,3.0,0.0,SyntheticBenignV4,0,train,1,10.0,synthetic_train_benign_v4_20261021_00072,1
synthetic_train_benign_v4_20261021_00054,benign,1,1786197146,10672,10672,1.34306707449994e+17,synthetic_benign_v4.exe,ef6bb18d07720890789997e44acfc986d0311e88c2cd9d3ed4f8a43d32b03690,159208.0,10.0,1.0,0.0,0.0,1.0,1.0,1.0,0.0,0.0,1.0,1.0,1.0,1.0,1.0,1.0,1.0,1.0,1.0,1.0,1.0,1.0,139.8852435143237,18.32697675172131,1284.7306954605644,2.431503545091566,0.49895873221109577,50.0,310.69515893560896,64.0,846.0,13.0,0.0,3.0,0.0,SyntheticBenignV4,0,train,1,10.0,synthetic_train_benign_v4_20261021_00054,1
synthetic_train_benign_v4_20261021_00056,benign,1,1786198972,5892,5892,1.3430672570323347e+17,synthetic_benign_v4.exe,5b2bb4773cd4ada044bb5c9794b422fe46ee6a78a6dba91a6dc78d409d0f1ad4,4115.0,11.0,1.0,0.0,1.0,0.0,1.0,0.0,1.0,1.0,1.0,1.0,1.0,1.0,1.0,1.0,1.0,1.0,1.0,1.0,1.0,1.0,211.1865015604525,6.046984969313251,137.51590393756243,2.811217512893005,0.07318532575867598,22.0,132.6746607223703,4.0,717.0,63.0,0.0,3.0,0.0,SyntheticBenignV4,0,train,1,11.0,synthetic_train_benign_v4_20261021_00056,1
807b27dd4ddf9f8be2493a9e9f9a1bbe69c06770039847425acc6458d72f29dd,malware,1,1785674294,5476,5476,1.3430147676924552e+17,Trigona__807b27dd4ddf9f8be249.exe,807b27dd4ddf9f8be2493a9e9f9a1bbe69c06770039847425acc6458d72f29dd,216901.0,6.0,1.0,0.0,0.0,0.0,0.0,1.0,0.0,0.0,1.0,1.0,1.0,0.0,1.0,0.0,0.0,1.0,1.0,0.0,1.0,0.0,34.2,6.3,19.1333,1.2214,3.8781,24.0,202.3951,12.0,66.0,38.0,0.0,3.0,0.0,Trigona,1,train,1,6.0,807b27dd4ddf9f8be2493a9e9f9a1bbe69c06770039847425acc6458d72f29dd,0
411b8cd39606bbe551627f1868bb4ace1f9fcb5387b6a58b9bb7f31c50109e10,malware,1,1785821268,9020,9020,1.3430294860006237e+17,LockBit__411b8cd39606bbe55162.exe,411b8cd39606bbe551627f1868bb4ace1f9fcb5387b6a58b9bb7f31c50109e10,8007.0,6.0,1.0,0.0,0.0,0.0,0.0,0.0,0.0,1.0,1.0,0.0,0.0,1.0,1.0,1.0,1.0,0.0,0.0,1.0,1.0,1.0,3.2,0.1333,73.9667,-0.2534,2.9748,34.0,27.8749,10.0,1.0,34.0,0.0,3.0,0.0,LockBit,1,train,1,6.0,411b8cd39606bbe551627f1868bb4ace1f9fcb5387b6a58b9bb7f31c50109e10,0
synthetic_train_benign_v4_20261021_00327,benign,1,1786198671,6052,6052,1.3430672269555864e+17,synthetic_benign_v4.exe,b1a4c1ae23cdff09f3ff75c0da97be803d7085d8eb73fa2fd39b0df9006c8176,126895.0,7.0,0.0,0.0,0.0,1.0,0.0,0.0,1.0,0.0,1.0,1.0,1.0,0.0,1.0,1.0,1.0,1.0,1.0,1.0,1.0,1.0,88.71077831061586,16.266401184550144,414.4602628782524,2.2801185167206826,2.9661285363550745,80.0,8.26068153899538,35.0,35.0,4.0,0.0,3.0,0.0,SyntheticBenignV4,0,train,1,7.0,synthetic_train_benign_v4_20261021_00327,1
synthetic_train_benign_v4_20261021_00362,benign,1,1786197390,7696,7696,1.3430670988080968e+17,synthetic_benign_v4.exe,7deb673667de15ac37a116ec6bf6c5772c393171bd3b5f456565c4f6363a51d4,211004.0,10.0,1.0,0.0,1.0,0.0,1.0,1.0,1.0,0.0,1.0,0.0,1.0,1.0,1.0,1.0,1.0,1.0,1.0,1.0,1.0,1.0,285.1732243560343,12.59804935615139,716.3827806120307,2.5111318177078044,3.265557116684443,58.0,545.5829407161993,63.0,750.0,8.0,0.0,3.0,0.0,SyntheticBenignV4,0,train,1,10.0,synthetic_train_benign_v4_20261021_00362,1
r_20260730_213552_00047,malware,1,1785434151,5316,5316,1.34299077444754e+17,Babuk__45b708ab19d34af228aca784051cf526ebe4891dfa77bb6099b6dce50cb6c0f7.exe,45b708ab19d34af228aca784051cf526ebe4891dfa77bb6099b6dce50cb6c0f7,6326.0,8.0,1.0,0.0,1.0,0.0,1.0,1.0,1.0,0.0,1.0,1.0,1.0,0.0,0.0,0.0,1.0,1.0,1.0,0.0,0.0,0.0,255.3,49.4333,178.8667,0.0,0.0,10.0,196.9037,58.0,1200.0,40.0,0.0,3.0,0.0,Babuk,1,train,1,8.0,r_20260730_213552_00047,0
7f104a3dfda3a7fbdd9b910d00b0169328c5d2facc10dc17b4378612ffa82d51,malware,1,1785809369,7856,7856,1.3430282950606734e+17,INC__7f104a3dfda3a7fbdd9b.exe,7f104a3dfda3a7fbdd9b910d00b0169328c5d2facc10dc17b4378612ffa82d51,8405.0,7.0,1.0,0.0,0.0,0.0,1.0,1.0,0.0,0.0,1.0,0.0,0.0,1.0,1.0,1.0,1.0,0.0,0.0,1.0,1.0,1.0,1.8333,0.1,47.0333,1.485,2.9699,6.0,6.0385,5.0,1.0,2.0,0.0,0.0,0.0,INC,1,train,1,7.0,7f104a3dfda3a7fbdd9b910d00b0169328c5d2facc10dc17b4378612ffa82d51,0
b55ecbddcbed916481ad537807cd3e33cb71814be6ce8e03eb63b629ccb8c692,malware,1,1785641651,1080,1080,1.3430115216390928e+17,Rhysida__b55ecbddcbed916481ad.exe,b55ecbddcbed916481ad537807cd3e33cb71814be6ce8e03eb63b629ccb8c692,33954.0,6.0,1.0,0.0,1.0,0.0,1.0,1.0,0.0,0.0,1.0,1.0,0.0,0.0,0.0,0.0,1.0,1.0,0.0,0.0,0.0,0.0,22.4333,0.3333,569.7,0.0,0.0,2.0,384.9207,9.0,2.0,4.0,0.0,2.0,0.0,Rhysida,1,train,1,6.0,b55ecbddcbed916481ad537807cd3e33cb71814be6ce8e03eb63b629ccb8c692,0
r_20260805_204121_00011,malware,1,1785939943,12744,12744,1.3430413525735128e+17,INC__11cfd8e84704194ff9c56780858e9bbb9e82ff1b958149d74c43969d06ea10bd.exe,11cfd8e84704194ff9c56780858e9bbb9e82ff1b958149d74c43969d06ea10bd,12130.0,7.0,1.0,0.0,0.0,0.0,1.0,0.0,0.0,0.0,0.0,1.0,1.0,1.0,1.0,1.0,0.0,1.0,1.0,1.0,1.0,1.0,85.8667,13.8667,22.4333,1.3254,3.2825,11.0,27.1711,6.0,396.0,8.0,0.0,1.0,0.0,INC,1,train,1,7.0,r_20260805_204121_00011,0
r_20260805_153704_00029,malware,1,1785927087,12188,12188,1.3430400673276925e+17,INC__ecbfea3e7869166dd418f15387bc33ce46f2c72168f571071916b5054d7f6e49.exe,ecbfea3e7869166dd418f15387bc33ce46f2c72168f571071916b5054d7f6e49,13693.0,6.0,1.0,0.0,0.0,0.0,0.0,0.0,0.0,0.0,1.0,1.0,1.0,1.0,1.0,0.0,1.0,1.0,1.0,1.0,1.0,0.0,226.7333,28.1333,30.1667,2.2531,2.2531,1.0,40.953,5.0,828.0,2.0,0.0,0.0,0.0,INC,1,train,1,6.0,r_20260805_153704_00029,0
r_20260801_001238_00113,malware,1,1785543581,9584,9584,1.343001716509138e+17,Conti__d06b5a200292fedcfb4d4aecac32387a2e5b5bb09aaab5199c56bab3031257d6.exe,d06b5a200292fedcfb4d4aecac32387a2e5b5bb09aaab5199c56bab3031257d6,16316.0,7.0,1.0,0.0,0.0,0.0,1.0,0.0,0.0,0.0,0.0,1.0,1.0,1.0,1.0,1.0,0.0,1.0,1.0,1.0,1.0,1.0,367.8667,9.7667,11.5,2.6728,2.6728,1.0,32.6427,7.0,278.0,2.0,0.0,1.0,0.0,Conti,1,train,1,7.0,r_20260801_001238_00113,0
r_20260801_001458_00242,malware,1,1785604073,8696,8696,1.3430077621180173e+17,Sodinokibi__d74f04f0b948d9586629e06e2a2a21bdf20d678e47058afb637414eb3701c1f6.exe,d74f04f0b948d9586629e06e2a2a21bdf20d678e47058afb637414eb3701c1f6,50939.0,7.0,1.0,0.0,0.0,0.0,0.0,0.0,0.0,0.0,1.0,1.0,1.0,1.0,1.0,1.0,0.0,1.0,1.0,1.0,1.0,1.0,21.7667,5.2667,1489.2,2.9324,3.2873,4.0,15.4123,6.0,140.0,5.0,0.0,2.0,0.0,Sodinokibi,1,train,1,7.0,r_20260801_001458_00242,0
synthetic_train_benign_v4_20261021_00164,benign,1,1786197146,10672,10672,1.34306707449994e+17,synthetic_benign_v4.exe,7cdc45ce38a525faceaae7bf4e1e6e655fa8919056b44e4b3e9698dc526517e2,154023.0,8.0,1.0,1.0,0.0,1.0,1.0,1.0,1.0,0.0,1.0,1.0,0.0,0.0,0.0,0.0,1.0,1.0,1.0,1.0,1.0,1.0,41.53350345698357,12.260033983947874,599.2628514506023,3.3116371640371023,2.7894764714997455,25.0,20.445558819945205,4.0,230.0,12.0,0.0,3.0,0.0,SyntheticBenignV4,0,train,1,8.0,synthetic_train_benign_v4_20261021_00164,1
r_20260730_213552_00034,malware,1,1785431068,4528,4528,1.3429904659162134e+17,Babuk__2cf8975496781dd06f3a0ef3d41f994d06dc4bafb3f417e51cc18896faaf8e04.exe,2cf8975496781dd06f3a0ef3d41f994d06dc4bafb3f417e51cc18896faaf8e04,8849.0,8.0,1.0,0.0,1.0,0.0,1.0,1.0,1.0,0.0,1.0,1.0,1.0,0.0,0.0,0.0,1.0,1.0,1.0,0.0,0.0,0.0,247.4333,47.8667,202.2,0.0,0.0,10.0,398.288,55.0,1200.0,38.0,0.0,3.0,0.0,Babuk,1,train,1,8.0,r_20260730_213552_00034,0
synthetic_train_benign_v4_20261021_00157,benign,1,1786198497,11608,11608,1.3430672095426877e+17,synthetic_benign_v4.exe,9235ddb73df75c8a595f2101ae5219cd10b4fb7e6205b879203282b60143854e,1849.0,8.0,0.0,1.0,0.0,0.0,1.0,1.0,0.0,1.0,0.0,1.0,1.0,1.0,1.0,0.0,1.0,1.0,1.0,1.0,1.0,1.0,198.20539357282442,11.739222789321607,923.7722301979084,1.540123727732995,3.3473836736513363,32.0,9.620308078156151,5.0,118.0,41.0,0.0,3.0,0.0,SyntheticBenignV4,0,train,1,8.0,synthetic_train_benign_v4_20261021_00157,1
benign_f9f14_003,benign,1,1786196998,11944,11944,1.3430670597531022e+17,python.exe,,643.0,6.0,0.0,0.0,0.0,0.0,0.0,0.0,0.0,0.0,1.0,1.0,1.0,1.0,1.0,1.0,1.0,1.0,1.0,1.0,1.0,1.0,112.4333,12.0,694.6333,3.3415,3.3415,1.0,1.3191,4.0,360.0,1.0,0.0,1.0,0.0,python.exe,0,train,1,6.0,benign_run_benign_f9f14_003,0
f1c2d2f2cfe7d0a4ebfb87739c4233eb526efd1ea238ba68e27d166deb709a0c,malware,1,1785684030,7932,7932,1.3430157419041304e+17,Trigona__f1c2d2f2cfe7d0a4ebfb.exe,f1c2d2f2cfe7d0a4ebfb87739c4233eb526efd1ea238ba68e27d166deb709a0c,210611.0,6.0,1.0,0.0,0.0,0.0,0.0,1.0,0.0,0.0,1.0,1.0,1.0,0.0,1.0,0.0,0.0,1.0,1.0,0.0,1.0,0.0,67.9333,12.4667,35.0,1.2365,3.9289,119.0,370.389,13.0,144.0,133.0,0.0,3.0,0.0,Trigona,1,train,1,6.0,f1c2d2f2cfe7d0a4ebfb87739c4233eb526efd1ea238ba68e27d166deb709a0c,0
synthetic_train_benign_v4_20261021_00066,benign,1,1786198554,2416,2416,1.343067215322543e+17,synthetic_benign_v4.exe,844d1d955b6c00d1719839d73bc1757a6dbb3dfe10d2ca86e0742276ca0f9203,1583.0,10.0,1.0,1.0,1.0,0.0,1.0,0.0,1.0,1.0,1.0,0.0,1.0,1.0,1.0,0.0,1.0,1.0,1.0,1.0,1.0,1.0,78.21398146615826,44.478714279507166,738.9438467893165,2.9858194655276025,3.5501082295191577,10.0,479.14148765702197,46.0,122.0,4.0,0.0,3.0,0.0,SyntheticBenignV4,0,train,1,10.0,synthetic_train_benign_v4_20261021_00066,1
r_20260805_204121_00003,malware,1,1785937974,6564,6564,1.3430411545760944e+17,DragonForce__ba1be94550898eedb10eb73cb5383a2d1050e96ec4df8e0bf680d3e76a9e2429.exe,ba1be94550898eedb10eb73cb5383a2d1050e96ec4df8e0bf680d3e76a9e2429,28242.0,6.0,1.0,0.0,0.0,0.0,1.0,0.0,0.0,0.0,0.0,1.0,0.0,1.0,1.0,1.0,0.0,1.0,0.0,1.0,1.0,1.0,187.7333,4.5333,6.1667,2.6235,2.6235,3.0,33.7313,7.0,121.0,2.0,0.0,1.0,0.0,DragonForce,1,train,1,6.0,r_20260805_204121_00003,0
r_20260801_001458_00185,malware,1,1785565956,7908,7908,1.3430039549077216e+17,Sodinokibi__14cb0affce00f0b279fa1843d528486434b903d2917e4d2a328706044874a526.exe,14cb0affce00f0b279fa1843d528486434b903d2917e4d2a328706044874a526,5749.0,6.0,1.0,0.0,0.0,0.0,0.0,0.0,0.0,0.0,0.0,1.0,1.0,1.0,1.0,1.0,0.0,1.0,1.0,1.0,1.0,1.0,25.3333,5.6667,9.4,2.9826,3.2808,5.0,23.8334,6.0,152.0,5.0,0.0,2.0,0.0,Sodinokibi,1,train,1,6.0,r_20260801_001458_00185,0
r_20260730_152625_00002,malware,1,1785400402,4888,4888,1.3429874000947416e+17,Babuk__0016d62346cdb482ef51f842aa979b2babdfa843db87f1b7efe2712444d0954d.exe,0016d62346cdb482ef51f842aa979b2babdfa843db87f1b7efe2712444d0954d,1688.0,8.0,1.0,0.0,1.0,0.0,1.0,1.0,1.0,0.0,1.0,1.0,1.0,0.0,0.0,0.0,1.0,1.0,1.0,0.0,0.0,0.0,116.9667,22.8333,82.4667,0.0,0.0,0.0,431.1498,22.0,643.0,10.0,0.0,2.0,0.0,Babuk,1,train,1,8.0,r_20260730_152625_00002,0
synthetic_train_benign_v4_20261021_00106,benign,1,1786197146,10672,10672,1.34306707449994e+17,synthetic_benign_v4.exe,efed879eb5e6d7ff4f34ce7f3b4c0c55d732b7f1505ce1131693f0d298755df4,151789.0,7.0,1.0,0.0,1.0,0.0,0.0,1.0,0.0,1.0,1.0,0.0,0.0,0.0,1.0,1.0,1.0,1.0,1.0,1.0,1.0,1.0,31.74328142095912,15.252329900775065,864.6235903806955,1.9805973037846236,3.958287635123548,21.0,270.2460970415217,24.0,438.0,67.0,0.0,3.0,0.0,SyntheticBenignV4,0,train,1,7.0,synthetic_train_benign_v4_20261021_00106,1
synthetic_train_benign_v4_20261021_00165,benign,1,1786197197,9516,9516,1.3430670795883811e+17,synthetic_benign_v4.exe,cf79601d0a486a43d6a70d67f8cd976a90267b861260356f6e551853ce0663e1,39444.0,9.0,1.0,1.0,1.0,1.0,0.0,0.0,1.0,0.0,0.0,1.0,0.0,1.0,1.0,1.0,1.0,1.0,1.0,1.0,1.0,1.0,249.21126314563972,21.862654999583896,537.1204775792046,3.104215626555196,3.4927865298462093,22.0,247.10236777859285,4.0,213.0,10.0,0.0,3.0,0.0,SyntheticBenignV4,0,train,1,9.0,synthetic_train_benign_v4_20261021_00165,1
r_20260805_204121_00025,malware,1,1785943483,10528,10528,1.3430417067259485e+17,INC__e17c601551dfded76ab99a233957c5c4acf0229b46cd7fc2175ead7fe1e3d261.exe,e17c601551dfded76ab99a233957c5c4acf0229b46cd7fc2175ead7fe1e3d261,10905.0,8.0,1.0,0.0,0.0,0.0,1.0,1.0,0.0,0.0,0.0,1.0,1.0,1.0,1.0,1.0,0.0,1.0,1.0,1.0,1.0,1.0,122.9333,13.7,22.9667,0.8626,3.2643,13.0,34.5336,6.0,390.0,8.0,0.0,1.0,0.0,INC,1,train,1,8.0,r_20260805_204121_00025,0
r_20260802_053346_00010,malware,1,1785627049,5028,5028,1.3430100643883154e+17,Medusa__aa4cd5e9ff8ef8e4a72601c03154231631a5179167400a5478ca4282188b1163.exe,aa4cd5e9ff8ef8e4a72601c03154231631a5179167400a5478ca4282188b1163,5059.0,6.0,1.0,0.0,1.0,0.0,1.0,1.0,0.0,0.0,0.0,1.0,1.0,0.0,0.0,0.0,0.0,1.0,1.0,0.0,0.0,0.0,653.9333,5.4333,15.9667,,0.0,0.0,440.1181,19.0,71.0,12.0,0.0,2.0,0.0,Medusa,1,train,1,6.0,r_20260802_053346_00010,0
d67a475f72ca65fd1ac5fd3be2f1cce2db78ba074f54dc4c4738d374d0eb19c7,malware,1,1785523551,3576,3576,1.3429997048077038e+17,DragonForce__d67a475f72ca65fd1ac5.exe,d67a475f72ca65fd1ac5fd3be2f1cce2db78ba074f54dc4c4738d374d0eb19c7,86659.0,6.0,1.0,0.0,0.0,0.0,1.0,0.0,0.0,0.0,0.0,1.0,0.0,1.0,1.0,1.0,0.0,0.0,0.0,1.0,1.0,0.0,501.3,0.0,2.8667,0.9904,2.9712,6.0,42.8831,5.0,0.0,2.0,0.0,2.0,0.0,DragonForce,1,train,1,6.0,d67a475f72ca65fd1ac5fd3be2f1cce2db78ba074f54dc4c4738d374d0eb19c7,0
9c33e41ea79c84e40219cfdab5c919c116563d7241e73b88be345e546e53aaec,malware,1,1785667861,8728,8728,1.343014125053658e+17,Trigona__9c33e41ea79c84e40219.exe,9c33e41ea79c84e40219cfdab5c919c116563d7241e73b88be345e546e53aaec,210113.0,8.0,1.0,0.0,0.0,0.0,0.0,1.0,0.0,0.0,1.0,1.0,1.0,1.0,1.0,1.0,0.0,1.0,1.0,1.0,1.0,1.0,65.4,11.9667,36.4,1.4971,3.0308,117.0,51.2338,15.0,121.0,142.0,0.0,3.0,0.0,Trigona,1,train,1,8.0,9c33e41ea79c84e40219cfdab5c919c116563d7241e73b88be345e546e53aaec,0
a891d24823796a4ffa2fac76d92fec2c7ffae1ac1c3665be0d4f85e13acd33f9,malware,1,1785679201,7124,7124,1.3430152540378995e+17,Trigona__a891d24823796a4ffa2f.exe,a891d24823796a4ffa2fac76d92fec2c7ffae1ac1c3665be0d4f85e13acd33f9,260594.0,7.0,1.0,0.0,0.0,0.0,0.0,0.0,0.0,1.0,1.0,1.0,0.0,1.0,1.0,1.0,0.0,0.0,0.0,1.0,1.0,1.0,15.8,2.6333,8.8,2.8413,3.327,11.0,15.4875,12.0,44.0,14.0,0.0,3.0,0.0,Trigona,1,train,1,7.0,a891d24823796a4ffa2fac76d92fec2c7ffae1ac1c3665be0d4f85e13acd33f9,0
r_20260801_001458_00068,malware,1,1785536545,7436,7436,1.3430010120443728e+17,Medusa__9ec6bf1ad038e6c7f5bf9be374d3299df033424ef1399a8ffd892df40efd6353.exe,9ec6bf1ad038e6c7f5bf9be374d3299df033424ef1399a8ffd892df40efd6353,8771.0,7.0,1.0,0.0,0.0,0.0,1.0,0.0,1.0,0.0,0.0,1.0,0.0,1.0,1.0,1.0,0.0,1.0,0.0,1.0,1.0,1.0,59.9333,1.5667,6.9,3.2702,3.2757,4.0,22.2318,7.0,25.0,6.0,0.0,3.0,0.0,Medusa,1,train,1,7.0,r_20260801_001458_00068,0
f92a9559944e57854746dbbb96a04669e36c78a481f8c34313bfc561146999e6,malware,1,1785684384,4880,4880,1.3430157779622094e+17,Trigona__f92a9559944e57854746.exe,f92a9559944e57854746dbbb96a04669e36c78a481f8c34313bfc561146999e6,202694.0,6.0,1.0,0.0,0.0,0.0,0.0,1.0,0.0,0.0,1.0,1.0,1.0,0.0,1.0,0.0,0.0,1.0,1.0,0.0,1.0,0.0,42.5667,7.9,24.6,1.0601,3.9089,45.0,368.0703,12.0,67.0,81.0,0.0,3.0,0.0,Trigona,1,train,1,6.0,f92a9559944e57854746dbbb96a04669e36c78a481f8c34313bfc561146999e6,0
synthetic_train_benign_v4_20261021_00352,benign,1,1785924796,9524,9524,1.3430398394430122e+17,synthetic_benign_v4.exe,463b9d41bdc125bbd212817880b0b8dd3db0494097c870e627e75e5f0e01a54e,54264.0,6.0,1.0,1.0,0.0,0.0,0.0,0.0,0.0,0.0,1.0,1.0,1.0,0.0,1.0,0.0,1.0,1.0,1.0,1.0,1.0,1.0,108.66765383591749,10.18477814278529,698.0831723496544,3.0038852874789064,3.3705591132678507,24.0,17.30605018789484,22.0,522.0,94.0,0.0,1.0,0.0,SyntheticBenignV4,0,train,1,6.0,synthetic_train_benign_v4_20261021_00352,1
r_20260801_001458_00082,malware,1,1785540626,6892,6892,1.3430014187973752e+17,Medusa__df0f05469702bd70c49045dcbbefc65e735f4116bdb12526cd16110472a51dc8.exe,df0f05469702bd70c49045dcbbefc65e735f4116bdb12526cd16110472a51dc8,22817.0,7.0,1.0,0.0,0.0,0.0,1.0,0.0,1.0,0.0,0.0,1.0,0.0,1.0,1.0,1.0,0.0,1.0,0.0,1.0,1.0,1.0,109.1333,4.3667,7.4333,3.2722,3.2822,5.0,6.9871,7.0,108.0,7.0,0.0,3.0,0.0,Medusa,1,train,1,7.0,r_20260801_001458_00082,0
synthetic_train_benign_v4_20261021_00227,benign,1,1786198819,2828,2828,1.3430672417126842e+17,synthetic_benign_v4.exe,ff96423d58d2e3a79f943a598db88208e6f3e357bc935cd4c8fc9cabd7b96aaa,1614.0,9.0,1.0,0.0,0.0,1.0,1.0,0.0,1.0,0.0,1.0,0.0,1.0,1.0,1.0,1.0,1.0,1.0,1.0,1.0,1.0,1.0,157.50965451253606,13.224665324449342,117.05860712848924,2.562968633056404,0.15691408472821003,83.0,7.480517042953043,5.0,620.0,3.0,0.0,3.0,0.0,SyntheticBenignV4,0,train,1,9.0,synthetic_train_benign_v4_20261021_00227,1
r_20260802_053346_00003,malware,1,1785624920,4656,4656,1.34300985165169e+17,Medusa__26af2222204fca27c0fdabf9eefbfdb638a8a9322b297119f85cce3c708090f0.exe,26af2222204fca27c0fdabf9eefbfdb638a8a9322b297119f85cce3c708090f0,2806.0,6.0,1.0,0.0,1.0,0.0,1.0,1.0,0.0,0.0,0.0,1.0,0.0,0.0,0.0,1.0,0.0,1.0,0.0,0.0,0.0,1.0,328.0333,2.9333,11.2667,3.4115,0.0,0.0,44.7129,13.0,39.0,6.0,0.0,2.0,0.0,Medusa,1,train,1,6.0,r_20260802_053346_00003,0
r_20260730_213552_00041,malware,1,1785432694,11744,11744,1.3429906287360746e+17,Babuk__37dcff64f4173e57fcb53ba5bf52558ed212389c2ee8a4e2c9807f48c3126ff3.exe,37dcff64f4173e57fcb53ba5bf52558ed212389c2ee8a4e2c9807f48c3126ff3,7025.0,8.0,1.0,0.0,1.0,0.0,1.0,1.0,1.0,0.0,1.0,1.0,1.0,0.0,0.0,0.0,1.0,1.0,1.0,0.0,0.0,0.0,268.2667,52.1667,206.2333,0.0,0.0,6.0,394.2192,60.0,1200.0,49.0,0.0,3.0,0.0,Babuk,1,train,1,8.0,r_20260730_213552_00041,0
d626eb0565fac677fdc13fb0555967dc31e600c74fbbd110b744f8e3a59dd3f9,malware,1,1785523515,9944,9944,1.3429997090754176e+17,DragonForce__d626eb0565fac677fdc1.exe,d626eb0565fac677fdc13fb0555967dc31e600c74fbbd110b744f8e3a59dd3f9,21343.0,6.0,1.0,0.0,0.0,0.0,0.0,0.0,0.0,0.0,1.0,1.0,0.0,1.0,1.0,1.0,1.0,1.0,0.0,1.0,1.0,1.0,345.2667,0.4667,34.5,1.4884,3.6939,43.0,26.7393,12.0,2.0,10.0,0.0,3.0,0.0,DragonForce,1,train,1,6.0,d626eb0565fac677fdc13fb0555967dc31e600c74fbbd110b744f8e3a59dd3f9,0
synthetic_train_benign_v4_20261021_00226,benign,1,1786198723,236,236,1.3430672321755165e+17,synthetic_benign_v4.exe,6d7a9e4c24deffaf3ce8df3fc658b3c88973a671b5e3148ab50d2e9c789feaf2,167644.0,8.0,0.0,0.0,1.0,0.0,1.0,0.0,1.0,1.0,1.0,1.0,0.0,0.0,1.0,1.0,1.0,1.0,1.0,1.0,1.0,1.0,57.853968073739495,18.697512123944065,664.7862613204359,0.8226029629642464,3.616682669626167,22.0,16.319386083687863,62.0,174.0,8.0,0.0,3.0,0.0,SyntheticBenignV4,0,train,1,8.0,synthetic_train_benign_v4_20261021_00226,1
synthetic_train_benign_v4_20261021_00061,benign,1,1786198497,11608,11608,1.3430672095426877e+17,synthetic_benign_v4.exe,959dea816fd1943005811db705e6d9dc9f9be9563ecc467d827ccd139132d10d,177957.0,7.0,0.0,0.0,1.0,0.0,1.0,0.0,0.0,0.0,1.0,1.0,1.0,1.0,1.0,0.0,1.0,1.0,1.0,1.0,1.0,1.0,195.92842673979013,3.4700519535805032,1062.156964288239,2.961569660505309,3.1073721264749627,29.0,336.32077947359886,45.0,1087.0,8.0,0.0,3.0,0.0,SyntheticBenignV4,0,train,1,7.0,synthetic_train_benign_v4_20261021_00061,1
196e890ff93273431c62a5450f25538c7fe3dba809bef0b11baf54ded8b38781,malware,1,1785672881,5968,5968,1.3430146236608944e+17,Trigona__196e890ff93273431c62.exe,196e890ff93273431c62a5450f25538c7fe3dba809bef0b11baf54ded8b38781,243704.0,6.0,1.0,0.0,0.0,0.0,0.0,1.0,0.0,0.0,1.0,1.0,1.0,0.0,1.0,0.0,0.0,1.0,1.0,0.0,1.0,0.0,70.9667,14.0667,56.3333,2.1542,4.0802,6.0,222.5168,12.0,360.0,38.0,0.0,2.0,0.0,Trigona,1,train,1,6.0,196e890ff93273431c62a5450f25538c7fe3dba809bef0b11baf54ded8b38781,0
synthetic_train_benign_v4_20261021_00269,benign,1,1786197197,9516,9516,1.3430670795883811e+17,synthetic_benign_v4.exe,c97f446abc2610ceaaa31db175d6a06af681891ea7f7a9399cf77fa99acc5816,1186.0,8.0,0.0,1.0,1.0,0.0,0.0,0.0,1.0,0.0,1.0,1.0,0.0,1.0,1.0,1.0,1.0,1.0,1.0,1.0,1.0,1.0,97.84698887600165,37.59717738368737,555.2263059674196,2.858220189677317,3.136467231833252,46.0,18.24247181647827,4.0,352.0,10.0,0.0,3.0,0.0,SyntheticBenignV4,0,train,1,8.0,synthetic_train_benign_v4_20261021_00269,1
r_20260730_220149_00026,malware,1,1785430559,6860,6860,1.3429904151540451e+17,Babuk__0b567dc11729b018a0849d17e27bd8f696ddbc71f50313ab552247cbf978578e.exe,0b567dc11729b018a0849d17e27bd8f696ddbc71f50313ab552247cbf978578e,7768.0,8.0,1.0,0.0,1.0,0.0,1.0,1.0,1.0,0.0,1.0,1.0,1.0,0.0,0.0,0.0,1.0,1.0,1.0,0.0,0.0,0.0,306.1,59.4333,226.7,0.0,0.0,4.0,398.288,70.0,1200.0,74.0,0.0,3.0,0.0,Babuk,1,train,1,8.0,r_20260730_220149_00026,0
synthetic_train_benign_v4_20261021_00033,benign,1,1786196998,11944,11944,1.3430670597531022e+17,synthetic_benign_v4.exe,e804c5e774f6497ae07450a35479616dfed3c3e7d87e84a75806f64d3660a7d0,19037.0,9.0,1.0,1.0,0.0,1.0,0.0,1.0,0.0,0.0,1.0,1.0,1.0,1.0,1.0,0.0,1.0,1.0,1.0,1.0,1.0,1.0,96.3345823087351,10.761127722397513,981.8321267598706,1.8980329600947905,1.3351843762337028,3.0,4.234138981543966,65.0,1055.0,130.0,0.0,1.0,0.0,SyntheticBenignV4,0,train,1,9.0,synthetic_train_benign_v4_20261021_00033,1
synthetic_train_benign_v4_20261021_00312,benign,1,1786197146,10672,10672,1.34306707449994e+17,synthetic_benign_v4.exe,97121d626ea3e9ce7fa138134079fdac724994cbfa1a6a914a964b98a0d58dc7,1408.0,8.0,0.0,0.0,0.0,0.0,1.0,0.0,0.0,1.0,1.0,1.0,1.0,1.0,1.0,1.0,1.0,1.0,1.0,1.0,1.0,1.0,295.55387545122795,38.8495312709618,1199.3767269930227,3.506229852204276,0.03918317723469252,13.0,541.2568302830783,66.0,139.0,4.0,0.0,3.0,0.0,SyntheticBenignV4,0,train,1,8.0,synthetic_train_benign_v4_20261021_00312,1
d369be2ea9848ad00c533d7b30d5f85ded109f152320c259cbdf859e72b68d99,malware,1,1785827742,7876,7876,1.3430301215228728e+17,Fog__d369be2ea9848ad00c53.exe,d369be2ea9848ad00c533d7b30d5f85ded109f152320c259cbdf859e72b68d99,122644.0,6.0,1.0,0.0,0.0,0.0,1.0,1.0,0.0,0.0,1.0,1.0,1.0,0.0,0.0,0.0,1.0,1.0,1.0,0.0,0.0,0.0,28.7667,6.3,3772.8,0.0,0.0,1.0,551.1804,8.0,176.0,36.0,0.0,2.0,0.0,Fog,1,train,1,6.0,d369be2ea9848ad00c533d7b30d5f85ded109f152320c259cbdf859e72b68d99,0
,benign,1,1786197197,9516,9516,1.3430670795883811e+17,python.exe,,1259.0,6.0,0.0,0.0,0.0,0.0,0.0,0.0,0.0,0.0,1.0,1.0,1.0,1.0,1.0,1.0,1.0,1.0,1.0,1.0,1.0,1.0,77.7,9.3333,481.8333,2.8839,3.3443,23.0,23.1952,4.0,280.0,8.0,0.0,3.0,0.0,python.exe,0,train,1,6.0,benign_missing_run_train_0035,0
r_20260802_053346_00009,malware,1,1785626797,9908,9908,1.343010038953224e+17,Medusa__8e797fff8fae9afb216b81ae341aac9f05f419061075b0f6ce4c0c7a67f458a4.exe,8e797fff8fae9afb216b81ae341aac9f05f419061075b0f6ce4c0c7a67f458a4,6533.0,7.0,1.0,0.0,1.0,0.0,1.0,1.0,0.0,0.0,0.0,1.0,1.0,0.0,0.0,1.0,0.0,1.0,1.0,0.0,0.0,1.0,505.5,5.0333,15.4333,,0.0,0.0,0.3545,19.0,71.0,12.0,0.0,2.0,0.0,Medusa,1,train,1,7.0,r_20260802_053346_00009,0
r_20260801_001458_00190,malware,1,1785567192,2908,2908,1.3430040786501686e+17,Sodinokibi__21bcb9c0095424a179399379939f6ebdf1dfe202825c1ca5acdd25a8f751402f.exe,21bcb9c0095424a179399379939f6ebdf1dfe202825c1ca5acdd25a8f751402f,4627.0,6.0,1.0,0.0,0.0,0.0,0.0,0.0,0.0,0.0,0.0,1.0,1.0,1.0,1.0,1.0,0.0,1.0,1.0,1.0,1.0,1.0,27.4,8.9333,10.4333,2.7789,3.2817,5.0,24.303,6.0,250.0,4.0,0.0,2.0,0.0,Sodinokibi,1,train,1,6.0,r_20260801_001458_00190,0
948902bedddc8b983c84990df8adafa67f1396154d778b3389681eb635c6335e,malware,1,1785826482,1208,1208,1.3430299976416509e+17,Fog__948902bedddc8b983c84.exe,948902bedddc8b983c84990df8adafa67f1396154d778b3389681eb635c6335e,102216.0,6.0,1.0,0.0,0.0,0.0,1.0,1.0,0.0,0.0,1.0,1.0,1.0,0.0,0.0,0.0,1.0,1.0,1.0,0.0,0.0,0.0,30.4333,6.7,3841.6667,0.0,0.0,0.0,550.4939,8.0,188.0,35.0,0.0,2.0,0.0,Fog,1,train,1,6.0,948902bedddc8b983c84990df8adafa67f1396154d778b3389681eb635c6335e,0
synthetic_train_benign_v4_20261021_00303,benign,1,1786198554,2416,2416,1.343067215322543e+17,synthetic_benign_v4.exe,a060d8ffc5b620a3e69d7fe9fcce68e31b95221af89f8ffd326f67ed20d1b6ef,1294.0,10.0,1.0,0.0,0.0,1.0,1.0,1.0,1.0,0.0,0.0,1.0,1.0,1.0,1.0,1.0,1.0,1.0,1.0,1.0,1.0,1.0,85.61791106492545,29.658345387912686,687.7894749086257,1.2529069422002443,0.4308491495898509,10.0,150.81641590974155,3.0,477.0,11.0,0.0,3.0,0.0,SyntheticBenignV4,0,train,1,10.0,synthetic_train_benign_v4_20261021_00303,1
synthetic_train_benign_v4_20261021_00376,benign,1,1786197197,9516,9516,1.3430670795883811e+17,synthetic_benign_v4.exe,b70a33948d2c74f963e2a76683859286a19d60308311ee4a16e514a3033cefa4,1886.0,7.0,0.0,1.0,0.0,0.0,0.0,0.0,1.0,0.0,0.0,1.0,1.0,1.0,1.0,1.0,1.0,1.0,1.0,1.0,1.0,1.0,98.58797094211256,39.530046389367556,1302.6345204921272,3.027953099872824,3.0790541664469364,60.0,13.933997645432315,4.0,356.0,15.0,0.0,3.0,0.0,SyntheticBenignV4,0,train,1,7.0,synthetic_train_benign_v4_20261021_00376,1
synthetic_train_benign_v4_20261021_00156,benign,1,1786198819,2828,2828,1.3430672417126842e+17,synthetic_benign_v4.exe,e52c368781952b5a4cda0b9c88cc8ff45f009dba5e5f1180e64fd77af4c7788a,161783.0,9.0,1.0,0.0,0.0,0.0,1.0,1.0,1.0,1.0,1.0,1.0,1.0,0.0,1.0,0.0,1.0,1.0,1.0,1.0,1.0,1.0,192.32210863557717,21.976237300277067,1237.0223502545518,2.353531028632828,4.20596846446394,29.0,507.30393829732185,4.0,343.0,9.0,0.0,3.0,0.0,SyntheticBenignV4,0,train,1,9.0,synthetic_train_benign_v4_20261021_00156,1
78c0d81bd989715dc49de24a78ab5d5d01b2f41f0e14188218231ef47bf2a9e2,malware,1,1785672043,6984,6984,1.3430145398125136e+17,Trigona__78c0d81bd989715dc49d.exe,78c0d81bd989715dc49de24a78ab5d5d01b2f41f0e14188218231ef47bf2a9e2,244275.0,6.0,1.0,0.0,0.0,0.0,0.0,1.0,0.0,0.0,1.0,1.0,1.0,0.0,1.0,0.0,0.0,1.0,1.0,0.0,1.0,0.0,48.9667,9.6667,55.0667,3.7858,4.0768,4.0,212.1991,12.0,228.0,38.0,0.0,2.0,0.0,Trigona,1,train,1,6.0,78c0d81bd989715dc49de24a78ab5d5d01b2f41f0e14188218231ef47bf2a9e2,0
1a9c27e5be8c58da1c02fc4245a07831d5d431cdd1a91cd35d2dd0ad62da71cd,malware,1,1785647244,8056,8056,1.3430120831168227e+17,Rhysida__1a9c27e5be8c58da1c02.exe,1a9c27e5be8c58da1c02fc4245a07831d5d431cdd1a91cd35d2dd0ad62da71cd,8358.0,6.0,1.0,0.0,1.0,0.0,1.0,1.0,0.0,0.0,1.0,1.0,0.0,0.0,0.0,0.0,1.0,1.0,0.0,0.0,0.0,0.0,21.8667,2.1,558.4667,0.0,0.0,10.0,164.6691,18.0,8.0,29.0,0.0,3.0,0.0,Rhysida,1,train,1,6.0,1a9c27e5be8c58da1c02fc4245a07831d5d431cdd1a91cd35d2dd0ad62da71cd,0
synthetic_train_benign_v4_20261021_00150,benign,1,1786198866,11312,11312,1.3430672464078317e+17,synthetic_benign_v4.exe,f9541a028f7179ff676cb3c5d13683c31ff3334d607aab4f0e78c3dc4466cabc,68281.0,10.0,1.0,1.0,0.0,0.0,1.0,1.0,0.0,1.0,1.0,1.0,1.0,1.0,1.0,0.0,1.0,1.0,1.0,1.0,1.0,1.0,245.43244599947246,11.810928208126548,1368.7928421776835,2.883335947389521,2.405942415230729,16.0,6.424777924643496,63.0,251.0,97.0,0.0,3.0,0.0,SyntheticBenignV4,0,train,1,10.0,synthetic_train_benign_v4_20261021_00150,1
benign_score6_002,benign,1,1785924796,9524,9524,1.3430398394430122e+17,python.exe,,2524.0,6.0,0.0,0.0,0.0,0.0,0.0,0.0,0.0,0.0,1.0,1.0,1.0,1.0,1.0,1.0,1.0,1.0,1.0,1.0,1.0,1.0,54.8667,8.0,214.1,7.9488,7.9488,1.0,29.1766,4.0,240.0,1.0,0.0,1.0,0.0,python.exe,0,train,1,6.0,benign_run_benign_score6_002,0
r_20260801_001458_00069,malware,1,1785536810,3108,3108,1.3430010379359123e+17,Medusa__a0cebcc9f5893b2fde2806794c27b8a304a0eb863e128ad779ed5dd806ad9239.exe,a0cebcc9f5893b2fde2806794c27b8a304a0eb863e128ad779ed5dd806ad9239,14902.0,7.0,1.0,0.0,0.0,0.0,1.0,0.0,1.0,0.0,0.0,1.0,0.0,1.0,1.0,1.0,0.0,1.0,0.0,1.0,1.0,1.0,95.1,3.7,7.4333,3.1523,3.2852,7.0,19.1459,7.0,89.0,6.0,0.0,3.0,0.0,Medusa,1,train,1,7.0,r_20260801_001458_00069,0
synthetic_train_benign_v4_20261021_00214,benign,1,1786196998,11944,11944,1.3430670597531022e+17,synthetic_benign_v4.exe,39d1710a238352c35ac2f2adcb2ba9d93fcdb9de6bc10636752c2d201efb1b5d,1751.0,9.0,0.0,0.0,1.0,0.0,0.0,1.0,1.0,1.0,1.0,1.0,0.0,1.0,1.0,1.0,1.0,1.0,1.0,1.0,1.0,1.0,193.22812404576334,36.557077663327924,1062.5645654111236,3.062319461569292,0.15165743926454087,24.0,400.2772693523703,4.0,1101.0,5.0,0.0,1.0,0.0,SyntheticBenignV4,0,train,1,9.0,synthetic_train_benign_v4_20261021_00214,1
753f9b5d1014db1c944f285810e7f23273a8899dcc6b84651d7fa06b47abc2f0,malware,1,1785836764,3776,3776,1.343031034813861e+17,Chaos__753f9b5d1014db1c944f.exe,753f9b5d1014db1c944f285810e7f23273a8899dcc6b84651d7fa06b47abc2f0,11604.0,6.0,1.0,0.0,0.0,0.0,1.0,0.0,0.0,0.0,1.0,0.0,0.0,1.0,1.0,1.0,1.0,0.0,0.0,1.0,1.0,1.0,2.8667,0.0,89.7,0.8485,2.9697,7.0,36.1993,5.0,0.0,2.0,0.0,0.0,0.0,Chaos,1,train,1,6.0,753f9b5d1014db1c944f285810e7f23273a8899dcc6b84651d7fa06b47abc2f0,0
,benign,1,1786198671,6052,6052,1.3430672269555864e+17,python.exe,,1563.0,6.0,0.0,0.0,0.0,0.0,0.0,0.0,0.0,0.0,1.0,1.0,1.0,1.0,1.0,1.0,1.0,1.0,1.0,1.0,1.0,1.0,112.0333,11.6667,920.4,3.0014,3.5313,7.0,9.5556,4.0,350.0,3.0,0.0,3.0,0.0,python.exe,0,train,1,6.0,benign_missing_run_train_0073,0
synthetic_train_benign_v4_20261021_00013,benign,1,1786198819,2828,2828,1.3430672417126842e+17,synthetic_benign_v4.exe,1c2b151e0dde17393bd55162b3d123a8880ec5a38bd15458bcdea0a601aacb00,2954.0,6.0,0.0,0.0,0.0,0.0,0.0,1.0,1.0,0.0,1.0,0.0,1.0,0.0,1.0,1.0,1.0,1.0,1.0,1.0,1.0,1.0,179.25145458247295,7.796077146105843,26.921211289211506,0.4428284928467575,5.1880272966873235,96.0,10.627554451650525,63.0,63.0,141.0,0.0,3.0,0.0,SyntheticBenignV4,0,train,1,6.0,synthetic_train_benign_v4_20261021_00013,1
r_20260801_001458_00004,malware,1,1785518850,5336,5336,1.34299924465334e+17,Mallox__45a236e7aa80515aafb6c656c758faad6e77fb435b35bfa407aef3918212078d.exe,45a236e7aa80515aafb6c656c758faad6e77fb435b35bfa407aef3918212078d,3593.0,6.0,1.0,0.0,1.0,0.0,1.0,1.0,1.0,0.0,1.0,0.0,0.0,0.0,0.0,0.0,1.0,0.0,0.0,0.0,0.0,0.0,0.6,0.0,75.3,-0.0006,0.0,0.0,578.9641,1.0,0.0,0.0,0.0,0.0,0.0,Mallox,1,train,1,6.0,r_20260801_001458_00004,0
r_20260801_001238_00118,malware,1,1785544759,6592,6592,1.3430018343231792e+17,Conti__df5ab9015833023a03f92a797e20196672c1d6525501a9f9a94a45b0904c7403.exe,df5ab9015833023a03f92a797e20196672c1d6525501a9f9a94a45b0904c7403,15914.0,7.0,1.0,0.0,0.0,0.0,1.0,0.0,0.0,0.0,0.0,1.0,1.0,1.0,1.0,1.0,0.0,1.0,1.0,1.0,1.0,1.0,388.5667,10.4,11.5,3.1943,3.2917,11.0,12.9328,7.0,291.0,5.0,0.0,2.0,0.0,Conti,1,train,1,7.0,r_20260801_001238_00118,0
synthetic_train_benign_v4_20261021_00029,benign,1,1786198819,2828,2828,1.3430672417126842e+17,synthetic_benign_v4.exe,2e32b9d9eb31cde22d69842dcd76bddd6dac2b9908ad190e667e6d92ffc90bd8,154027.0,7.0,0.0,0.0,1.0,0.0,0.0,1.0,0.0,0.0,0.0,1.0,1.0,1.0,1.0,1.0,1.0,1.0,1.0,1.0,1.0,1.0,99.88343992061921,15.435698283634613,1148.68725927096,2.665234036863597,3.4586750544149556,16.0,401.47181792869503,14.0,568.0,8.0,0.0,3.0,0.0,SyntheticBenignV4,0,train,1,7.0,synthetic_train_benign_v4_20261021_00029,1
f6fbfa9fe38f69f8806d60072b7e8a9aceacf4a2b27095f7297f529ba986eab4,malware,1,1785822932,5720,5720,1.3430296527729565e+17,LockBit__f6fbfa9fe38f69f8806d.exe,f6fbfa9fe38f69f8806d60072b7e8a9aceacf4a2b27095f7297f529ba986eab4,5013.0,7.0,1.0,0.0,1.0,0.0,0.0,0.0,0.0,1.0,1.0,0.0,0.0,1.0,1.0,1.0,1.0,0.0,0.0,1.0,1.0,1.0,2.3333,0.1333,48.6,-0.3263,2.977,37.0,22.7097,9.0,1.0,34.0,0.0,3.0,0.0,LockBit,1,train,1,7.0,f6fbfa9fe38f69f8806d60072b7e8a9aceacf4a2b27095f7297f529ba986eab4,0
f06b905626d742ec5a1eab8027d9097b74fd0413a901d0599eac8555d1f89e50,malware,1,1785643071,7888,7888,1.343011662549118e+17,Rhysida__f06b905626d742ec5a1e.exe,f06b905626d742ec5a1eab8027d9097b74fd0413a901d0599eac8555d1f89e50,45089.0,6.0,1.0,0.0,1.0,0.0,1.0,1.0,0.0,0.0,1.0,1.0,0.0,0.0,0.0,0.0,1.0,1.0,0.0,0.0,0.0,0.0,23.9667,0.8333,658.6,0.0,0.0,10.0,384.9207,13.0,7.0,14.0,0.0,2.0,0.0,Rhysida,1,train,1,6.0,f06b905626d742ec5a1eab8027d9097b74fd0413a901d0599eac8555d1f89e50,0
r_20260730_220149_00029,malware,1,1785431320,8268,8268,1.342990488563463e+17,Babuk__117fc30c25b1f28cd923b530ab9f91a0a818925b0b89b8bc9a7f820a9e630464.exe,117fc30c25b1f28cd923b530ab9f91a0a818925b0b89b8bc9a7f820a9e630464,33195.0,6.0,1.0,0.0,1.0,0.0,0.0,1.0,1.0,1.0,0.0,1.0,0.0,0.0,0.0,0.0,0.0,1.0,0.0,0.0,0.0,0.0,274.3,0.0,0.0,2.3319,0.0,0.0,347.7695,2.0,0.0,0.0,0.0,0.0,0.0,Babuk,1,train,1,6.0,r_20260730_220149_00029,0
41c9080f9c90e00a431b2fb04b461584abe68576996379a97469a71be42fc6ff,malware,1,1785671160,8868,8868,1.343014450740636e+17,Trigona__41c9080f9c90e00a431b.exe,41c9080f9c90e00a431b2fb04b461584abe68576996379a97469a71be42fc6ff,252154.0,7.0,1.0,0.0,0.0,0.0,0.0,0.0,0.0,1.0,1.0,1.0,0.0,1.0,1.0,1.0,0.0,0.0,0.0,1.0,1.0,1.0,0.4,0.0667,0.4667,2.982,2.982,1.0,16.6475,5.0,1.0,2.0,0.0,2.0,0.0,Trigona,1,train,1,7.0,41c9080f9c90e00a431b2fb04b461584abe68576996379a97469a71be42fc6ff,0
r_20260801_001238_00111,malware,1,1785543044,5272,5272,1.3430016642219363e+17,Conti__cb97e89541d61de376a4e041b66f80181811dfadb4b4d6c094a42632017604c2.exe,cb97e89541d61de376a4e041b66f80181811dfadb4b4d6c094a42632017604c2,1473.0,6.0,1.0,0.0,0.0,0.0,0.0,0.0,0.0,0.0,0.0,1.0,1.0,1.0,1.0,1.0,0.0,1.0,1.0,1.0,1.0,1.0,65.2667,13.3667,17.3667,3.3008,3.3008,1.0,18.6222,8.0,378.0,6.0,0.0,1.0,0.0,Conti,1,train,1,6.0,r_20260801_001238_00111,0
synthetic_train_benign_v4_20261021_00213,benign,1,1786198866,11312,11312,1.3430672464078317e+17,synthetic_benign_v4.exe,c12b2a9901eca076e71899e1fcad7f76450d35bf19edb4d7b74be20e9a2c91b9,180216.0,6.0,0.0,1.0,0.0,0.0,1.0,0.0,0.0,0.0,1.0,0.0,1.0,1.0,0.0,1.0,1.0,1.0,1.0,1.0,1.0,1.0,154.01286952208036,53.82679568136924,1804.9872854202038,2.8848661301459617,0.4184697076955809,31.0,323.0651018892376,3.0,465.0,123.0,0.0,3.0,0.0,SyntheticBenignV4,0,train,1,6.0,synthetic_train_benign_v4_20261021_00213,1
synthetic_train_benign_v4_20261021_00267,benign,1,1786198554,2416,2416,1.343067215322543e+17,synthetic_benign_v4.exe,0f023896906460380b04dcb67bf578efd47ca79df08a323673838d47f65f9d64,21278.0,6.0,0.0,1.0,0.0,0.0,1.0,0.0,1.0,0.0,1.0,0.0,1.0,1.0,0.0,0.0,1.0,1.0,1.0,1.0,1.0,1.0,167.57293584138597,47.62061687219333,998.5047535541241,3.8375559504220083,3.2657264052079356,87.0,12.666477071965815,5.0,314.0,40.0,0.0,3.0,0.0,SyntheticBenignV4,0,train,1,6.0,synthetic_train_benign_v4_20261021_00267,1
synthetic_train_benign_v4_20261021_00140,benign,1,1786197347,1212,1212,1.343067094631076e+17,synthetic_benign_v4.exe,2def19040f6121e94d898a06974921fe8029ed14844fc5f2893b069ab9a17cf4,1823.0,9.0,0.0,0.0,0.0,1.0,0.0,1.0,1.0,1.0,1.0,1.0,0.0,1.0,1.0,1.0,1.0,1.0,1.0,1.0,1.0,1.0,48.779237414341786,19.61405905410384,1385.6521651027274,3.5108061045486068,3.061931628914796,8.0,10.817144566610903,4.0,882.0,49.0,0.0,3.0,0.0,SyntheticBenignV4,0,train,1,9.0,synthetic_train_benign_v4_20261021_00140,1
benign_f9f14_004,benign,1,1786197049,5684,5684,1.3430670648783542e+17,python.exe,,831.0,6.0,0.0,0.0,0.0,0.0,0.0,0.0,0.0,0.0,1.0,1.0,1.0,1.0,1.0,1.0,1.0,1.0,1.0,1.0,1.0,1.0,68.9667,8.0,431.4333,3.0697,3.3457,13.0,6.4694,4.0,240.0,5.0,0.0,3.0,0.0,python.exe,0,train,1,6.0,benign_run_benign_f9f14_004,0
r_20260731_233412_00006,malware,1,1785516992,11960,11960,1.3429990585920131e+17,Mallox__2289706f678585059502a24283e0f55d56cf477524753c606f64825bba66fca8.exe,2289706f678585059502a24283e0f55d56cf477524753c606f64825bba66fca8,5330.0,6.0,1.0,0.0,1.0,0.0,1.0,1.0,1.0,0.0,1.0,0.0,0.0,0.0,0.0,0.0,1.0,0.0,0.0,0.0,0.0,0.0,0.6,0.0,34.6333,0.6277,0.0,0.0,578.9641,1.0,0.0,0.0,0.0,0.0,0.0,Mallox,1,train,1,6.0,r_20260731_233412_00006,0
8cf67f9a52293ba9a55e0302460290fee19f3fcad83c1f9e4ab143ca998ac157,malware,1,1785667158,7660,7660,1.3430140552900829e+17,Trigona__8cf67f9a52293ba9a55e.exe,8cf67f9a52293ba9a55e0302460290fee19f3fcad83c1f9e4ab143ca998ac157,202867.0,6.0,1.0,0.0,0.0,0.0,0.0,1.0,0.0,0.0,1.0,1.0,1.0,0.0,1.0,0.0,0.0,1.0,1.0,0.0,1.0,0.0,43.1667,8.3333,24.1333,1.4067,2.8543,107.0,207.7626,15.0,44.0,142.0,0.0,3.0,0.0,Trigona,1,train,1,6.0,8cf67f9a52293ba9a55e0302460290fee19f3fcad83c1f9e4ab143ca998ac157,0
synthetic_train_benign_v4_20261021_00366,benign,1,1786197049,5684,5684,1.3430670648783542e+17,synthetic_benign_v4.exe,f9876ee1d5961f0ce36ef9f1244cef84355a11e1c61f22d2f3f4c5ac54c1d327,2213.0,9.0,0.0,1.0,1.0,1.0,0.0,1.0,1.0,0.0,1.0,0.0,0.0,1.0,1.0,1.0,1.0,1.0,1.0,1.0,1.0,1.0,237.05671929632587,32.68005177965477,1781.265204021145,3.063497269689419,5.677938665087804,9.0,381.54876219438916,5.0,825.0,4.0,0.0,3.0,0.0,SyntheticBenignV4,0,train,1,9.0,synthetic_train_benign_v4_20261021_00366,1
r_20260802_053346_00011,malware,1,1785627306,10956,10956,1.3430100901983858e+17,Medusa__add2850732c42683ee92ba555bbffb88bf5a4eee7c51e24f15a898f2d5aff66b.exe,add2850732c42683ee92ba555bbffb88bf5a4eee7c51e24f15a898f2d5aff66b,3814.0,6.0,1.0,0.0,1.0,0.0,1.0,1.0,0.0,0.0,0.0,1.0,0.0,1.0,0.0,0.0,0.0,1.0,0.0,1.0,0.0,0.0,219.6667,2.4333,10.8667,,0.0,0.0,509.6044,13.0,47.0,11.0,0.0,3.0,0.0,Medusa,1,train,1,6.0,r_20260802_053346_00011,0
d5c2f87033a5baeeb1b5b681f2c4a156ff1c05ccd1bfdaf6eae019fc4d5320ee,malware,1,1785642335,6420,6420,1.3430115923357918e+17,Rhysida__d5c2f87033a5baeeb1b5.exe,d5c2f87033a5baeeb1b5b681f2c4a156ff1c05ccd1bfdaf6eae019fc4d5320ee,11124.0,6.0,1.0,0.0,1.0,0.0,1.0,0.0,0.0,0.0,1.0,1.0,1.0,0.0,0.0,0.0,1.0,1.0,1.0,0.0,0.0,0.0,30.3333,6.6333,923.8667,0.0,0.0,3.0,178.2445,10.0,165.0,4.0,0.0,1.0,0.0,Rhysida,1,train,1,6.0,d5c2f87033a5baeeb1b5b681f2c4a156ff1c05ccd1bfdaf6eae019fc4d5320ee,0
synthetic_train_benign_v4_20261021_00189,benign,1,1786197146,10672,10672,1.34306707449994e+17,synthetic_benign_v4.exe,296ba2c0efc15eda6358d102e56d6476112c347b7a3d3995fddbac4b02e4b34c,1939.0,9.0,1.0,1.0,0.0,0.0,1.0,1.0,1.0,1.0,0.0,0.0,1.0,0.0,1.0,1.0,1.0,1.0,1.0,1.0,1.0,1.0,120.53672307158483,13.25233278533322,756.7869797305572,4.39104795679844,0.017629622762993815,29.0,8.99193130882587,4.0,501.0,10.0,0.0,3.0,0.0,SyntheticBenignV4,0,train,1,9.0,synthetic_train_benign_v4_20261021_00189,1
r_20260801_001238_00105,malware,1,1785541536,11232,11232,1.3430015119838494e+17,Conti__b10129c175c007148dd4f5aff4d7fb61eb3e4b0ed4897fea6b33e90555f2b845.exe,b10129c175c007148dd4f5aff4d7fb61eb3e4b0ed4897fea6b33e90555f2b845,16613.0,7.0,1.0,0.0,0.0,0.0,1.0,0.0,0.0,0.0,0.0,1.0,1.0,1.0,1.0,1.0,0.0,1.0,1.0,1.0,1.0,1.0,251.0333,6.4667,7.7667,2.8975,3.08,4.0,26.8486,7.0,179.0,2.0,0.0,2.0,0.0,Conti,1,train,1,7.0,r_20260801_001238_00105,0
f6f74e05e24dd2e4e60e5fb50f73fc720ee826a43f2f0056e5b88724fa06fbab,malware,1,1785648596,8716,8716,1.3430122161113496e+17,Rhysida__f6f74e05e24dd2e4e60e.exe,f6f74e05e24dd2e4e60e5fb50f73fc720ee826a43f2f0056e5b88724fa06fbab,28953.0,6.0,1.0,0.0,1.0,0.0,1.0,1.0,0.0,0.0,1.0,1.0,0.0,0.0,0.0,0.0,1.0,1.0,0.0,0.0,0.0,0.0,25.8,2.0,647.7667,0.0,0.0,5.0,183.1374,17.0,9.0,24.0,0.0,3.0,0.0,Rhysida,1,train,1,6.0,f6f74e05e24dd2e4e60e5fb50f73fc720ee826a43f2f0056e5b88724fa06fbab,0
r_20260801_001458_00026,malware,1,1785523554,8224,8224,1.3429997151872349e+17,Mallox__df29d5c4a750663440ce76d6804ce88e03faeef9591ec0b3b9ca348a6c930b7f.exe,df29d5c4a750663440ce76d6804ce88e03faeef9591ec0b3b9ca348a6c930b7f,1561.0,6.0,1.0,0.0,1.0,0.0,1.0,1.0,1.0,0.0,1.0,0.0,0.0,0.0,0.0,0.0,1.0,0.0,0.0,0.0,0.0,0.0,0.5,0.0,82.0,5.061,0.0,0.0,566.2651,1.0,0.0,0.0,0.0,0.0,0.0,Mallox,1,train,1,6.0,r_20260801_001458_00026,0
r_20260730_152625_00009,malware,1,1785401840,1428,1428,1.3429875438407277e+17,Babuk__06cf663fa6a023cda386f3f2530b2d950c6baf6c1431382d91ed3aa65c59fede.exe,06cf663fa6a023cda386f3f2530b2d950c6baf6c1431382d91ed3aa65c59fede,1876.0,8.0,1.0,0.0,1.0,0.0,1.0,1.0,1.0,0.0,1.0,1.0,1.0,0.0,0.0,0.0,1.0,1.0,1.0,0.0,0.0,0.0,124.0,24.2333,75.8667,0.0,0.0,3.0,498.6864,24.0,681.0,9.0,0.0,2.0,0.0,Babuk,1,train,1,8.0,r_20260730_152625_00009,0
adc4f4469d9c4873a9d6a5f1118f74a7a6aec9fd8c50b45b016f0a8d3cef2d1c,malware,1,1785679508,1224,1224,1.34301528982681e+17,Trigona__adc4f4469d9c4873a9d6.exe,adc4f4469d9c4873a9d6a5f1118f74a7a6aec9fd8c50b45b016f0a8d3cef2d1c,209721.0,8.0,1.0,0.0,0.0,0.0,0.0,1.0,0.0,0.0,1.0,1.0,1.0,1.0,1.0,1.0,0.0,1.0,1.0,1.0,1.0,1.0,45.2333,8.1,25.0667,1.0913,2.9733,30.0,12.2031,12.0,118.0,42.0,0.0,3.0,0.0,Trigona,1,train,1,8.0,adc4f4469d9c4873a9d6a5f1118f74a7a6aec9fd8c50b45b016f0a8d3cef2d1c,0
r_20260801_001238_00107,malware,1,1785542008,6940,6940,1.3430015598316877e+17,Conti__b70e78971fc44f8413447139afe777f19fd1b0d203f2d40f66f41cd6100a1c95.exe,b70e78971fc44f8413447139afe777f19fd1b0d203f2d40f66f41cd6100a1c95,9838.0,6.0,1.0,0.0,1.0,0.0,0.0,0.0,0.0,0.0,0.0,1.0,0.0,1.0,1.0,1.0,0.0,1.0,0.0,1.0,1.0,1.0,23.2,3.1333,5.2667,3.1197,3.2844,5.0,20.447,6.0,76.0,5.0,0.0,2.0,0.0,Conti,1,train,1,6.0,r_20260801_001238_00107,0
synthetic_train_benign_v4_20261021_00190,benign,1,1786197146,10672,10672,1.34306707449994e+17,synthetic_benign_v4.exe,16df32207b07907479f9e516a25b58f656ef11fd00a24a026a40a27ce0dfd6a0,1263.0,7.0,1.0,1.0,0.0,0.0,0.0,0.0,0.0,1.0,1.0,1.0,0.0,1.0,0.0,1.0,1.0,1.0,1.0,1.0,1.0,1.0,88.2690476226517,13.948077473283751,1363.305009246779,0.5590963500072864,2.016252898530927,79.0,428.4109552888731,53.0,514.0,10.0,0.0,3.0,0.0,SyntheticBenignV4,0,train,1,7.0,synthetic_train_benign_v4_20261021_00190,1
synthetic_train_benign_v4_20261021_00127,benign,1,1786198723,236,236,1.3430672321755165e+17,synthetic_benign_v4.exe,21ff7904e07d782e6e8112b83dc470199a813b01785f8afaa8ac8181d0ded323,86373.0,9.0,0.0,0.0,1.0,0.0,1.0,1.0,0.0,1.0,1.0,1.0,1.0,0.0,1.0,1.0,1.0,1.0,1.0,1.0,1.0,1.0,183.93302799796203,23.108167883275797,62.77581855621199,2.1802043174122847,2.738063309439209,74.0,15.97484197895068,5.0,958.0,95.0,0.0,3.0,0.0,SyntheticBenignV4,0,train,1,9.0,synthetic_train_benign_v4_20261021_00127,1
r_20260730_213552_00046,malware,1,1785433912,424,424,1.342990750321728e+17,Babuk__44df64e201f3e8fb0ec9f113e3ab7a674d3aedd43dc7a904a7779cce506b0e38.exe,44df64e201f3e8fb0ec9f113e3ab7a674d3aedd43dc7a904a7779cce506b0e38,8711.0,8.0,1.0,0.0,1.0,0.0,1.0,1.0,1.0,0.0,1.0,1.0,1.0,0.0,0.0,0.0,1.0,1.0,1.0,0.0,0.0,0.0,299.8667,58.1667,258.2333,0.0,0.0,14.0,379.2335,68.0,1193.0,69.0,0.0,3.0,0.0,Babuk,1,train,1,8.0,r_20260730_213552_00046,0
r_20260801_001458_00246,malware,1,1785605044,10596,10596,1.3430078617962962e+17,Sodinokibi__dc732c1ebfd20e219236289f1815830abd704bc340e8e35966754666c1a2cd01.exe,dc732c1ebfd20e219236289f1815830abd704bc340e8e35966754666c1a2cd01,25405.0,6.0,1.0,0.0,0.0,0.0,0.0,0.0,0.0,1.0,0.0,0.0,1.0,1.0,1.0,1.0,0.0,0.0,1.0,1.0,1.0,1.0,16.5667,5.3333,6.7,2.981,3.2868,3.0,36.7246,6.0,142.0,5.0,0.0,2.0,0.0,Sodinokibi,1,train,1,6.0,r_20260801_001458_00246,0
f06974117c40911501007b835777d44b67171bae4ddb4b77a0842fe3a93bc3a6,malware,1,1785684584,8324,8324,1.343015793422302e+17,Trigona__f06974117c4091150100.exe,f06974117c40911501007b835777d44b67171bae4ddb4b77a0842fe3a93bc3a6,248325.0,6.0,1.0,0.0,0.0,0.0,0.0,1.0,0.0,0.0,1.0,1.0,1.0,0.0,1.0,0.0,0.0,1.0,1.0,0.0,1.0,0.0,41.4333,8.1333,58.7333,3.3529,4.1151,6.0,202.2813,12.0,182.0,38.0,0.0,2.0,0.0,Trigona,1,train,1,6.0,f06974117c40911501007b835777d44b67171bae4ddb4b77a0842fe3a93bc3a6,0
234da3dc480e8780970e273b2867fd7813f99a34b3fbbedce6e3f4ce51c37780,malware,1,1785673199,7588,7588,1.3430146582338083e+17,Trigona__234da3dc480e8780970e.exe,234da3dc480e8780970e273b2867fd7813f99a34b3fbbedce6e3f4ce51c37780,216270.0,6.0,1.0,0.0,0.0,0.0,0.0,1.0,0.0,0.0,1.0,1.0,1.0,0.0,1.0,0.0,0.0,1.0,1.0,0.0,1.0,0.0,54.9667,9.9333,32.6,1.2443,3.9851,54.0,191.6988,12.0,142.0,64.0,0.0,3.0,0.0,Trigona,1,train,1,6.0,234da3dc480e8780970e273b2867fd7813f99a34b3fbbedce6e3f4ce51c37780,0
1c70fdf9bfa243c7a8ca09d466faf202b6bbdfb2f4e53852a78884e845cc73a0,malware,1,1785664110,4288,4288,1.3430137472941187e+17,Trigona__1c70fdf9bfa243c7a8ca.exe,1c70fdf9bfa243c7a8ca09d466faf202b6bbdfb2f4e53852a78884e845cc73a0,237125.0,6.0,1.0,0.0,0.0,0.0,0.0,1.0,0.0,0.0,1.0,1.0,1.0,0.0,1.0,0.0,0.0,1.0,1.0,0.0,1.0,0.0,45.7333,8.8,45.8667,1.351,3.9076,169.0,188.5465,17.0,44.0,175.0,0.0,3.0,0.0,Trigona,1,train,1,6.0,1c70fdf9bfa243c7a8ca09d466faf202b6bbdfb2f4e53852a78884e845cc73a0,0
synthetic_train_benign_v4_20261021_00294,benign,1,1786197347,1212,1212,1.343067094631076e+17,synthetic_benign_v4.exe,7cbe91e646e4b4c98125626871137ec528456d0355736b0c3c025825dda0675b,148433.0,7.0,0.0,1.0,0.0,1.0,1.0,0.0,0.0,0.0,1.0,0.0,1.0,0.0,1.0,1.0,1.0,1.0,1.0,1.0,1.0,1.0,48.96012715448413,10.138804815694932,718.1421106084357,3.2737055639248855,4.148976436449021,10.0,12.132997269325744,4.0,788.0,3.0,0.0,3.0,0.0,SyntheticBenignV4,0,train,1,7.0,synthetic_train_benign_v4_20261021_00294,1
ebcacef587c73ab33ebea025ffd6bf5d303dcf2382c25bdeac960a63d9252762,malware,1,1785683660,4784,4784,1.343015706641958e+17,Trigona__ebcacef587c73ab33ebe.exe,ebcacef587c73ab33ebea025ffd6bf5d303dcf2382c25bdeac960a63d9252762,191629.0,6.0,1.0,0.0,0.0,0.0,0.0,1.0,0.0,0.0,1.0,1.0,1.0,0.0,1.0,0.0,0.0,1.0,1.0,0.0,1.0,0.0,27.9667,5.1667,15.1333,1.0421,2.6116,17.0,377.855,12.0,52.0,27.0,0.0,3.0,0.0,Trigona,1,train,1,6.0,ebcacef587c73ab33ebea025ffd6bf5d303dcf2382c25bdeac960a63d9252762,0
synthetic_train_benign_v4_20261021_00299,benign,1,1786197049,5684,5684,1.3430670648783542e+17,synthetic_benign_v4.exe,872b41c3ed3ada07f388be6afaaec023dfaa70ac638b8842949bcddd6233a337,93257.0,11.0,1.0,1.0,1.0,1.0,0.0,1.0,1.0,1.0,0.0,0.0,1.0,1.0,1.0,1.0,1.0,1.0,1.0,1.0,1.0,1.0,69.87749528333083,8.80205498791108,972.1214684316669,1.6791202697164989,0.4809320790750029,10.0,487.6971235522055,5.0,206.0,132.0,0.0,3.0,0.0,SyntheticBenignV4,0,train,1,11.0,synthetic_train_benign_v4_20261021_00299,1
synthetic_train_benign_v4_20261021_00032,benign,1,1785924796,9524,9524,1.3430398394430122e+17,synthetic_benign_v4.exe,8f1e73a65e896d0c97346bb886dfa1f705af968658e81d3c9a8a65a0daaff2e8,203664.0,6.0,0.0,0.0,0.0,0.0,1.0,1.0,0.0,1.0,1.0,0.0,0.0,1.0,1.0,0.0,1.0,1.0,1.0,1.0,1.0,1.0,131.9250012496129,39.14845676512052,1253.5687054764608,2.0809395666711876,2.049491020622851,76.0,222.65003435714615,4.0,768.0,7.0,0.0,1.0,0.0,SyntheticBenignV4,0,train,1,6.0,synthetic_train_benign_v4_20261021_00032,1
synthetic_train_benign_v4_20261021_00169,benign,1,1786197347,1212,1212,1.343067094631076e+17,synthetic_benign_v4.exe,47c87ac03c815cc12751f19fb55f7f6607cda3675786451c43e068c0b493cbae,31854.0,9.0,0.0,1.0,1.0,1.0,0.0,0.0,0.0,0.0,1.0,1.0,1.0,1.0,1.0,1.0,1.0,1.0,1.0,1.0,1.0,1.0,160.62887651044244,50.86250643156586,819.2260393582418,2.508199143936772,3.869689518276367,15.0,403.0186978691127,4.0,319.0,26.0,0.0,3.0,0.0,SyntheticBenignV4,0,train,1,9.0,synthetic_train_benign_v4_20261021_00169,1
synthetic_train_benign_v4_20261021_00143,benign,1,1786196998,11944,11944,1.3430670597531022e+17,synthetic_benign_v4.exe,f625303cbbab5fe08c416209812cf288344987ced33c59ef7062b000c9025ca8,2474.0,6.0,0.0,1.0,0.0,1.0,0.0,0.0,0.0,1.0,0.0,1.0,0.0,1.0,0.0,1.0,1.0,1.0,1.0,1.0,1.0,1.0,138.45777774901475,9.894413572934205,743.8527447570053,0.2287925190588553,3.301415303748818,7.0,6.33188743090618,5.0,435.0,116.0,0.0,1.0,0.0,SyntheticBenignV4,0,train,1,6.0,synthetic_train_benign_v4_20261021_00143,1
synthetic_train_benign_v4_20261021_00108,benign,1,1786198497,11608,11608,1.3430672095426877e+17,synthetic_benign_v4.exe,c15c0954f25ab4103ef58adbc3cad8d4a25bfbf030d55bde42351d5c0f8666cf,1650.0,8.0,1.0,0.0,1.0,1.0,0.0,1.0,1.0,1.0,1.0,1.0,0.0,0.0,0.0,0.0,1.0,1.0,1.0,1.0,1.0,1.0,244.58100553083517,19.60475508286306,1208.909417762047,3.1832819856501624,2.6495059073501412,39.0,287.3509764060308,40.0,575.0,82.0,0.0,3.0,0.0,SyntheticBenignV4,0,train,1,8.0,synthetic_train_benign_v4_20261021_00108,1
synthetic_train_benign_v4_20261021_00086,benign,1,1786198972,5892,5892,1.3430672570323347e+17,synthetic_benign_v4.exe,45ebeeec9923624545b290534c591c8b8e14dfcf01b2c34f912080c2069a13eb,2527.0,6.0,0.0,0.0,0.0,1.0,0.0,1.0,1.0,0.0,0.0,0.0,1.0,1.0,1.0,0.0,1.0,1.0,1.0,1.0,1.0,1.0,6.230187312745286,31.735403382176163,2402.8587976252334,0.9382111999457164,3.5125519959605915,8.0,32.48182675778616,5.0,868.0,3.0,0.0,3.0,0.0,SyntheticBenignV4,0,train,1,6.0,synthetic_train_benign_v4_20261021_00086,1
r_20260805_153704_00016,malware,1,1785923516,10300,10300,1.3430397113032083e+17,INC__3e68e5742f998c5ba34c2130b2d89ca2a6c048feb6474bc81ff000e1eaed044e.exe,3e68e5742f998c5ba34c2130b2d89ca2a6c048feb6474bc81ff000e1eaed044e,2923.0,6.0,1.0,0.0,0.0,0.0,0.0,0.0,0.0,0.0,0.0,1.0,1.0,1.0,1.0,1.0,0.0,1.0,1.0,1.0,1.0,1.0,34.6667,5.6667,7.7667,1.7636,1.8887,3.0,36.5091,5.0,154.0,2.0,0.0,0.0,0.0,INC,1,train,1,6.0,r_20260805_153704_00016,0
synthetic_train_benign_v4_20261021_00224,benign,1,1785924796,9524,9524,1.3430398394430122e+17,synthetic_benign_v4.exe,eefe449b919089f7b5dfb3530fed70af7d2d8fdd8c42e34fd5f39554d061257a,1685.0,8.0,0.0,1.0,0.0,0.0,1.0,1.0,0.0,0.0,1.0,1.0,1.0,1.0,1.0,0.0,1.0,1.0,1.0,1.0,1.0,1.0,106.72784984263508,38.9458093048097,616.3975758701092,5.2507841767771115,0.0074350749248750896,38.0,325.40151476426485,3.0,1035.0,1.0,0.0,1.0,0.0,SyntheticBenignV4,0,train,1,8.0,synthetic_train_benign_v4_20261021_00224,1
synthetic_train_benign_v4_20261021_00286,benign,1,1786197347,1212,1212,1.343067094631076e+17,synthetic_benign_v4.exe,c1610584add1f297ad1bb3c6ffaf879aadbc913550740c7a74627256ffa5de22,1222.0,9.0,0.0,0.0,0.0,1.0,1.0,1.0,1.0,1.0,1.0,1.0,1.0,1.0,0.0,0.0,1.0,1.0,1.0,1.0,1.0,1.0,69.19318230932478,12.89686832811752,1019.0167761271025,1.1431821124786976,3.461556352091286,19.0,13.399633818333777,65.0,295.0,118.0,0.0,3.0,0.0,SyntheticBenignV4,0,train,1,9.0,synthetic_train_benign_v4_20261021_00286,1
synthetic_train_benign_v4_20261021_00369,benign,1,1786198866,11312,11312,1.3430672464078317e+17,synthetic_benign_v4.exe,4ca7259376d56c9780cea0815fa019a940ee41d78e98fa22e420f2493220a6f1,58359.0,10.0,0.0,1.0,1.0,0.0,1.0,1.0,1.0,1.0,1.0,1.0,1.0,1.0,0.0,0.0,1.0,1.0,1.0,1.0,1.0,1.0,186.7812003140936,45.22464281370459,2011.983692124899,1.4857598901266291,3.6422070652369762,64.0,11.241079321191291,3.0,769.0,8.0,0.0,3.0,0.0,SyntheticBenignV4,0,train,1,10.0,synthetic_train_benign_v4_20261021_00369,1
r_20260730_213552_00043,malware,1,1785433184,1228,1228,1.3429906776382824e+17,Babuk__3e5ca77f299d56fad7ebca8259eecd6f47efce6265e8ed621e7b7081f9230cdc.exe,3e5ca77f299d56fad7ebca8259eecd6f47efce6265e8ed621e7b7081f9230cdc,7856.0,8.0,1.0,0.0,1.0,0.0,1.0,1.0,1.0,0.0,1.0,1.0,1.0,0.0,0.0,0.0,1.0,1.0,1.0,0.0,0.0,0.0,297.4,57.8,274.5333,0.0,0.0,9.0,196.9037,67.0,1200.0,71.0,0.0,2.0,0.0,Babuk,1,train,1,8.0,r_20260730_213552_00043,0
synthetic_train_benign_v4_20261021_00014,benign,1,1786198671,6052,6052,1.3430672269555864e+17,synthetic_benign_v4.exe,6881a8ca27d5b0cb7495ff731dc720597f795b1ee7aaa7510c96424518b8cbee,218059.0,7.0,1.0,0.0,1.0,1.0,0.0,0.0,0.0,1.0,0.0,0.0,1.0,1.0,0.0,1.0,1.0,1.0,1.0,1.0,1.0,1.0,84.89637189040657,17.109321346347347,706.8809433987855,2.396120540888431,4.379072432855878,7.0,537.2630581882147,5.0,1188.0,3.0,0.0,3.0,0.0,SyntheticBenignV4,0,train,1,7.0,synthetic_train_benign_v4_20261021_00014,1
synthetic_train_benign_v4_20261021_00280,benign,1,1786198671,6052,6052,1.3430672269555864e+17,synthetic_benign_v4.exe,cd6bb9ea7455a0376a6248646275f8e132ec7d17639329f8d54a438cace03667,118297.0,7.0,1.0,0.0,0.0,0.0,0.0,1.0,0.0,1.0,0.0,0.0,1.0,1.0,1.0,1.0,1.0,1.0,1.0,1.0,1.0,1.0,103.55915398472037,25.55492457469369,855.6020607805683,2.8942784888068718,3.2479279614576306,8.0,7.772814714471679,4.0,217.0,3.0,0.0,3.0,0.0,SyntheticBenignV4,0,train,1,7.0,synthetic_train_benign_v4_20261021_00280,1
synthetic_train_benign_v4_20261021_00192,benign,1,1786197146,10672,10672,1.34306707449994e+17,synthetic_benign_v4.exe,b21cf684ec0747028e512463b70f8365d632636439a0fca95c5008903b843bcb,2122.0,7.0,1.0,0.0,0.0,0.0,0.0,1.0,0.0,1.0,1.0,0.0,1.0,0.0,1.0,1.0,1.0,1.0,1.0,1.0,1.0,1.0,126.21950209309597,13.752855395371165,1050.4600214834263,2.653689499776278,3.492432201030816,66.0,315.80914775000457,4.0,807.0,139.0,0.0,3.0,0.0,SyntheticBenignV4,0,train,1,7.0,synthetic_train_benign_v4_20261021_00192,1
r_20260801_001238_00108,malware,1,1785542283,10468,10468,1.343001586712613e+17,Conti__b714cb02cfd5d67e1502b45242636ee6b35c1b609072d3082378c50a177df15d.exe,b714cb02cfd5d67e1502b45242636ee6b35c1b609072d3082378c50a177df15d,15919.0,7.0,1.0,0.0,0.0,0.0,1.0,0.0,0.0,0.0,0.0,1.0,1.0,1.0,1.0,1.0,0.0,1.0,1.0,1.0,1.0,1.0,218.1,5.5667,7.2333,2.8657,3.1043,4.0,20.1528,7.0,152.0,2.0,0.0,2.0,0.0,Conti,1,train,1,7.0,r_20260801_001238_00108,0
synthetic_train_benign_v4_20261021_00221,benign,1,1786197049,5684,5684,1.3430670648783542e+17,synthetic_benign_v4.exe,dc6bdb115af0d0167b687c38029f0f1bfe3144b8cd5922ffb86e0142e6c03fe7,8110.0,7.0,1.0,0.0,0.0,0.0,1.0,1.0,0.0,0.0,1.0,1.0,1.0,0.0,1.0,0.0,1.0,1.0,1.0,1.0,1.0,1.0,293.5095709784528,12.716506866069082,803.5322033247234,2.2084079731950426,3.576073255919504,35.0,242.41419459605774,61.0,293.0,60.0,0.0,3.0,0.0,SyntheticBenignV4,0,train,1,7.0,synthetic_train_benign_v4_20261021_00221,1
synthetic_train_benign_v4_20261021_00198,benign,1,1786198972,5892,5892,1.3430672570323347e+17,synthetic_benign_v4.exe,012a3ddc3875959cff8d3f117b83154a02575d33bd21e198d048bde1d182c94d,34110.0,6.0,0.0,0.0,1.0,0.0,0.0,1.0,0.0,1.0,0.0,0.0,1.0,0.0,1.0,1.0,1.0,1.0,1.0,1.0,1.0,1.0,13.016921267092851,41.58427063444297,1976.0620824186024,3.2019770360135182,4.020121780194564,4.0,116.53393714394743,4.0,839.0,6.0,0.0,3.0,0.0,SyntheticBenignV4,0,train,1,6.0,synthetic_train_benign_v4_20261021_00198,1
r_20260801_001458_00196,malware,1,1785568748,9180,9180,1.3430042341486115e+17,Sodinokibi__3cff33197edc918d47d08f44d6ddbdda157337f0ad58288d15746cf72c0e4c57.exe,3cff33197edc918d47d08f44d6ddbdda157337f0ad58288d15746cf72c0e4c57,3797.0,6.0,1.0,0.0,0.0,0.0,0.0,0.0,0.0,0.0,0.0,1.0,1.0,1.0,1.0,1.0,0.0,1.0,1.0,1.0,1.0,1.0,24.8667,8.1,9.4,2.9585,3.2848,3.0,20.0411,6.0,225.0,5.0,0.0,2.0,0.0,Sodinokibi,1,train,1,6.0,r_20260801_001458_00196,0
r_20260805_112203_00012,malware,1,1785906500,5820,5820,1.343038009323323e+17,Dharma__7af890c71121d682203be3b23497272f4338cdc27f5af49c41f8275d582e85e1.exe,7af890c71121d682203be3b23497272f4338cdc27f5af49c41f8275d582e85e1,7534.0,6.0,1.0,0.0,0.0,0.0,0.0,0.0,0.0,0.0,1.0,1.0,1.0,1.0,0.0,1.0,1.0,1.0,1.0,1.0,0.0,1.0,271.7333,5.2333,93.5667,0.0,0.0,1.0,0.8432,8.0,154.0,161.0,0.0,3.0,0.0,Dharma,1,train,1,6.0,r_20260805_112203_00012,0
synthetic_train_benign_v4_20261021_00208,benign,1,1786197197,9516,9516,1.3430670795883811e+17,synthetic_benign_v4.exe,dbc1add957cdc5011982dfbfa90bfff9567b1ca82b7f93fbf9bbd39cb95412d7,167237.0,7.0,1.0,0.0,1.0,0.0,0.0,0.0,0.0,1.0,0.0,1.0,1.0,1.0,1.0,0.0,1.0,1.0,1.0,1.0,1.0,1.0,225.7569222238298,11.819513907904444,841.9069889799088,2.2025683704954906,3.5641588445577868,22.0,14.888574893772073,50.0,387.0,5.0,0.0,3.0,0.0,SyntheticBenignV4,0,train,1,7.0,synthetic_train_benign_v4_20261021_00208,1
r_20260730_220149_00028,malware,1,1785431056,2556,2556,1.3429904652478429e+17,Babuk__108a3966b001776c0cadac27dd9172e506069cb35d4233c140f2a3c467e043d0.exe,108a3966b001776c0cadac27dd9172e506069cb35d4233c140f2a3c467e043d0,3435.0,8.0,1.0,0.0,1.0,0.0,1.0,1.0,1.0,0.0,1.0,1.0,1.0,0.0,0.0,0.0,1.0,1.0,1.0,0.0,0.0,0.0,156.7333,30.5,77.3333,0.0,0.0,1.0,550.5815,12.0,887.0,8.0,0.0,3.0,0.0,Babuk,1,train,1,8.0,r_20260730_220149_00028,0
synthetic_train_benign_v4_20261021_00116,benign,1,1786198497,11608,11608,1.3430672095426877e+17,synthetic_benign_v4.exe,7c0b90a9d06590620cb1a7c366879be5df1597fd50ab9175fb14e681fc86894a,2431.0,9.0,1.0,0.0,1.0,1.0,0.0,0.0,1.0,1.0,1.0,1.0,0.0,1.0,0.0,1.0,1.0,1.0,1.0,1.0,1.0,1.0,128.75260018592942,9.241077289543083,858.0228372244504,3.2115648594536625,0.160744582339842,46.0,9.95999380339253,4.0,362.0,11.0,0.0,3.0,0.0,SyntheticBenignV4,0,train,1,9.0,synthetic_train_benign_v4_20261021_00116,1
synthetic_train_benign_v4_20261021_00121,benign,1,1786198866,11312,11312,1.3430672464078317e+17,synthetic_benign_v4.exe,097e74f56081b84c2bda02b15041d7dd2c2cdb1a767f476cb4339a641c76c6b2,1799.0,6.0,0.0,1.0,0.0,0.0,1.0,0.0,0.0,0.0,1.0,1.0,0.0,1.0,1.0,0.0,1.0,1.0,1.0,1.0,1.0,1.0,165.46337117812297,23.787636478202973,941.8376760099208,1.5485391279167113,3.727657732739844,73.0,91.15711031790848,31.0,400.0,8.0,0.0,3.0,0.0,SyntheticBenignV4,0,train,1,6.0,synthetic_train_benign_v4_20261021_00121,1
r_20260801_001458_00193,malware,1,1785567995,2376,2376,1.343004158322248e+17,Sodinokibi__329983dc2a23bd951b24780947cb9a6ae3fb80d5ef546e8538dfd9459b176483.exe,329983dc2a23bd951b24780947cb9a6ae3fb80d5ef546e8538dfd9459b176483,11531.0,6.0,1.0,0.0,0.0,0.0,0.0,0.0,0.0,0.0,0.0,1.0,1.0,1.0,1.0,1.0,0.0,1.0,1.0,1.0,1.0,1.0,31.6333,7.5333,10.4667,2.9248,3.2864,4.0,16.6742,6.0,208.0,5.0,0.0,2.0,0.0,Sodinokibi,1,train,1,6.0,r_20260801_001458_00193,0
df29d5c4a750663440ce76d6804ce88e03faeef9591ec0b3b9ca348a6c930b7f,malware,1,1785498803,7680,7680,1.3429972364148582e+17,Mallox__df29d5c4a750663440ce.exe,df29d5c4a750663440ce76d6804ce88e03faeef9591ec0b3b9ca348a6c930b7f,35651.0,6.0,1.0,0.0,1.0,0.0,1.0,1.0,1.0,0.0,1.0,0.0,0.0,0.0,0.0,0.0,1.0,0.0,0.0,0.0,0.0,0.0,0.2667,0.0,38.1333,,0.0,0.0,,2.0,0.0,1.0,0.0,2.0,0.0,Mallox,1,train,1,6.0,df29d5c4a750663440ce76d6804ce88e03faeef9591ec0b3b9ca348a6c930b7f,0
r_20260805_153704_00022,malware,1,1785925160,9268,9268,1.343039874537766e+17,INC__5da4f51e3ced3166336277bb04c32d0cd20f3e28db3d4f02826fee88b7583040.exe,5da4f51e3ced3166336277bb04c32d0cd20f3e28db3d4f02826fee88b7583040,14237.0,6.0,1.0,0.0,0.0,0.0,0.0,0.0,0.0,0.0,1.0,1.0,1.0,1.0,1.0,0.0,1.0,1.0,1.0,1.0,1.0,0.0,176.6,29.1667,31.2333,1.7162,1.8134,3.0,159.5114,5.0,859.0,2.0,0.0,0.0,0.0,INC,1,train,1,6.0,r_20260805_153704_00022,0
r_20260805_204121_00035,malware,1,1785945956,12696,12696,1.3430419554740867e+17,Rhysida__67a78b39e760e3460a135a7e4fa096ab6ce6b013658103890c866d9401928ba5.exe,67a78b39e760e3460a135a7e4fa096ab6ce6b013658103890c866d9401928ba5,1648.0,6.0,1.0,0.0,1.0,0.0,1.0,0.0,0.0,0.0,1.0,1.0,1.0,0.0,0.0,0.0,1.0,1.0,1.0,0.0,0.0,0.0,31.1333,6.3,121.6667,,0.0,0.0,184.225,8.0,173.0,5.0,0.0,0.0,0.0,Rhysida,1,train,1,6.0,r_20260805_204121_00035,0
synthetic_train_benign_v4_20261021_00276,benign,1,1786197197,9516,9516,1.3430670795883811e+17,synthetic_benign_v4.exe,926664fb14dfb7a285d6a4d8c55f79d75137e44e04e89a8dd5e6f13e17369069,203240.0,8.0,1.0,0.0,1.0,0.0,1.0,1.0,0.0,0.0,1.0,0.0,1.0,1.0,1.0,0.0,1.0,1.0,1.0,1.0,1.0,1.0,75.66481432348114,12.256189321866103,619.7831806342264,2.4377067843891314,2.7581635526253865,60.0,213.88870020107012,3.0,1124.0,7.0,0.0,3.0,0.0,SyntheticBenignV4,0,train,1,8.0,synthetic_train_benign_v4_20261021_00276,1
synthetic_train_benign_v4_20261021_00118,benign,1,1786198497,11608,11608,1.3430672095426877e+17,synthetic_benign_v4.exe,9bff05a62b44ce51a253f70e226697947f31aa03464b941c087b93de2b0d1c25,2141.0,7.0,1.0,0.0,1.0,1.0,0.0,1.0,0.0,0.0,1.0,0.0,1.0,1.0,0.0,0.0,1.0,1.0,1.0,1.0,1.0,1.0,192.24834134853106,1.2197178005723008,767.013891007592,0.1905499993819752,4.277041871852069,38.0,429.6865916978109,4.0,349.0,11.0,0.0,3.0,0.0,SyntheticBenignV4,0,train,1,7.0,synthetic_train_benign_v4_20261021_00118,1
synthetic_train_benign_v4_20261021_00279,benign,1,1786198671,6052,6052,1.3430672269555864e+17,synthetic_benign_v4.exe,e931802ed30a0483db0c8e7c6c462fe2f153ba5d04c56ed7717d4cbe67809ce1,209198.0,6.0,1.0,0.0,0.0,0.0,0.0,1.0,0.0,0.0,1.0,1.0,0.0,1.0,1.0,0.0,1.0,1.0,1.0,1.0,1.0,1.0,129.7919576989001,24.23195655424064,2168.235092593875,1.4890303412525294,3.8173718404721413,7.0,14.721552254092334,6.0,950.0,2.0,0.0,3.0,0.0,SyntheticBenignV4,0,train,1,6.0,synthetic_train_benign_v4_20261021_00279,1
r_20260802_053346_00020,malware,1,1785629790,4200,4200,1.3430103380065608e+17,Sodinokibi__e2dbd097b846feec6f4654b79ea0ac23463df4a430b750ebde3eb893d3daad36.exe,e2dbd097b846feec6f4654b79ea0ac23463df4a430b750ebde3eb893d3daad36,8153.0,7.0,1.0,0.0,0.0,0.0,0.0,0.0,0.0,1.0,0.0,1.0,1.0,1.0,1.0,1.0,0.0,1.0,1.0,1.0,1.0,1.0,26.8667,8.7667,10.4333,2.9755,3.2861,3.0,30.3808,6.0,245.0,5.0,0.0,2.0,0.0,Sodinokibi,1,train,1,7.0,r_20260802_053346_00020,0
r_20260730_220149_00030,malware,1,1785431555,1460,1460,1.3429905147577949e+17,Babuk__13b202f8035b5abd8b0c18e0885a60db12661b8e68d9f72d260c5d223d8d6817.exe,13b202f8035b5abd8b0c18e0885a60db12661b8e68d9f72d260c5d223d8d6817,7853.0,8.0,1.0,0.0,1.0,0.0,1.0,1.0,1.0,0.0,1.0,1.0,1.0,0.0,0.0,0.0,1.0,1.0,1.0,0.0,0.0,0.0,232.3667,45.0667,203.7333,0.0,0.0,7.0,431.1498,58.0,1078.0,40.0,0.0,2.0,0.0,Babuk,1,train,1,8.0,r_20260730_220149_00030,0
synthetic_train_benign_v4_20261021_00317,benign,1,1786197390,7696,7696,1.3430670988080968e+17,synthetic_benign_v4.exe,345de6acd6cc43141cdfee420140f41f7791278c606d8ada7c26bad8b7212c03,222980.0,6.0,0.0,0.0,0.0,1.0,1.0,1.0,0.0,0.0,0.0,1.0,0.0,1.0,0.0,1.0,1.0,1.0,1.0,1.0,1.0,1.0,127.4899737557231,17.109186461128253,352.99138878274977,0.7211302850942315,3.8210365470283127,95.0,249.51317349339212,3.0,1136.0,53.0,0.0,3.0,0.0,SyntheticBenignV4,0,train,1,6.0,synthetic_train_benign_v4_20261021_00317,1
r_20260805_204121_00008,malware,1,1785939223,1048,1048,1.3430412807620227e+17,INC__05e4f234a0f177949f375a56b1a875c9ca3d2bee97a2cb73fc2708914416c5a9.exe,05e4f234a0f177949f375a56b1a875c9ca3d2bee97a2cb73fc2708914416c5a9,10761.0,7.0,1.0,0.0,0.0,0.0,1.0,0.0,0.0,0.0,0.0,1.0,1.0,1.0,1.0,1.0,0.0,1.0,1.0,1.0,1.0,1.0,93.0667,11.1,19.1667,1.786,3.288,11.0,11.6486,6.0,312.0,8.0,0.0,1.0,0.0,INC,1,train,1,7.0,r_20260805_204121_00008,0
r_20260730_213552_00055,malware,1,1785436077,10776,10776,1.342990967135876e+17,Babuk__d0c8dc7791e9462b6741553a411a5bfa5f4a9ad4ffcf91c0d2fc3269940e48a2.exe,d0c8dc7791e9462b6741553a411a5bfa5f4a9ad4ffcf91c0d2fc3269940e48a2,5688.0,8.0,1.0,0.0,1.0,0.0,1.0,1.0,1.0,0.0,1.0,1.0,1.0,0.0,0.0,0.0,1.0,1.0,1.0,0.0,0.0,0.0,185.1333,36.0333,143.5,0.0,0.0,11.0,398.288,36.0,968.0,26.0,0.0,2.0,0.0,Babuk,1,train,1,8.0,r_20260730_213552_00055,0
synthetic_train_benign_v4_20261021_00122,benign,1,1786198723,236,236,1.3430672321755165e+17,synthetic_benign_v4.exe,914d5dced43fb86eb247dde9b50cd5611cea1904dccf76e4fe1ee4798f51ada4,1975.0,7.0,0.0,0.0,0.0,0.0,1.0,1.0,0.0,0.0,1.0,1.0,1.0,0.0,1.0,1.0,1.0,1.0,1.0,1.0,1.0,1.0,151.47844224937364,26.716883321837955,1194.566021251447,0.5039516238337969,3.724979262237973,100.0,116.85450874202489,4.0,510.0,7.0,0.0,3.0,0.0,SyntheticBenignV4,0,train,1,7.0,synthetic_train_benign_v4_20261021_00122,1
synthetic_train_benign_v4_20261021_00261,benign,1,1786198723,236,236,1.3430672321755165e+17,synthetic_benign_v4.exe,aae0dc955fb2afc4758168588b73edaea31e99b10b5e2eb0320b7de37e8c1d24,172444.0,9.0,0.0,1.0,0.0,0.0,1.0,0.0,1.0,1.0,1.0,1.0,1.0,1.0,0.0,1.0,1.0,1.0,1.0,1.0,1.0,1.0,273.85778643319355,12.968028538291616,224.92819152116277,3.2736728855778483,3.28288045665484,20.0,17.303002611017508,33.0,742.0,6.0,0.0,3.0,0.0,SyntheticBenignV4,0,train,1,9.0,synthetic_train_benign_v4_20261021_00261,1
synthetic_train_benign_v4_20261021_00132,benign,1,1786198866,11312,11312,1.3430672464078317e+17,synthetic_benign_v4.exe,73bb07901f65c6c0695fc35c013ada8cf705c421e458cb3e3a86cd4e1ea4da02,49168.0,7.0,1.0,0.0,0.0,0.0,1.0,0.0,1.0,0.0,1.0,1.0,1.0,0.0,0.0,1.0,1.0,1.0,1.0,1.0,1.0,1.0,184.97349579461417,19.010253725710214,1334.7303603959947,2.8565560014515685,4.212883261360479,73.0,90.30003347372399,4.0,140.0,11.0,0.0,3.0,0.0,SyntheticBenignV4,0,train,1,7.0,synthetic_train_benign_v4_20261021_00132,1
synthetic_train_benign_v4_20261021_00237,benign,1,1786198497,11608,11608,1.3430672095426877e+17,synthetic_benign_v4.exe,6d25dc0ec007373e463e5962d0ae4a8536f78a496afb977e22248f1390e7e8d4,202928.0,7.0,1.0,1.0,0.0,0.0,1.0,0.0,0.0,1.0,0.0,1.0,1.0,0.0,1.0,0.0,1.0,1.0,1.0,1.0,1.0,1.0,83.476918836394,14.219013405608722,985.7127343986313,3.0822270129325045,3.8226311054082336,23.0,116.69756092044405,5.0,926.0,6.0,0.0,3.0,0.0,SyntheticBenignV4,0,train,1,7.0,synthetic_train_benign_v4_20261021_00237,1
r_20260801_001458_00052,malware,1,1785531334,9476,9476,1.3430004909007248e+17,Medusa__4d4df87cf8d8551d836f67fbde4337863bac3ff6b5cb324675054ea023b12ab6.exe,4d4df87cf8d8551d836f67fbde4337863bac3ff6b5cb324675054ea023b12ab6,9962.0,7.0,1.0,0.0,0.0,0.0,1.0,0.0,1.0,0.0,0.0,1.0,0.0,1.0,1.0,1.0,0.0,1.0,0.0,1.0,1.0,1.0,77.9333,2.9,7.4333,2.2219,3.283,10.0,38.8145,7.0,64.0,6.0,0.0,3.0,0.0,Medusa,1,train,1,7.0,r_20260801_001458_00052,0
r_20260801_001458_00013,malware,1,1785520779,3332,3332,1.3429994377671683e+17,Mallox__6a207be6807f1ea51f0bdeeb89e3ea4f0560f48f9b7ed3ed4ea68a212e2714ca.exe,6a207be6807f1ea51f0bdeeb89e3ea4f0560f48f9b7ed3ed4ea68a212e2714ca,1095.0,6.0,1.0,0.0,1.0,0.0,1.0,1.0,1.0,0.0,1.0,0.0,0.0,0.0,0.0,0.0,1.0,0.0,0.0,0.0,0.0,0.0,0.5,0.0,46.4667,5.0662,0.0,0.0,566.2651,1.0,0.0,0.0,0.0,0.0,0.0,Mallox,1,train,1,6.0,r_20260801_001458_00013,0
synthetic_train_benign_v4_20261021_00155,benign,1,1786198497,11608,11608,1.3430672095426877e+17,synthetic_benign_v4.exe,55e29e3d611e016c4a4f2ed4b1a3e8377993459be192ad63aac2485c288b8236,146082.0,9.0,1.0,0.0,0.0,0.0,1.0,1.0,1.0,1.0,1.0,1.0,1.0,1.0,0.0,0.0,1.0,1.0,1.0,1.0,1.0,1.0,199.70976953966922,8.468863161047281,1626.7543536680587,0.05119484536100442,3.096287451729103,29.0,361.28201314444124,4.0,1008.0,7.0,0.0,3.0,0.0,SyntheticBenignV4,0,train,1,9.0,synthetic_train_benign_v4_20261021_00155,1
r_20260730_220149_00044,malware,1,1785434992,11800,11800,1.342990858850072e+17,Babuk__42ed1c56b967d721a4b6b98cd525b33f76c35d727ae9910466f650682af66302.exe,42ed1c56b967d721a4b6b98cd525b33f76c35d727ae9910466f650682af66302,3317.0,8.0,1.0,0.0,1.0,0.0,1.0,1.0,1.0,0.0,1.0,1.0,1.0,0.0,0.0,0.0,1.0,1.0,1.0,0.0,0.0,0.0,96.2,18.7,74.2,0.0,0.0,2.0,410.7455,21.0,523.0,8.0,0.0,2.0,0.0,Babuk,1,train,1,8.0,r_20260730_220149_00044,0
synthetic_train_benign_v4_20261021_00055,benign,1,1786196998,11944,11944,1.3430670597531022e+17,synthetic_benign_v4.exe,7e0a9d7db3ab6df3737ebf4535a4f907feae7967e4375a194998ee4e0882c19e,902.0,8.0,0.0,0.0,1.0,1.0,0.0,0.0,1.0,1.0,1.0,1.0,1.0,1.0,0.0,0.0,1.0,1.0,1.0,1.0,1.0,1.0,119.27910913533508,23.53178221245432,92.21223571047912,2.70546968544373,1.8021889061728875,20.0,132.86349661047703,7.0,435.0,22.0,0.0,1.0,0.0,SyntheticBenignV4,0,train,1,8.0,synthetic_train_benign_v4_20261021_00055,1
synthetic_train_benign_v4_20261021_00300,benign,1,1786198866,11312,11312,1.3430672464078317e+17,synthetic_benign_v4.exe,6d4a660a88806a5139535e17e47c9ec9263ea64d1579e822bb409e484af19ec7,194811.0,9.0,0.0,0.0,1.0,1.0,0.0,0.0,1.0,0.0,1.0,1.0,1.0,1.0,1.0,1.0,1.0,1.0,1.0,1.0,1.0,1.0,178.5725941947777,20.028971878514422,1083.7730344410188,3.1739260884265383,3.4877157019452163,58.0,12.232757747104808,65.0,572.0,102.0,0.0,3.0,0.0,SyntheticBenignV4,0,train,1,9.0,synthetic_train_benign_v4_20261021_00300,1
r_20260730_152625_00043,malware,1,1785409022,8120,8120,1.3429882605268854e+17,Conti__01f1e82d4c2b04a4652348fb18bb480396db2229c4fd22d2be1ea58e6bf4a570.exe,01f1e82d4c2b04a4652348fb18bb480396db2229c4fd22d2be1ea58e6bf4a570,16483.0,7.0,1.0,0.0,0.0,0.0,1.0,0.0,0.0,0.0,0.0,1.0,1.0,1.0,1.0,1.0,0.0,1.0,1.0,1.0,1.0,1.0,249.4667,6.4333,7.7667,2.6616,2.6616,2.0,42.5093,7.0,178.0,2.0,0.0,1.0,0.0,Conti,1,train,1,7.0,r_20260730_152625_00043,0
synthetic_train_benign_v4_20261021_00364,benign,1,1786198554,2416,2416,1.343067215322543e+17,synthetic_benign_v4.exe,4f33db4dd833daea6af00534680b1c2cc7ba310b304bd92f780a9710f73fdc01,139064.0,6.0,0.0,0.0,0.0,0.0,1.0,1.0,0.0,1.0,1.0,0.0,1.0,0.0,0.0,1.0,1.0,1.0,1.0,1.0,1.0,1.0,135.66740210874303,10.917553631687259,810.7490290586469,2.8580597015206606,4.1286288300526115,21.0,467.53338081131983,61.0,322.0,57.0,0.0,3.0,0.0,SyntheticBenignV4,0,train,1,6.0,synthetic_train_benign_v4_20261021_00364,1
synthetic_train_benign_v4_20261021_00003,benign,1,1786197146,10672,10672,1.34306707449994e+17,synthetic_benign_v4.exe,b2928566cdc8081baa191b8a26b8c23ffe91d509aa783b3452f1fe1eff238201,813.0,7.0,1.0,0.0,1.0,0.0,0.0,1.0,1.0,0.0,1.0,1.0,0.0,1.0,0.0,0.0,1.0,1.0,1.0,1.0,1.0,1.0,70.3502428947848,23.56530768381794,517.1787323668385,2.4188214686252754,3.9136736958708087,67.0,174.6095593009926,16.0,97.0,6.0,0.0,3.0,0.0,SyntheticBenignV4,0,train,1,7.0,synthetic_train_benign_v4_20261021_00003,1
synthetic_train_benign_v4_20261021_00171,benign,1,1786198554,2416,2416,1.343067215322543e+17,synthetic_benign_v4.exe,f8c0149db407a165be34f41e819727e74a9c3e7979b0c15fea5fc7f051c4b246,67236.0,8.0,0.0,0.0,1.0,1.0,0.0,0.0,0.0,0.0,1.0,1.0,1.0,1.0,1.0,1.0,1.0,1.0,1.0,1.0,1.0,1.0,93.57693487703573,0.2496969285772609,618.4147202395112,3.3800720371539645,1.9230978330028645,37.0,13.185266885210076,3.0,420.0,6.0,0.0,3.0,0.0,SyntheticBenignV4,0,train,1,8.0,synthetic_train_benign_v4_20261021_00171,1
synthetic_train_benign_v4_20261021_00335,benign,1,1786198671,6052,6052,1.3430672269555864e+17,synthetic_benign_v4.exe,93695c85466f6750d992fc5015c5d3f46279e5832cc8ae3f7f8a0a30e76e9fbb,69881.0,10.0,1.0,1.0,0.0,0.0,0.0,1.0,1.0,0.0,1.0,1.0,1.0,1.0,1.0,1.0,1.0,1.0,1.0,1.0,1.0,1.0,109.8167001082731,10.413914697630979,522.2387734079463,1.4274541432911538,3.2760912666559894,53.0,462.34899464521095,3.0,834.0,4.0,0.0,3.0,0.0,SyntheticBenignV4,0,train,1,10.0,synthetic_train_benign_v4_20261021_00335,1
d28f6416c6d03978482ae7a54affd27555de0fd0cfb27e5d0ac9306cc03ea5d9,malware,1,1785682282,5368,5368,1.3430155664739597e+17,Trigona__d28f6416c6d03978482a.exe,d28f6416c6d03978482ae7a54affd27555de0fd0cfb27e5d0ac9306cc03ea5d9,217301.0,6.0,1.0,0.0,0.0,0.0,0.0,1.0,0.0,0.0,1.0,1.0,1.0,0.0,1.0,0.0,0.0,1.0,1.0,0.0,1.0,0.0,27.6,5.4,36.4667,2.436,4.0277,6.0,180.3236,12.0,103.0,37.0,0.0,2.0,0.0,Trigona,1,train,1,6.0,d28f6416c6d03978482ae7a54affd27555de0fd0cfb27e5d0ac9306cc03ea5d9,0
r_20260801_001458_00210,malware,1,1785572371,10396,10396,1.3430045958176952e+17,Sodinokibi__6834005e47c6ad53cb0793e1f13b6ea45383d86691b179f4229214d8768d0ceb.exe,6834005e47c6ad53cb0793e1f13b6ea45383d86691b179f4229214d8768d0ceb,13145.0,7.0,1.0,0.0,0.0,0.0,0.0,0.0,0.0,1.0,0.0,1.0,1.0,1.0,1.0,1.0,0.0,1.0,1.0,1.0,1.0,1.0,42.7,14.0333,20.9333,2.9468,3.2847,3.0,32.7425,6.0,403.0,4.0,0.0,2.0,0.0,Sodinokibi,1,train,1,7.0,r_20260801_001458_00210,0
r_20260801_001458_00248,malware,1,1785605558,11204,11204,1.3430079142966813e+17,Sodinokibi__de20c90de7becbb2f8b92ac42d71a3db3db498472746d0d6f53c368dadba44b0.exe,de20c90de7becbb2f8b92ac42d71a3db3db498472746d0d6f53c368dadba44b0,14130.0,7.0,1.0,0.0,0.0,0.0,0.0,0.0,0.0,1.0,0.0,1.0,1.0,1.0,1.0,1.0,0.0,1.0,1.0,1.0,1.0,1.0,22.6667,7.3333,11.1333,2.8337,3.2829,2.0,7.1679,6.0,202.0,5.0,0.0,2.0,0.0,Sodinokibi,1,train,1,7.0,r_20260801_001458_00248,0
r_20260801_001238_00077,malware,1,1785534566,7960,7960,1.3430008156237914e+17,Conti__26b2401211769d2fa1415228b4b1305eeeed249a996d149ad83b6fc9c4f703ce.exe,26b2401211769d2fa1415228b4b1305eeeed249a996d149ad83b6fc9c4f703ce,9828.0,6.0,1.0,0.0,0.0,0.0,0.0,0.0,0.0,0.0,0.0,1.0,1.0,1.0,1.0,1.0,0.0,1.0,1.0,1.0,1.0,1.0,37.6667,5.2,6.7667,3.0949,3.0949,1.0,17.3631,6.0,141.0,2.0,0.0,1.0,0.0,Conti,1,train,1,6.0,r_20260801_001238_00077,0
d6386b2747335f7b0d13b1f69d995944ad8e9b71e09b036dbc0b907e583d857a,malware,1,1785891519,6768,6768,1.3430365110121512e+17,Conti__d6386b2747335.exe,d6386b2747335f7b0d13b1f69d995944ad8e9b71e09b036dbc0b907e583d857a,7662.0,6.0,1.0,0.0,0.0,0.0,0.0,0.0,0.0,0.0,1.0,1.0,0.0,1.0,1.0,1.0,1.0,1.0,0.0,1.0,1.0,1.0,33.0,4.9333,473.4667,2.1053,2.9683,24.0,15.6012,8.0,139.0,4.0,0.0,2.0,0.0,Conti,1,train,1,6.0,d6386b2747335f7b0d13b1f69d995944ad8e9b71e09b036dbc0b907e583d857a,0
synthetic_train_benign_v4_20261021_00230,benign,1,1786198866,11312,11312,1.3430672464078317e+17,synthetic_benign_v4.exe,4983138cae14347a3d7438629a613c688b6f719402a13f5b2d98c560d6e8f624,2989.0,10.0,1.0,0.0,1.0,0.0,0.0,1.0,1.0,1.0,1.0,1.0,1.0,1.0,0.0,1.0,1.0,1.0,1.0,1.0,1.0,1.0,285.9688552050738,4.9036343220598875,2971.4592805182183,2.225561122348598,3.3186063844332483,83.0,459.15111438262494,4.0,629.0,91.0,0.0,3.0,0.0,SyntheticBenignV4,0,train,1,10.0,synthetic_train_benign_v4_20261021_00230,1
synthetic_train_benign_v4_20261021_00102,benign,1,1786197197,9516,9516,1.3430670795883811e+17,synthetic_benign_v4.exe,60bd930331719f7fef9b62a5ddb6d74249c246b9640bc5c3abb14a416a927b37,156419.0,9.0,0.0,0.0,1.0,0.0,1.0,1.0,1.0,0.0,1.0,1.0,0.0,1.0,1.0,1.0,1.0,1.0,1.0,1.0,1.0,1.0,71.69892161475299,11.490286516790922,520.8493130296794,0.24092287153214897,1.51582202229568,57.0,247.46199419911645,4.0,806.0,8.0,0.0,3.0,0.0,SyntheticBenignV4,0,train,1,9.0,synthetic_train_benign_v4_20261021_00102,1
synthetic_train_benign_v4_20261021_00295,benign,1,1786198671,6052,6052,1.3430672269555864e+17,synthetic_benign_v4.exe,e90546ffe9c418fe870af93b0b355eecbb23e6dcf8962eb7dc366137d12f5e40,1632.0,7.0,0.0,1.0,1.0,1.0,0.0,1.0,0.0,1.0,1.0,1.0,0.0,0.0,0.0,0.0,1.0,1.0,1.0,1.0,1.0,1.0,174.83778003717245,12.37310015762174,799.6314100192275,3.2842819845092,0.432940830353826,18.0,459.2040175789407,4.0,1121.0,7.0,0.0,3.0,0.0,SyntheticBenignV4,0,train,1,7.0,synthetic_train_benign_v4_20261021_00295,1
synthetic_train_benign_v4_20261021_00281,benign,1,1786198723,236,236,1.3430672321755165e+17,synthetic_benign_v4.exe,1325d77d3417de568d01391d0e0ff32fb33c57bb9d84ed2315ef739f9b234587,71518.0,7.0,0.0,0.0,1.0,1.0,1.0,1.0,0.0,0.0,0.0,1.0,1.0,0.0,1.0,0.0,1.0,1.0,1.0,1.0,1.0,1.0,180.16044543712465,17.45576879357721,1289.059348991522,1.4772131856627129,4.065745014454796,48.0,146.10804230406984,20.0,446.0,6.0,0.0,3.0,0.0,SyntheticBenignV4,0,train,1,7.0,synthetic_train_benign_v4_20261021_00281,1
r_20260801_001458_00075,malware,1,1785538892,5860,5860,1.3430012447917357e+17,Medusa__bcd952d2995d187c5a87ec0e03b638e02d7157b9a01d4e7c28ce7a6d6b28ac42.exe,bcd952d2995d187c5a87ec0e03b638e02d7157b9a01d4e7c28ce7a6d6b28ac42,28958.0,6.0,1.0,0.0,0.0,0.0,1.0,0.0,1.0,0.0,0.0,0.0,0.0,1.0,1.0,1.0,0.0,0.0,0.0,1.0,1.0,1.0,13.3333,0.4667,3.7,3.1125,3.2743,6.0,20.0108,7.0,3.0,5.0,0.0,3.0,0.0,Medusa,1,train,1,6.0,r_20260801_001458_00075,0
1330c04346c050377d017cef71ae628fa4f8c508f48d4a820e52982245a96719,malware,1,1785521497,3180,3180,1.3429995078099982e+17,Conti__1330c04346c050377d01.exe,1330c04346c050377d017cef71ae628fa4f8c508f48d4a820e52982245a96719,15482.0,6.0,1.0,0.0,1.0,0.0,0.0,0.0,0.0,0.0,1.0,0.0,0.0,1.0,1.0,1.0,1.0,0.0,0.0,1.0,1.0,1.0,3.3,0.2667,32.0333,1.2892,3.6895,27.0,20.012,9.0,1.0,7.0,0.0,2.0,0.0,Conti,1,train,1,6.0,1330c04346c050377d017cef71ae628fa4f8c508f48d4a820e52982245a96719,0
2f14eaeb439b3d52b160b4738b049ce552c468e918c746ecb4e5c9b51ee6e4a7,malware,1,1785808569,8200,8200,1.3430282150852707e+17,INC__2f14eaeb439b3d52b160.exe,2f14eaeb439b3d52b160b4738b049ce552c468e918c746ecb4e5c9b51ee6e4a7,14206.0,7.0,1.0,0.0,0.0,0.0,1.0,1.0,0.0,0.0,1.0,0.0,0.0,1.0,1.0,1.0,1.0,0.0,0.0,1.0,1.0,1.0,9.0333,1.1,175.9333,1.1733,3.2781,158.0,13.7015,10.0,2.0,54.0,0.0,3.0,0.0,INC,1,train,1,7.0,2f14eaeb439b3d52b160b4738b049ce552c468e918c746ecb4e5c9b51ee6e4a7,0
synthetic_train_benign_v4_20261021_00216,benign,1,1786198819,2828,2828,1.3430672417126842e+17,synthetic_benign_v4.exe,e37998df52ebd6e93657c27e8cc814b1de35cc199a0f65bbad575687a832a256,1854.0,9.0,1.0,1.0,1.0,1.0,0.0,0.0,1.0,1.0,1.0,0.0,0.0,1.0,1.0,0.0,1.0,1.0,1.0,1.0,1.0,1.0,204.16796707357085,16.63687974165298,1478.5023452066407,0.20546905929925227,4.250719238690267,52.0,260.19602423234255,36.0,558.0,5.0,0.0,3.0,0.0,SyntheticBenignV4,0,train,1,9.0,synthetic_train_benign_v4_20261021_00216,1
synthetic_train_benign_v4_20261021_00105,benign,1,1786198497,11608,11608,1.3430672095426877e+17,synthetic_benign_v4.exe,9e730f3e9d5835ffba0ced6fc5151ed6dfa89640e771ea35e3d82f2beb60b552,205310.0,9.0,1.0,0.0,1.0,0.0,0.0,1.0,1.0,0.0,1.0,1.0,1.0,0.0,1.0,1.0,1.0,1.0,1.0,1.0,1.0,1.0,108.91352467639928,12.74730814197219,496.9872301475708,3.52479036115065,3.7832947835616344,66.0,8.48803023096652,4.0,435.0,128.0,0.0,3.0,0.0,SyntheticBenignV4,0,train,1,9.0,synthetic_train_benign_v4_20261021_00105,1
repo_rotation_v2_008,benign,1,1786198866,11312,11312,1.3430672464078317e+17,python.exe,,2720.0,6.0,0.0,0.0,0.0,0.0,0.0,0.0,0.0,0.0,1.0,1.0,1.0,1.0,1.0,1.0,1.0,1.0,1.0,1.0,1.0,1.0,209.5,25.0,2090.6667,3.0415,3.5384,31.0,11.675,4.0,750.0,11.0,0.0,3.0,0.0,python.exe,0,train,1,6.0,benign_run_repo_rotation_v2_008,0
8faf6974c82fc495a2343a579a478c8e18dc6a60b1516ee107c88e18f8cde241,malware,1,1785667540,7696,7696,1.343014089740024e+17,Trigona__8faf6974c82fc495a234.exe,8faf6974c82fc495a2343a579a478c8e18dc6a60b1516ee107c88e18f8cde241,242750.0,7.0,1.0,0.0,0.0,0.0,0.0,0.0,0.0,1.0,1.0,1.0,0.0,1.0,1.0,1.0,0.0,0.0,0.0,1.0,1.0,1.0,16.1333,2.6667,8.8,2.8456,3.3287,10.0,10.4774,12.0,44.0,15.0,0.0,3.0,0.0,Trigona,1,train,1,7.0,8faf6974c82fc495a2343a579a478c8e18dc6a60b1516ee107c88e18f8cde241,0
synthetic_train_benign_v4_20261021_00204,benign,1,1786197146,10672,10672,1.34306707449994e+17,synthetic_benign_v4.exe,55af7ee5be667bd6a009d98c557a1da0ddfc7cf59c268cd6c4c49f8f1344353d,58952.0,7.0,1.0,0.0,0.0,0.0,0.0,1.0,0.0,1.0,1.0,0.0,1.0,1.0,1.0,0.0,1.0,1.0,1.0,1.0,1.0,1.0,71.46288940177207,39.66579183896398,451.5351805449515,4.148649189459626,0.0060906317953972455,39.0,216.05343273318599,6.0,392.0,38.0,0.0,3.0,0.0,SyntheticBenignV4,0,train,1,7.0,synthetic_train_benign_v4_20261021_00204,1
synthetic_train_benign_v4_20261021_00341,benign,1,1786198723,236,236,1.3430672321755165e+17,synthetic_benign_v4.exe,9c1c07afec01e181653b2d1ee87a8ad37958b54714769f2c5592bfe3b01a04a6,93293.0,8.0,0.0,1.0,1.0,0.0,1.0,1.0,0.0,0.0,1.0,0.0,0.0,1.0,1.0,1.0,1.0,1.0,1.0,1.0,1.0,1.0,215.6464379710307,12.87967757693191,950.3483829997298,3.2641129132431868,3.4646125646109898,34.0,513.6902255156538,22.0,767.0,63.0,0.0,3.0,0.0,SyntheticBenignV4,0,train,1,8.0,synthetic_train_benign_v4_20261021_00341,1
synthetic_train_benign_v4_20261021_00011,benign,1,1786197347,1212,1212,1.343067094631076e+17,synthetic_benign_v4.exe,b415ac26c6dac1ded08d246ec56fd062acc3fbedb50eb4da999cc58d53fa31f8,167122.0,9.0,0.0,1.0,0.0,1.0,0.0,1.0,1.0,1.0,1.0,1.0,1.0,0.0,0.0,1.0,1.0,1.0,1.0,1.0,1.0,1.0,144.48063178675665,8.164667994765104,1331.600376053104,2.326441850118409,3.7827517735485707,87.0,163.58816893765692,20.0,902.0,87.0,0.0,3.0,0.0,SyntheticBenignV4,0,train,1,9.0,synthetic_train_benign_v4_20261021_00011,1
47149d0b7f1108531542930314ade843ab5c16935489c58184672018e8884e4f,malware,1,1785675392,5028,5028,1.34301487731927e+17,Trigona__47149d0b7f1108531542.exe,47149d0b7f1108531542930314ade843ab5c16935489c58184672018e8884e4f,218688.0,6.0,1.0,0.0,0.0,0.0,0.0,1.0,0.0,0.0,1.0,1.0,1.0,0.0,1.0,0.0,0.0,1.0,1.0,0.0,1.0,0.0,40.9333,7.9,39.6,1.3225,2.8445,162.0,212.3288,15.0,44.0,173.0,0.0,3.0,0.0,Trigona,1,train,1,6.0,47149d0b7f1108531542930314ade843ab5c16935489c58184672018e8884e4f,0
r_20260801_001458_00184,malware,1,1785565705,8764,8764,1.3430039300664976e+17,Sodinokibi__133bf8be0cf7003b83b03579970997d408a930e58ec2726715140520900c06de.exe,133bf8be0cf7003b83b03579970997d408a930e58ec2726715140520900c06de,4679.0,7.0,1.0,0.0,0.0,0.0,0.0,0.0,0.0,1.0,0.0,1.0,1.0,1.0,1.0,1.0,0.0,1.0,1.0,1.0,1.0,1.0,29.6,9.6667,11.0,2.8115,3.2744,3.0,34.4548,6.0,272.0,4.0,0.0,2.0,0.0,Sodinokibi,1,train,1,7.0,r_20260801_001458_00184,0
synthetic_train_benign_v4_20261021_00113,benign,1,1785924796,9524,9524,1.3430398394430122e+17,synthetic_benign_v4.exe,2befd18887b08c5188419eb83f7d1e540824024264461d03815a6da095b8b57e,189900.0,9.0,0.0,0.0,0.0,1.0,1.0,1.0,1.0,1.0,0.0,1.0,0.0,1.0,1.0,1.0,1.0,1.0,1.0,1.0,1.0,1.0,84.31144008864413,53.083435175730436,401.93826038039134,4.52800148066581,3.0293717278298247,65.0,18.274363217356097,40.0,517.0,4.0,0.0,1.0,0.0,SyntheticBenignV4,0,train,1,9.0,synthetic_train_benign_v4_20261021_00113,1
r_20260801_001238_00089,malware,1,1785537429,12104,12104,1.3430011013034797e+17,Conti__70afd8efb34382badead93ae104d958256de6be8054227ccc85fe95d5c5f9db0.exe,70afd8efb34382badead93ae104d958256de6be8054227ccc85fe95d5c5f9db0,16223.0,7.0,1.0,0.0,0.0,0.0,1.0,0.0,0.0,0.0,0.0,1.0,1.0,1.0,1.0,1.0,0.0,1.0,1.0,1.0,1.0,1.0,266.1667,6.9333,8.3,2.6866,2.6866,3.0,25.5834,7.0,193.0,2.0,0.0,1.0,0.0,Conti,1,train,1,7.0,r_20260801_001238_00089,0
benign_f9f14_010,benign,1,1786197390,7696,7696,1.3430670988080968e+17,python.exe,,2156.0,6.0,0.0,0.0,0.0,0.0,0.0,0.0,0.0,0.0,1.0,1.0,1.0,1.0,1.0,1.0,1.0,1.0,1.0,1.0,1.0,1.0,195.7,26.6667,1382.0333,2.8445,3.3419,35.0,10.5326,4.0,800.0,12.0,0.0,3.0,0.0,python.exe,0,train,1,6.0,benign_run_benign_f9f14_010,0
synthetic_train_benign_v4_20261021_00089,benign,1,1786197146,10672,10672,1.34306707449994e+17,synthetic_benign_v4.exe,9b4ce113fafb3c0de913fb39f668cde42b5c12f60f7fe863ae9987f26ca9a1bd,122256.0,8.0,1.0,1.0,1.0,1.0,0.0,0.0,0.0,0.0,1.0,1.0,1.0,0.0,1.0,0.0,1.0,1.0,1.0,1.0,1.0,1.0,253.5441735297318,20.44911447040638,458.23090289902166,2.7100720642197182,3.5851149584192075,26.0,18.476832268394148,44.0,827.0,8.0,0.0,3.0,0.0,SyntheticBenignV4,0,train,1,8.0,synthetic_train_benign_v4_20261021_00089,1
703d9ded2d69eac83f9e4d1f94b283d01d4592fe4fcf37dfffcb21bedc45a6ab,malware,1,1785825939,8376,8376,1.343029918454852e+17,Fog__703d9ded2d69eac83f9e.exe,703d9ded2d69eac83f9e4d1f94b283d01d4592fe4fcf37dfffcb21bedc45a6ab,351746.0,6.0,1.0,0.0,0.0,0.0,0.0,0.0,0.0,0.0,1.0,1.0,1.0,1.0,0.0,1.0,0.0,0.0,0.0,1.0,0.0,1.0,137.8,32.0667,46.4333,-0.0002,0.0,1086.0,21.4352,66.0,411.0,4091.0,0.0,3.0,0.0,Fog,1,train,1,6.0,703d9ded2d69eac83f9e4d1f94b283d01d4592fe4fcf37dfffcb21bedc45a6ab,0
r_20260805_153704_00024,malware,1,1785925698,4916,4916,1.3430399282103048e+17,INC__85699c7180ad77f2ede0b15862bb7b51ad9df0478ed394866ac7fa9362bf5683.exe,85699c7180ad77f2ede0b15862bb7b51ad9df0478ed394866ac7fa9362bf5683,15696.0,6.0,1.0,0.0,0.0,0.0,1.0,0.0,0.0,0.0,1.0,1.0,1.0,1.0,0.0,0.0,1.0,1.0,1.0,1.0,0.0,0.0,260.0333,32.2667,34.4667,0.0,0.0,2.0,398.288,6.0,952.0,3.0,0.0,2.0,0.0,INC,1,train,1,6.0,r_20260805_153704_00024,0
r_20260730_220149_00033,malware,1,1785432250,2588,2588,1.3429905846892333e+17,Babuk__2ab717ca03abac1925dffe96e0daecc8d625192804ed46111688ebc2c1d58ae5.exe,2ab717ca03abac1925dffe96e0daecc8d625192804ed46111688ebc2c1d58ae5,3189.0,8.0,1.0,0.0,1.0,0.0,1.0,1.0,1.0,0.0,1.0,1.0,1.0,0.0,0.0,0.0,1.0,1.0,1.0,0.0,0.0,0.0,88.1667,16.9667,73.8,0.0,0.0,1.0,498.6864,22.0,469.0,9.0,0.0,3.0,0.0,Babuk,1,train,1,8.0,r_20260730_220149_00033,0
r_20260730_220149_00049,malware,1,1785436181,1136,1136,1.3429909778940168e+17,Babuk__4b06b45905fb678c9b783c49b9c1a90d714d762fb930547de8f7d13276eb31a5.exe,4b06b45905fb678c9b783c49b9c1a90d714d762fb930547de8f7d13276eb31a5,2345.0,8.0,1.0,0.0,1.0,0.0,1.0,1.0,1.0,0.0,1.0,1.0,1.0,0.0,0.0,0.0,1.0,1.0,1.0,0.0,0.0,0.0,85.1,16.5667,72.7667,0.0,0.0,1.0,550.5815,17.0,465.0,8.0,0.0,3.0,0.0,Babuk,1,train,1,8.0,r_20260730_220149_00049,0
synthetic_train_benign_v4_20261021_00146,benign,1,1786198671,6052,6052,1.3430672269555864e+17,synthetic_benign_v4.exe,12ecb34d22dc6e745f496ec5c2df33aa9afeaa7977f1977018df158b7415e9b6,192239.0,7.0,1.0,0.0,0.0,0.0,0.0,0.0,0.0,1.0,1.0,1.0,1.0,1.0,0.0,1.0,1.0,1.0,1.0,1.0,1.0,1.0,69.77490021064806,23.235284367654792,516.5142582421278,5.7122852271044655,1.023318535417022,73.0,287.32512145275007,43.0,908.0,89.0,0.0,3.0,0.0,SyntheticBenignV4,0,train,1,7.0,synthetic_train_benign_v4_20261021_00146,1
3d2013c2ba0aa1c0475cab186ddf3d9005133fe5f88b5d8604b46673b96a40d8,malware,1,1785647627,600,600,1.3430121202249048e+17,Rhysida__3d2013c2ba0aa1c0475c.exe,3d2013c2ba0aa1c0475cab186ddf3d9005133fe5f88b5d8604b46673b96a40d8,24030.0,7.0,1.0,0.0,1.0,0.0,1.0,1.0,0.0,0.0,1.0,1.0,1.0,0.0,0.0,0.0,1.0,1.0,1.0,0.0,0.0,0.0,28.3,6.1667,807.3667,0.0,0.0,3.0,172.5158,10.0,154.0,4.0,0.0,2.0,0.0,Rhysida,1,train,1,7.0,3d2013c2ba0aa1c0475cab186ddf3d9005133fe5f88b5d8604b46673b96a40d8,0
r_20260801_001238_00091,malware,1,1785538255,11820,11820,1.3430011839013114e+17,Conti__822ceefb12b030f2ff28dcda6776addda77b041dbb48d2e3a8c305721f4cc8ef.exe,822ceefb12b030f2ff28dcda6776addda77b041dbb48d2e3a8c305721f4cc8ef,16689.0,7.0,1.0,0.0,0.0,0.0,1.0,0.0,0.0,0.0,0.0,1.0,1.0,1.0,1.0,1.0,0.0,1.0,1.0,1.0,1.0,1.0,226.2667,5.8333,7.2333,2.7861,3.0785,5.0,39.9806,7.0,160.0,2.0,0.0,2.0,0.0,Conti,1,train,1,7.0,r_20260801_001238_00091,0
r_20260805_153704_00025,malware,1,1785925994,8804,8804,1.3430399580705056e+17,INC__97c8f54d70e300c7d7e973c4b211da3c64c0f1c95770f663e04e35421dfb2ba0.exe,97c8f54d70e300c7d7e973c4b211da3c64c0f1c95770f663e04e35421dfb2ba0,13565.0,6.0,1.0,0.0,0.0,0.0,0.0,0.0,0.0,0.0,1.0,1.0,1.0,1.0,1.0,0.0,1.0,1.0,1.0,1.0,1.0,0.0,168.8667,27.8667,30.1667,1.1189,1.8049,3.0,152.4048,5.0,820.0,2.0,0.0,0.0,0.0,INC,1,train,1,6.0,r_20260805_153704_00025,0
synthetic_train_benign_v4_20261021_00078,benign,1,1786197390,7696,7696,1.3430670988080968e+17,synthetic_benign_v4.exe,1501d6d53e5ea5fba4d92e6dae275e812a7ed474be06d55dc180539da4926bdb,2357.0,6.0,0.0,0.0,0.0,0.0,0.0,0.0,1.0,1.0,1.0,0.0,1.0,1.0,0.0,1.0,1.0,1.0,1.0,1.0,1.0,1.0,252.05487653849838,44.2191142602537,182.12755403189666,0.20719782671609707,1.3706133852287157,91.0,394.03211463007494,28.0,748.0,5.0,0.0,3.0,0.0,SyntheticBenignV4,0,train,1,6.0,synthetic_train_benign_v4_20261021_00078,1
3c3db3c02a4d04dcafdc71adb8779b787d31142ffeb9ae0e638f979594897cbf,malware,1,1785636267,7312,7312,1.3430109817810944e+17,Rhysida__3c3db3c02a4d04dcafdc.exe,3c3db3c02a4d04dcafdc71adb8779b787d31142ffeb9ae0e638f979594897cbf,48769.0,6.0,1.0,0.0,1.0,0.0,1.0,1.0,0.0,0.0,1.0,1.0,0.0,0.0,0.0,0.0,1.0,1.0,0.0,0.0,0.0,0.0,20.8667,1.7667,545.9333,0.0,0.0,11.0,379.9106,13.0,13.0,23.0,0.0,3.0,0.0,Rhysida,1,train,1,6.0,3c3db3c02a4d04dcafdc71adb8779b787d31142ffeb9ae0e638f979594897cbf,0
r_20260730_220149_00027,malware,1,1785430828,9780,9780,1.3429904420087232e+17,Babuk__0f423c7722c550d26cdb474b537144f4c6ed0bbb75eee0fa33cc667113b6aa40.exe,0f423c7722c550d26cdb474b537144f4c6ed0bbb75eee0fa33cc667113b6aa40,8079.0,8.0,1.0,0.0,1.0,0.0,1.0,1.0,1.0,0.0,1.0,1.0,1.0,0.0,0.0,0.0,1.0,1.0,1.0,0.0,0.0,0.0,189.0333,36.6667,203.4333,0.0,0.0,11.0,196.9037,59.0,774.0,47.0,0.0,3.0,0.0,Babuk,1,train,1,8.0,r_20260730_220149_00027,0
synthetic_train_benign_v4_20261021_00328,benign,1,1785924796,9524,9524,1.3430398394430122e+17,synthetic_benign_v4.exe,cc0f0352c0be40a0eacbff8d14aff1be2bbcb4109c38025bf2782ec0927beda1,166093.0,9.0,0.0,1.0,1.0,1.0,1.0,1.0,1.0,1.0,0.0,0.0,1.0,1.0,0.0,0.0,1.0,1.0,1.0,1.0,1.0,1.0,92.02100684441879,0.6485706480481087,1388.9495545818045,1.6217435354936727,1.4056215755495542,14.0,378.4337999655088,45.0,582.0,5.0,0.0,1.0,0.0,SyntheticBenignV4,0,train,1,9.0,synthetic_train_benign_v4_20261021_00328,1
synthetic_train_benign_v4_20261021_00353,benign,1,1786198497,11608,11608,1.3430672095426877e+17,synthetic_benign_v4.exe,a919b37b259124326cf40f2e7f59af260e3407d30b2e3e34a8c792dda56ffb2c,211678.0,6.0,0.0,0.0,0.0,0.0,1.0,0.0,1.0,0.0,1.0,1.0,0.0,0.0,1.0,1.0,1.0,1.0,1.0,1.0,1.0,1.0,131.38022195186244,50.13159696981833,612.1162251303678,1.0993188360674835,0.4569080202372577,26.0,10.936744836894803,36.0,427.0,9.0,0.0,3.0,0.0,SyntheticBenignV4,0,train,1,6.0,synthetic_train_benign_v4_20261021_00353,1
synthetic_train_benign_v4_20261021_00181,benign,1,1786198972,5892,5892,1.3430672570323347e+17,synthetic_benign_v4.exe,f1709a18b52449fd34d1668a2cc52b69d5f76440888bdc809c1b6dd3cb3c14a6,1572.0,8.0,1.0,1.0,1.0,0.0,0.0,1.0,0.0,0.0,1.0,0.0,1.0,1.0,0.0,1.0,1.0,1.0,1.0,1.0,1.0,1.0,243.24446543313215,16.86266788520271,1269.7385089478455,3.0620003155754945,3.399511890255536,13.0,426.2922242441264,11.0,588.0,3.0,0.0,3.0,0.0,SyntheticBenignV4,0,train,1,8.0,synthetic_train_benign_v4_20261021_00181,1
,benign,1,1786197347,1212,1212,1.343067094631076e+17,python.exe,,928.0,6.0,0.0,0.0,0.0,0.0,0.0,0.0,0.0,0.0,1.0,1.0,1.0,1.0,1.0,1.0,1.0,1.0,1.0,1.0,1.0,1.0,96.4,11.6667,596.6333,2.9973,3.3444,10.0,18.223,4.0,350.0,4.0,0.0,3.0,0.0,python.exe,0,train,1,6.0,benign_missing_run_train_0027,0
r_20260805_204121_00019,malware,1,1785941965,5908,5908,1.3430415548447789e+17,INC__80908a51e403efd47b1d3689c3fb9447d3fb962d691d856b8b97581eefc0c441.exe,80908a51e403efd47b1d3689c3fb9447d3fb962d691d856b8b97581eefc0c441,16414.0,7.0,1.0,0.0,0.0,0.0,1.0,0.0,0.0,0.0,1.0,1.0,1.0,1.0,1.0,0.0,1.0,1.0,1.0,1.0,1.0,0.0,174.1333,28.2,31.8333,1.1181,1.7563,3.0,148.5448,5.0,830.0,2.0,0.0,0.0,0.0,INC,1,train,1,7.0,r_20260805_204121_00019,0
synthetic_train_benign_v4_20261021_00357,benign,1,1786196998,11944,11944,1.3430670597531022e+17,synthetic_benign_v4.exe,8c7144f00013b853cfad865c77943c7f44fdf879ea17950c8239242c13a98512,1937.0,6.0,0.0,0.0,1.0,1.0,1.0,0.0,0.0,0.0,0.0,1.0,1.0,0.0,1.0,0.0,1.0,1.0,1.0,1.0,1.0,1.0,54.21997904556441,23.62727481962646,399.3642202384455,2.7752626486410703,1.9424542856047393,1.0,250.82611567118357,5.0,905.0,112.0,0.0,1.0,0.0,SyntheticBenignV4,0,train,1,6.0,synthetic_train_benign_v4_20261021_00357,1
r_20260801_001458_00066,malware,1,1785536052,7812,7812,1.3430009625519522e+17,Medusa__94f420e16a4eb5154076895cd8c5f677db4273d37d44b81e1d04b26e851b69fe.exe,94f420e16a4eb5154076895cd8c5f677db4273d37d44b81e1d04b26e851b69fe,11252.0,7.0,1.0,0.0,0.0,0.0,1.0,0.0,1.0,0.0,0.0,1.0,0.0,1.0,1.0,1.0,0.0,1.0,0.0,1.0,1.0,1.0,47.1333,1.2667,7.4333,2.638,3.2893,6.0,16.7887,7.0,16.0,6.0,0.0,3.0,0.0,Medusa,1,train,1,7.0,r_20260801_001458_00066,0
8d9b7820efcd8bd0336721c998b65ef8061276bf1ffa7808c00b841b1db97da0,malware,1,1785667505,540,540,1.3430140884229576e+17,Trigona__8d9b7820efcd8bd03367.exe,8d9b7820efcd8bd0336721c998b65ef8061276bf1ffa7808c00b841b1db97da0,220170.0,6.0,1.0,0.0,0.0,0.0,0.0,1.0,0.0,0.0,1.0,1.0,1.0,0.0,1.0,0.0,0.0,1.0,1.0,0.0,1.0,0.0,38.0,6.9,21.8667,1.3892,3.8881,26.0,361.0879,12.0,86.0,37.0,0.0,3.0,0.0,Trigona,1,train,1,6.0,8d9b7820efcd8bd0336721c998b65ef8061276bf1ffa7808c00b841b1db97da0,0
r_20260730_220149_00060,malware,1,1785438826,9616,9616,1.342991242351832e+17,Babuk__fa2574e0a86d547d971821b8e5997717d25a7764619e299ffba9cf50beff2e66.exe,fa2574e0a86d547d971821b8e5997717d25a7764619e299ffba9cf50beff2e66,2800.0,8.0,1.0,0.0,1.0,0.0,1.0,1.0,1.0,0.0,1.0,1.0,1.0,0.0,0.0,0.0,1.0,1.0,1.0,0.0,0.0,0.0,112.5667,21.7667,139.4333,0.0,0.0,2.0,550.5815,29.0,591.0,19.0,0.0,3.0,0.0,Babuk,1,train,1,8.0,r_20260730_220149_00060,0
synthetic_train_benign_v4_20261021_00088,benign,1,1786198671,6052,6052,1.3430672269555864e+17,synthetic_benign_v4.exe,06808ed7fb94eecf43998615fafec3ad5bacf9501322fd6068df67473d13fff8,2222.0,10.0,1.0,0.0,1.0,0.0,0.0,1.0,1.0,1.0,1.0,1.0,1.0,0.0,1.0,1.0,1.0,1.0,1.0,1.0,1.0,1.0,203.61004241181902,32.111567273256156,383.5556416608141,4.16943179011119,4.117339990354552,2.0,21.94194054442309,4.0,564.0,6.0,0.0,3.0,0.0,SyntheticBenignV4,0,train,1,10.0,synthetic_train_benign_v4_20261021_00088,1
synthetic_train_benign_v4_20261021_00046,benign,1,1786196998,11944,11944,1.3430670597531022e+17,synthetic_benign_v4.exe,ece06fd0dca827b619cb85f61de56ec232232ae441bd9daf6118f8ac81ace06e,161880.0,7.0,0.0,0.0,1.0,1.0,1.0,1.0,1.0,0.0,0.0,1.0,0.0,1.0,0.0,0.0,1.0,1.0,1.0,1.0,1.0,1.0,239.48858823197864,20.41176669580516,1026.6995119535388,3.868561257230233,1.7931860079007569,20.0,314.98533135591657,35.0,283.0,4.0,0.0,1.0,0.0,SyntheticBenignV4,0,train,1,7.0,synthetic_train_benign_v4_20261021_00046,1
r_20260730_213552_00037,malware,1,1785431769,7556,7556,1.3429905360012368e+17,Babuk__31f25b07fbacb858b8b855099e17eb883ed4597b84a54c2ca2af5f8fb44d2456.exe,31f25b07fbacb858b8b855099e17eb883ed4597b84a54c2ca2af5f8fb44d2456,8937.0,8.0,1.0,0.0,1.0,0.0,1.0,1.0,1.0,0.0,1.0,1.0,1.0,0.0,0.0,0.0,1.0,1.0,1.0,0.0,0.0,0.0,389.3667,75.8333,349.9333,0.0,0.0,12.0,316.171,85.0,1200.0,112.0,0.0,3.0,0.0,Babuk,1,train,1,8.0,r_20260730_213552_00037,0
r_20260802_053346_00024,malware,1,1785630789,6544,6544,1.3430104357673512e+17,Sodinokibi__f4f73a451c1ec493eb3b4395d06de73598fcf5b8f7d13e81418238824d90fda3.exe,f4f73a451c1ec493eb3b4395d06de73598fcf5b8f7d13e81418238824d90fda3,30880.0,6.0,1.0,0.0,0.0,0.0,0.0,0.0,0.0,1.0,1.0,0.0,0.0,1.0,1.0,1.0,1.0,0.0,0.0,1.0,1.0,1.0,2.0667,0.4667,1588.8667,3.0302,3.2777,2.0,14.0612,6.0,5.0,4.0,0.0,3.0,0.0,Sodinokibi,1,train,1,6.0,r_20260802_053346_00024,0
synthetic_train_benign_v4_20261021_00191,benign,1,1786196998,11944,11944,1.3430670597531022e+17,synthetic_benign_v4.exe,fd51b70810f5539545d870713a4935bca0dfdd3821985a9248c298c6e1242504,69226.0,6.0,1.0,1.0,0.0,0.0,1.0,0.0,0.0,1.0,0.0,0.0,1.0,1.0,0.0,0.0,1.0,1.0,1.0,1.0,1.0,1.0,203.0517773225632,23.550481990875223,1452.3424545023975,1.2203993340234762,3.1218931198362823,67.0,131.52965421780817,5.0,884.0,5.0,0.0,1.0,0.0,SyntheticBenignV4,0,train,1,6.0,synthetic_train_benign_v4_20261021_00191,1
r_20260801_001458_00224,malware,1,1785599051,9808,9808,1.3430072637463562e+17,Sodinokibi__9b11711efed24b3c6723521a7d7eb4a52e4914db7420e278aa36e727459d59dd.exe,9b11711efed24b3c6723521a7d7eb4a52e4914db7420e278aa36e727459d59dd,13074.0,6.0,1.0,0.0,0.0,0.0,0.0,0.0,0.0,0.0,0.0,1.0,1.0,1.0,1.0,1.0,0.0,1.0,1.0,1.0,1.0,1.0,49.2667,12.1667,20.9333,2.7891,3.2711,2.0,21.895,6.0,347.0,4.0,0.0,2.0,0.0,Sodinokibi,1,train,1,6.0,r_20260801_001458_00224,0
synthetic_train_benign_v4_20261021_00099,benign,1,1786197347,1212,1212,1.343067094631076e+17,synthetic_benign_v4.exe,10995fcddcfd10665e43829b1be7a64e0c4caa546634bb2cdc4b691e046a0eb6,184870.0,9.0,1.0,0.0,1.0,0.0,0.0,1.0,1.0,0.0,1.0,0.0,1.0,1.0,1.0,1.0,1.0,1.0,1.0,1.0,1.0,1.0,109.39451544379368,34.377849130566375,596.6998155680391,3.277603818522989,0.7174191046409447,58.0,14.086336823039089,4.0,53.0,132.0,0.0,3.0,0.0,SyntheticBenignV4,0,train,1,9.0,synthetic_train_benign_v4_20261021_00099,1
r_20260802_053346_00026,malware,1,1785631296,6980,6980,1.3430104888019389e+17,Sodinokibi__fc5b75fdaced81d3c86db1859c5dd1cbd0bfffa569e7e9fd1c48c63d1f962c02.exe,fc5b75fdaced81d3c86db1859c5dd1cbd0bfffa569e7e9fd1c48c63d1f962c02,7170.0,7.0,1.0,0.0,0.0,0.0,0.0,0.0,0.0,1.0,0.0,1.0,1.0,1.0,1.0,1.0,0.0,1.0,1.0,1.0,1.0,1.0,26.1667,8.5333,10.1,3.2776,3.2823,2.0,30.5654,6.0,238.0,4.0,0.0,2.0,0.0,Sodinokibi,1,train,1,7.0,r_20260802_053346_00026,0
synthetic_train_benign_v4_20261021_00006,benign,1,1786198497,11608,11608,1.3430672095426877e+17,synthetic_benign_v4.exe,8cd20bb702724ad11afe165f4a3eed80606c150c285ac09ca1532deef6997909,29326.0,7.0,1.0,0.0,1.0,0.0,1.0,0.0,0.0,0.0,0.0,0.0,1.0,1.0,1.0,1.0,1.0,1.0,1.0,1.0,1.0,1.0,118.2092261052468,42.95562017342695,1100.1458365582625,2.247061483274204,0.2521515947940746,66.0,17.101648464730264,38.0,380.0,77.0,0.0,3.0,0.0,SyntheticBenignV4,0,train,1,7.0,synthetic_train_benign_v4_20261021_00006,1
synthetic_train_benign_v4_20261021_00142,benign,1,1786197049,5684,5684,1.3430670648783542e+17,synthetic_benign_v4.exe,51fd04499e6c022b1965afee17ac71f14a2dfb57a2fe666d5f945cc6ce0485b7,186726.0,8.0,0.0,0.0,0.0,1.0,1.0,1.0,0.0,1.0,0.0,1.0,1.0,0.0,1.0,1.0,1.0,1.0,1.0,1.0,1.0,1.0,76.8724718965983,9.012745731261697,798.4110532351748,3.478296806211264,4.206527827408466,91.0,454.6147142375474,4.0,233.0,59.0,0.0,3.0,0.0,SyntheticBenignV4,0,train,1,8.0,synthetic_train_benign_v4_20261021_00142,1
synthetic_train_benign_v4_20261021_00338,benign,1,1786197049,5684,5684,1.3430670648783542e+17,synthetic_benign_v4.exe,7641280cc167780e21f1d91077c46d701a95b4290f3df765d3f1ae97c376f81a,2138.0,8.0,0.0,0.0,0.0,1.0,1.0,0.0,1.0,0.0,0.0,1.0,1.0,1.0,1.0,1.0,1.0,1.0,1.0,1.0,1.0,1.0,120.39850941065943,25.510645527143165,781.6382230521278,3.0759438725733466,3.1115988740206557,91.0,419.9347443566742,37.0,374.0,52.0,0.0,3.0,0.0,SyntheticBenignV4,0,train,1,8.0,synthetic_train_benign_v4_20261021_00338,1
synthetic_train_benign_v4_20261021_00021,benign,1,1786198819,2828,2828,1.3430672417126842e+17,synthetic_benign_v4.exe,b358e42f3d221b13fe98918993302c3c7426c790aba9e2f0a634f593d8689282,2098.0,8.0,0.0,0.0,0.0,0.0,1.0,0.0,1.0,1.0,1.0,1.0,0.0,1.0,1.0,1.0,1.0,1.0,1.0,1.0,1.0,1.0,139.88791688198123,15.452863411680466,1001.6872000184677,2.6907601001247725,3.8799880374531175,19.0,477.92642901452626,25.0,362.0,106.0,0.0,3.0,0.0,SyntheticBenignV4,0,train,1,8.0,synthetic_train_benign_v4_20261021_00021,1
synthetic_train_benign_v4_20261021_00345,benign,1,1785924796,9524,9524,1.3430398394430122e+17,synthetic_benign_v4.exe,a37f07a213559848f716f0b01ed4b55da7eb1acf5db2c67168ad0bdf843f6bff,2315.0,9.0,1.0,0.0,1.0,1.0,1.0,0.0,1.0,1.0,0.0,0.0,0.0,1.0,1.0,1.0,1.0,1.0,1.0,1.0,1.0,1.0,54.7446806048609,22.891410253879766,1405.8435216210005,3.1699168432663725,1.8599242445960424,18.0,14.77022833911814,39.0,849.0,140.0,0.0,1.0,0.0,SyntheticBenignV4,0,train,1,9.0,synthetic_train_benign_v4_20261021_00345,1
1ef9b4f6b4eb3db7eedf738a78ad15db798d397648b5064990c0a01c0da8a125,malware,1,1785819409,988,988,1.3430292987021152e+17,LockBit__1ef9b4f6b4eb3db7eedf.exe,1ef9b4f6b4eb3db7eedf738a78ad15db798d397648b5064990c0a01c0da8a125,22064.0,6.0,1.0,0.0,1.0,0.0,1.0,1.0,1.0,1.0,0.0,0.0,0.0,0.0,0.0,0.0,0.0,0.0,0.0,0.0,0.0,0.0,0.4667,0.0667,21.7333,0.0,0.0,1.0,414.7008,4.0,1.0,1.0,0.0,2.0,0.0,LockBit,1,train,1,6.0,1ef9b4f6b4eb3db7eedf738a78ad15db798d397648b5064990c0a01c0da8a125,0
006194421ffcba4d790dddcbb6996e55470bdb5880043c16afed1a8ff29d094e,malware,1,1785677151,8508,8508,1.3430150548013309e+17,Trigona__006194421ffcba4d790d.exe,006194421ffcba4d790dddcbb6996e55470bdb5880043c16afed1a8ff29d094e,202868.0,6.0,1.0,0.0,0.0,0.0,0.0,1.0,0.0,0.0,1.0,1.0,1.0,0.0,1.0,0.0,0.0,1.0,1.0,0.0,1.0,0.0,51.4333,9.6,28.8,1.2947,3.9244,103.0,355.739,15.0,52.0,142.0,0.0,3.0,0.0,Trigona,1,train,1,6.0,006194421ffcba4d790dddcbb6996e55470bdb5880043c16afed1a8ff29d094e,0
ff82b9021651a1de046c80242be44b53fa23f88f850b9d536ce8be7d9b41afbb,malware,1,1785685263,3884,3884,1.3430158655582288e+17,Trigona__ff82b9021651a1de046c.exe,ff82b9021651a1de046c80242be44b53fa23f88f850b9d536ce8be7d9b41afbb,207233.0,6.0,1.0,0.0,0.0,0.0,0.0,1.0,0.0,0.0,1.0,1.0,1.0,0.0,1.0,0.0,0.0,1.0,1.0,0.0,1.0,0.0,54.2667,9.6667,30.1333,1.4274,3.957,86.0,215.1252,12.0,87.0,133.0,0.0,3.0,0.0,Trigona,1,train,1,6.0,ff82b9021651a1de046c80242be44b53fa23f88f850b9d536ce8be7d9b41afbb,0
synthetic_train_benign_v4_20261021_00234,benign,1,1786197347,1212,1212,1.343067094631076e+17,synthetic_benign_v4.exe,ead6dcf13f84e93d3f6c89c52c4e6d180df9dba1bf92737f1d3af6310c88937f,61156.0,8.0,0.0,0.0,0.0,0.0,1.0,1.0,1.0,0.0,1.0,1.0,1.0,1.0,0.0,1.0,1.0,1.0,1.0,1.0,1.0,1.0,93.2079825339017,40.33430754083791,1135.3734883451261,1.7804217706610306,3.030682757357116,48.0,353.36397433263494,42.0,373.0,41.0,0.0,3.0,0.0,SyntheticBenignV4,0,train,1,8.0,synthetic_train_benign_v4_20261021_00234,1
synthetic_train_benign_v4_20261021_00153,benign,1,1786198866,11312,11312,1.3430672464078317e+17,synthetic_benign_v4.exe,c43804d193f7114f86ec1a3119b929fdfef44d98d2397887574270364a9bc15b,72548.0,8.0,1.0,1.0,1.0,1.0,0.0,0.0,0.0,1.0,1.0,0.0,1.0,1.0,0.0,0.0,1.0,1.0,1.0,1.0,1.0,1.0,37.7320168661979,52.58701803184632,931.4009365850827,4.084781966705196,2.139716388134492,24.0,520.6832908979226,21.0,518.0,8.0,0.0,3.0,0.0,SyntheticBenignV4,0,train,1,8.0,synthetic_train_benign_v4_20261021_00153,1
synthetic_train_benign_v4_20261021_00130,benign,1,1786197390,7696,7696,1.3430670988080968e+17,synthetic_benign_v4.exe,0a737c4da247260063ab9d55f2f59a0e3193171666dd29648f9e8ba25cecbac4,188567.0,10.0,1.0,1.0,1.0,0.0,1.0,1.0,1.0,0.0,1.0,0.0,1.0,0.0,1.0,1.0,1.0,1.0,1.0,1.0,1.0,1.0,238.7321034247588,33.08686245619358,83.77976383014466,3.074739484485553,0.962333982921155,28.0,9.000160203872264,3.0,41.0,65.0,0.0,3.0,0.0,SyntheticBenignV4,0,train,1,10.0,synthetic_train_benign_v4_20261021_00130,1
r_20260801_001458_00077,malware,1,1785539431,7256,7256,1.3430012993298776e+17,Medusa__c9abfc3e4da474e18795f5261f77e60c44e7b3353771281e4304e7506d56fdb4.exe,c9abfc3e4da474e18795f5261f77e60c44e7b3353771281e4304e7506d56fdb4,22019.0,7.0,1.0,0.0,0.0,0.0,1.0,0.0,1.0,0.0,0.0,1.0,0.0,1.0,1.0,1.0,0.0,1.0,0.0,1.0,1.0,1.0,85.0,3.2667,6.9,3.0974,3.2862,8.0,9.2524,7.0,76.0,6.0,0.0,3.0,0.0,Medusa,1,train,1,7.0,r_20260801_001458_00077,0
synthetic_train_benign_v4_20261021_00097,benign,1,1785924796,9524,9524,1.3430398394430122e+17,synthetic_benign_v4.exe,6aaf65ee5c8813e1d3181b18dcd3f5ffa6f38e4077bc3df85af6e433f551b0e1,2496.0,9.0,0.0,0.0,1.0,0.0,1.0,1.0,0.0,0.0,1.0,1.0,1.0,1.0,1.0,1.0,1.0,1.0,1.0,1.0,1.0,1.0,244.825588103463,19.447373472022463,352.9804028791462,4.061910855762556,4.290888776524971,4.0,231.32396339961613,5.0,305.0,64.0,0.0,1.0,0.0,SyntheticBenignV4,0,train,1,9.0,synthetic_train_benign_v4_20261021_00097,1
2c5d3fea7ad3c9c49e9c1a154370229c86c48fbaf7044213fd85d31efcebf7f6,malware,1,1785647284,3128,3128,1.3430120844689344e+17,Rhysida__2c5d3fea7ad3c9c49e9c.exe,2c5d3fea7ad3c9c49e9c1a154370229c86c48fbaf7044213fd85d31efcebf7f6,38731.0,6.0,1.0,0.0,1.0,0.0,1.0,1.0,0.0,0.0,1.0,1.0,0.0,0.0,0.0,0.0,1.0,1.0,0.0,0.0,0.0,0.0,22.1667,0.8333,597.8667,0.0,0.0,8.0,173.3793,10.0,2.0,14.0,0.0,2.0,0.0,Rhysida,1,train,1,6.0,2c5d3fea7ad3c9c49e9c1a154370229c86c48fbaf7044213fd85d31efcebf7f6,0
r_20260730_152625_00049,malware,1,1785410456,7564,7564,1.3429884039426632e+17,Conti__24ac73821de77cc9644d2ac40e97067ff63f625b5f20e085ad10535e47d7db59.exe,24ac73821de77cc9644d2ac40e97067ff63f625b5f20e085ad10535e47d7db59,15492.0,6.0,1.0,0.0,0.0,0.0,0.0,0.0,0.0,0.0,0.0,1.0,1.0,1.0,1.0,1.0,0.0,1.0,1.0,1.0,1.0,1.0,38.1333,5.2667,6.7,2.928,3.1428,2.0,22.1096,6.0,143.0,2.0,0.0,2.0,0.0,Conti,1,train,1,6.0,r_20260730_152625_00049,0
4aea0dad84263022b05d0da70ca3e50f9bc4375ffdd5fb1cb17e91446ac0da10,malware,1,1785665332,7656,7656,1.3430138708630518e+17,Trigona__4aea0dad84263022b05d.exe,4aea0dad84263022b05d0da70ca3e50f9bc4375ffdd5fb1cb17e91446ac0da10,222435.0,7.0,1.0,0.0,0.0,0.0,0.0,1.0,0.0,1.0,1.0,1.0,1.0,0.0,1.0,0.0,0.0,1.0,1.0,0.0,1.0,0.0,51.6667,9.3,33.2667,1.0158,3.9502,47.0,381.42,10.0,138.0,64.0,0.0,3.0,0.0,Trigona,1,train,1,7.0,4aea0dad84263022b05d0da70ca3e50f9bc4375ffdd5fb1cb17e91446ac0da10,0
synthetic_train_benign_v4_20261021_00104,benign,1,1786197390,7696,7696,1.3430670988080968e+17,synthetic_benign_v4.exe,2187dfb3fa2b4a2f6ef992e25e60737944b93107c0d701495b66e9bbe33d7323,1597.0,8.0,0.0,0.0,1.0,0.0,1.0,0.0,1.0,0.0,1.0,1.0,1.0,1.0,1.0,0.0,1.0,1.0,1.0,1.0,1.0,1.0,2.755189026371432,25.576141602541178,1135.381615509419,0.07390977249100376,3.5930828472570497,52.0,8.462171989728313,21.0,1147.0,10.0,0.0,3.0,0.0,SyntheticBenignV4,0,train,1,8.0,synthetic_train_benign_v4_20261021_00104,1
r_20260805_204121_00024,malware,1,1785943231,7152,7152,1.3430416813919038e+17,INC__d147b202e98ce73802d7501366a036ea8993c4c06cdfc6921899efdd22d159c6.exe,d147b202e98ce73802d7501366a036ea8993c4c06cdfc6921899efdd22d159c6,11878.0,8.0,1.0,0.0,0.0,0.0,1.0,1.0,0.0,0.0,0.0,1.0,1.0,1.0,1.0,1.0,0.0,1.0,1.0,1.0,1.0,1.0,137.2333,15.2667,24.5667,1.3929,3.2646,10.0,33.3145,6.0,437.0,8.0,0.0,1.0,0.0,INC,1,train,1,8.0,r_20260805_204121_00024,0
r_20260801_001458_00179,malware,1,1785564367,10084,10084,1.3430037954840003e+17,Sodinokibi__04419b76566142902680b2c44b216905b44a5743502530066e408bac72d20864.exe,04419b76566142902680b2c44b216905b44a5743502530066e408bac72d20864,12076.0,6.0,1.0,0.0,0.0,0.0,0.0,0.0,0.0,0.0,0.0,1.0,1.0,1.0,1.0,1.0,0.0,1.0,1.0,1.0,1.0,1.0,22.5667,5.5,11.1333,2.789,3.2849,3.0,19.7696,6.0,147.0,4.0,0.0,2.0,0.0,Sodinokibi,1,train,1,6.0,r_20260801_001458_00179,0
r_20260730_213552_00060,malware,1,1785437298,8576,8576,1.3429910892943846e+17,Babuk__f67381503c71bffb6ce099058f8117d47f4e4c25efd7953aab14fac193b826c4.exe,f67381503c71bffb6ce099058f8117d47f4e4c25efd7953aab14fac193b826c4,5701.0,8.0,1.0,0.0,1.0,0.0,1.0,1.0,1.0,0.0,1.0,1.0,1.0,0.0,0.0,0.0,1.0,1.0,1.0,0.0,0.0,0.0,219.5667,42.4667,143.3333,0.0,0.0,5.0,498.6864,47.0,1116.0,31.0,0.0,3.0,0.0,Babuk,1,train,1,8.0,r_20260730_213552_00060,0
r_20260801_001238_00092,malware,1,1785538506,9596,9596,1.3430012092344582e+17,Conti__854512af19cba0d1048b9686e3383d9c5a05d316bb6d09cf2af7e93b5f587349.exe,854512af19cba0d1048b9686e3383d9c5a05d316bb6d09cf2af7e93b5f587349,12885.0,6.0,1.0,0.0,1.0,0.0,0.0,0.0,0.0,0.0,0.0,1.0,0.0,1.0,1.0,1.0,0.0,1.0,0.0,1.0,1.0,1.0,22.7333,3.0667,4.7333,3.1283,3.288,5.0,20.55,6.0,74.0,5.0,0.0,2.0,0.0,Conti,1,train,1,6.0,r_20260801_001238_00092,0
synthetic_train_benign_v4_20261021_00259,benign,1,1786198972,5892,5892,1.3430672570323347e+17,synthetic_benign_v4.exe,1cf7c495af861f1cd6dc43379d6a46c8b94e5e8a7027166ea6061a61f56b92de,42023.0,7.0,0.0,1.0,1.0,0.0,0.0,0.0,0.0,1.0,1.0,1.0,0.0,0.0,1.0,1.0,1.0,1.0,1.0,1.0,1.0,1.0,219.53388056600127,49.81957071129095,946.9496868039678,0.4202728490076352,0.3884454395930367,20.0,9.023946958312006,4.0,409.0,7.0,0.0,3.0,0.0,SyntheticBenignV4,0,train,1,7.0,synthetic_train_benign_v4_20261021_00259,1
ecfb5c95d0f3d112650ef4047936e8fa5244c21c921f6c7a6963e92abab4949d,malware,1,1785846931,8992,8992,1.3430320510714482e+17,HiddenTear__ecfb5c95d0f3d112650e.exe,ecfb5c95d0f3d112650ef4047936e8fa5244c21c921f6c7a6963e92abab4949d,17614.0,7.0,1.0,0.0,1.0,0.0,0.0,0.0,0.0,1.0,1.0,0.0,0.0,1.0,1.0,1.0,1.0,0.0,0.0,1.0,1.0,1.0,1.2667,0.0333,147.3333,2.9723,2.9723,2.0,41.3798,3.0,0.0,2.0,0.0,2.0,0.0,HiddenTear,1,train,1,7.0,ecfb5c95d0f3d112650ef4047936e8fa5244c21c921f6c7a6963e92abab4949d,0
synthetic_train_benign_v4_20261021_00067,benign,1,1786198671,6052,6052,1.3430672269555864e+17,synthetic_benign_v4.exe,43d6ceb57b0a88bb6f58cc2616b324ef6f34215066806302caa6f4cdb64e9c47,172328.0,9.0,1.0,1.0,0.0,0.0,1.0,1.0,1.0,0.0,0.0,1.0,1.0,1.0,0.0,1.0,1.0,1.0,1.0,1.0,1.0,1.0,165.84978448360934,14.275698099625744,1572.454263041033,2.7074985966167415,3.2646033287463947,95.0,15.064581989358489,5.0,597.0,41.0,0.0,3.0,0.0,SyntheticBenignV4,0,train,1,9.0,synthetic_train_benign_v4_20261021_00067,1
r_20260801_001458_00045,malware,1,1785529570,5360,5360,1.3430003144541392e+17,Medusa__3d091b32abd008ff392158ff4d7271f72febe6069b4b1b3ccd51a2a733e37327.exe,3d091b32abd008ff392158ff4d7271f72febe6069b4b1b3ccd51a2a733e37327,9685.0,8.0,1.0,0.0,0.0,0.0,1.0,0.0,1.0,0.0,0.0,1.0,1.0,1.0,1.0,1.0,0.0,1.0,1.0,1.0,1.0,1.0,126.2333,5.2333,9.5667,2.6425,3.2822,6.0,18.5321,7.0,134.0,5.0,0.0,3.0,0.0,Medusa,1,train,1,8.0,r_20260801_001458_00045,0
r_20260801_001458_00222,malware,1,1785595628,9776,9776,1.3430069212626445e+17,Sodinokibi__94379bb2c305a5754d60ae3d27daf5f7f4758ed3dad21ee1969640fd9e84e83f.exe,94379bb2c305a5754d60ae3d27daf5f7f4758ed3dad21ee1969640fd9e84e83f,13685.0,6.0,1.0,0.0,0.0,0.0,0.0,0.0,0.0,0.0,0.0,1.0,1.0,1.0,1.0,1.0,0.0,1.0,1.0,1.0,1.0,1.0,25.5667,6.3333,11.1333,3.0324,3.293,2.0,11.5531,6.0,172.0,4.0,0.0,2.0,0.0,Sodinokibi,1,train,1,6.0,r_20260801_001458_00222,0
synthetic_train_benign_v4_20261021_00098,benign,1,1786197049,5684,5684,1.3430670648783542e+17,synthetic_benign_v4.exe,1a2e7fedffc182fb9330f05e932cfd7544beae97dcc76ec6f445a4596d6c654c,1521.0,8.0,0.0,0.0,1.0,0.0,1.0,0.0,1.0,1.0,1.0,1.0,0.0,0.0,1.0,1.0,1.0,1.0,1.0,1.0,1.0,1.0,109.93200457437617,6.230412636860659,1189.3493336940833,3.183057938766001,4.296023926436305,74.0,8.929749954372532,51.0,459.0,4.0,0.0,3.0,0.0,SyntheticBenignV4,0,train,1,8.0,synthetic_train_benign_v4_20261021_00098,1
a78fa1ecadc46870c17e458ab427bad6586b74c7d3e8472f6d8448832ccb20f1,malware,1,1785648225,2928,2928,1.3430121792263187e+17,Rhysida__a78fa1ecadc46870c17e.exe,a78fa1ecadc46870c17e458ab427bad6586b74c7d3e8472f6d8448832ccb20f1,28143.0,6.0,1.0,0.0,1.0,0.0,1.0,1.0,0.0,0.0,1.0,1.0,0.0,0.0,0.0,0.0,1.0,1.0,0.0,0.0,0.0,0.0,22.9333,4.1667,595.3,0.0,0.0,15.0,155.4341,12.0,2.0,118.0,0.0,3.0,0.0,Rhysida,1,train,1,6.0,a78fa1ecadc46870c17e458ab427bad6586b74c7d3e8472f6d8448832ccb20f1,0
synthetic_train_benign_v4_20261021_00079,benign,1,1786198554,2416,2416,1.343067215322543e+17,synthetic_benign_v4.exe,113e64ea6019e5f33226e1631eaed91352590dc50f4cc0278ea23c5340039243,29039.0,6.0,1.0,0.0,1.0,0.0,1.0,1.0,0.0,0.0,1.0,1.0,0.0,0.0,0.0,0.0,1.0,1.0,1.0,1.0,1.0,1.0,57.867852820928476,21.329880066047703,1328.463728434365,0.7758871858579078,3.4741011924329652,20.0,16.08859955955453,4.0,550.0,84.0,0.0,3.0,0.0,SyntheticBenignV4,0,train,1,6.0,synthetic_train_benign_v4_20261021_00079,1
r_20260802_053332_00001,malware,1,1785623795,12448,12448,1.3430097379754029e+17,Conti__80e3a04fa68be799b3c91737e1918f8394b250603a231a251524244e4d7f77d9.exe,80e3a04fa68be799b3c91737e1918f8394b250603a231a251524244e4d7f77d9,15983.0,7.0,1.0,0.0,0.0,0.0,1.0,0.0,0.0,0.0,0.0,1.0,1.0,1.0,1.0,1.0,0.0,1.0,1.0,1.0,1.0,1.0,344.8,9.2667,10.9667,2.7022,2.7022,3.0,5.3547,7.0,263.0,2.0,0.0,1.0,0.0,Conti,1,train,1,7.0,r_20260802_053332_00001,0
r_20260801_001458_00239,malware,1,1785603282,6920,6920,1.343007686902106e+17,Sodinokibi__d0e075a9346acbeca7095df2fc5e7c28909961184078e251f737f09b8ef892b6.exe,d0e075a9346acbeca7095df2fc5e7c28909961184078e251f737f09b8ef892b6,12143.0,6.0,1.0,0.0,0.0,0.0,0.0,0.0,0.0,0.0,0.0,1.0,1.0,1.0,1.0,1.0,0.0,1.0,1.0,1.0,1.0,1.0,23.4667,7.6333,9.4,3.2724,3.2734,2.0,13.0497,6.0,211.0,5.0,0.0,2.0,0.0,Sodinokibi,1,train,1,6.0,r_20260801_001458_00239,0
r_20260801_001238_00100,malware,1,1785540308,2664,2664,1.3430013906102083e+17,Conti__98a09f7896a7c20229e696d6e8344fe9593fd70afada5d986e04c0d6933cc4db.exe,98a09f7896a7c20229e696d6e8344fe9593fd70afada5d986e04c0d6933cc4db,1678.0,8.0,1.0,0.0,1.0,0.0,0.0,0.0,1.0,0.0,0.0,1.0,1.0,1.0,1.0,1.0,0.0,1.0,1.0,1.0,1.0,1.0,36.0333,5.3,16.3333,3.128,3.2877,5.0,21.3347,7.0,137.0,6.0,0.0,3.0,0.0,Conti,1,train,1,8.0,r_20260801_001238_00100,0
synthetic_train_benign_v4_20261021_00293,benign,1,1786197347,1212,1212,1.343067094631076e+17,synthetic_benign_v4.exe,2342e09d9b84af3a0c886409226e237378d0b2c156d7420d96d35c18d1863c74,178370.0,7.0,0.0,0.0,1.0,0.0,0.0,0.0,0.0,1.0,1.0,1.0,1.0,1.0,1.0,0.0,1.0,1.0,1.0,1.0,1.0,1.0,51.58997213491581,19.554624599471502,1171.0140800703705,1.7440960643796493,1.337090315267854,12.0,11.695206862963232,66.0,437.0,5.0,0.0,3.0,0.0,SyntheticBenignV4,0,train,1,7.0,synthetic_train_benign_v4_20261021_00293,1
r_20260801_001458_00055,malware,1,1785532732,3744,3744,1.3430006311685298e+17,Medusa__6b807f9f7c8f24f436b0bab25cb38583bf4c051ea779fcdbb215af8a9a7f64de.exe,6b807f9f7c8f24f436b0bab25cb38583bf4c051ea779fcdbb215af8a9a7f64de,5443.0,7.0,1.0,0.0,0.0,0.0,1.0,0.0,0.0,0.0,0.0,1.0,1.0,1.0,1.0,1.0,0.0,1.0,1.0,1.0,1.0,1.0,228.6667,10.0,13.3,2.9923,3.2788,5.0,18.6341,7.0,277.0,6.0,0.0,2.0,0.0,Medusa,1,train,1,7.0,r_20260801_001458_00055,0
synthetic_train_benign_v4_20261021_00215,benign,1,1786198671,6052,6052,1.3430672269555864e+17,synthetic_benign_v4.exe,98c236d6db1541b9e7064da513c0ee72541d48e55484bdb8ce44abb3e454c101,102280.0,10.0,1.0,0.0,1.0,1.0,0.0,1.0,1.0,1.0,1.0,0.0,1.0,0.0,1.0,1.0,1.0,1.0,1.0,1.0,1.0,1.0,34.40530419119575,31.85574748961802,393.99948478201617,2.3563003444918897,3.0283773465691053,27.0,8.123188220495763,43.0,467.0,3.0,0.0,3.0,0.0,SyntheticBenignV4,0,train,1,10.0,synthetic_train_benign_v4_20261021_00215,1
synthetic_train_benign_v4_20261021_00324,benign,1,1786198723,236,236,1.3430672321755165e+17,synthetic_benign_v4.exe,9b066e0a6d967d44e2ed61c4315032ea9af1d36bde738b5702e10a426684bafa,24962.0,10.0,1.0,0.0,1.0,1.0,0.0,0.0,0.0,1.0,1.0,1.0,1.0,1.0,1.0,1.0,1.0,1.0,1.0,1.0,1.0,1.0,140.0707398769146,42.75354150293,1151.1609701877505,3.4172364914440245,3.029508144160582,12.0,391.5530672197726,4.0,515.0,134.0,0.0,3.0,0.0,SyntheticBenignV4,0,train,1,10.0,synthetic_train_benign_v4_20261021_00324,1
synthetic_train_benign_v4_20261021_00167,benign,1,1785924796,9524,9524,1.3430398394430122e+17,synthetic_benign_v4.exe,d37766dbd89a9df534617eac0d9962533b8c0da82d615d335f2d2c5d1d7930b9,1483.0,9.0,1.0,0.0,1.0,1.0,1.0,1.0,1.0,0.0,0.0,1.0,0.0,1.0,1.0,0.0,1.0,1.0,1.0,1.0,1.0,1.0,86.57167849882575,35.76058759474418,453.31348565235515,5.551913078939233,3.8475551013775373,41.0,311.81825979372326,11.0,280.0,7.0,0.0,1.0,0.0,SyntheticBenignV4,0,train,1,9.0,synthetic_train_benign_v4_20261021_00167,1
synthetic_train_benign_v4_20261021_00365,benign,1,1786198972,5892,5892,1.3430672570323347e+17,synthetic_benign_v4.exe,96a775ae7318aee43651263c642ced90da7044fbfe1a3b511da70cdc0a004709,73271.0,8.0,1.0,0.0,1.0,0.0,0.0,0.0,1.0,0.0,1.0,1.0,0.0,1.0,1.0,1.0,1.0,1.0,1.0,1.0,1.0,1.0,201.48383160224088,18.196013603565156,2341.568583301913,2.0184692744432833,3.8794480126228565,40.0,15.25515611488014,48.0,674.0,4.0,0.0,3.0,0.0,SyntheticBenignV4,0,train,1,8.0,synthetic_train_benign_v4_20261021_00365,1
r_20260801_001458_00085,malware,1,1785541318,10800,10800,1.343001491670146e+17,Medusa__f064dfde1338a45c76c9cbbe9d7c8b358884c32c21510df14ab9b72df9ead1ba.exe,f064dfde1338a45c76c9cbbe9d7c8b358884c32c21510df14ab9b72df9ead1ba,1038.0,6.0,1.0,0.0,1.0,0.0,1.0,1.0,0.0,0.0,0.0,1.0,0.0,1.0,0.0,0.0,0.0,1.0,0.0,1.0,0.0,0.0,28.1333,0.3,4.1333,3.2975,0.0,0.0,440.1181,8.0,2.0,3.0,0.0,2.0,0.0,Medusa,1,train,1,6.0,r_20260801_001458_00085,0
synthetic_train_benign_v4_20261021_00148,benign,1,1786198819,2828,2828,1.3430672417126842e+17,synthetic_benign_v4.exe,2b6522db0ce1150adbccc8b0dcb99db4c3339523bbf4bee881749cbf0edb4727,74612.0,9.0,1.0,1.0,1.0,1.0,0.0,1.0,1.0,0.0,0.0,0.0,1.0,1.0,0.0,1.0,1.0,1.0,1.0,1.0,1.0,1.0,196.63371684489599,23.690553261102732,1329.1860778034898,3.1201643072178804,2.381556787442035,85.0,12.334444878498585,63.0,685.0,10.0,0.0,3.0,0.0,SyntheticBenignV4,0,train,1,9.0,synthetic_train_benign_v4_20261021_00148,1
r_20260731_233412_00005,malware,1,1785516719,10360,10360,1.3429990318142248e+17,Mallox__2044bc33cf855b4add30312da75ac8daa408197408da88ecd520d90bdef550ff.exe,2044bc33cf855b4add30312da75ac8daa408197408da88ecd520d90bdef550ff,985.0,6.0,1.0,0.0,1.0,0.0,1.0,1.0,1.0,0.0,1.0,0.0,0.0,0.0,0.0,0.0,1.0,0.0,0.0,0.0,0.0,0.0,0.4333,0.0,37.5,5.0586,0.0,0.0,566.2651,1.0,0.0,0.0,0.0,0.0,0.0,Mallox,1,train,1,6.0,r_20260731_233412_00005,0
synthetic_train_benign_v4_20261021_00115,benign,1,1786198554,2416,2416,1.343067215322543e+17,synthetic_benign_v4.exe,c3c4e29edad0cbe7983b2c4c454928dafdf040682c98df1aa74caeff23dd2bf4,1199.0,8.0,1.0,1.0,0.0,0.0,0.0,0.0,1.0,1.0,1.0,1.0,1.0,1.0,0.0,0.0,1.0,1.0,1.0,1.0,1.0,1.0,114.9365257795897,8.654111360847645,26.05803160961887,1.5645052971215838,2.53112793893482,16.0,11.089659578266668,4.0,787.0,5.0,0.0,3.0,0.0,SyntheticBenignV4,0,train,1,8.0,synthetic_train_benign_v4_20261021_00115,1
synthetic_train_benign_v4_20261021_00278,benign,1,1786197049,5684,5684,1.3430670648783542e+17,synthetic_benign_v4.exe,29cc87816c2cffea122d1d2b6738ac9e7babae1165054507141e48fa4a4150c9,170371.0,8.0,1.0,1.0,0.0,0.0,1.0,1.0,0.0,0.0,0.0,1.0,1.0,1.0,0.0,1.0,1.0,1.0,1.0,1.0,1.0,1.0,74.98924873783692,14.018065421837587,719.5912604360847,1.9634282413193975,3.087302387552029,11.0,180.35729407895963,19.0,826.0,5.0,0.0,3.0,0.0,SyntheticBenignV4,0,train,1,8.0,synthetic_train_benign_v4_20261021_00278,1
0c9d906f5ebdeec8a6715bad9d5ae354c3fb5337a5e7f7abedcb4535abe7329e,malware,1,1785663514,7860,7860,1.3430136900152755e+17,Trigona__0c9d906f5ebdeec8a671.exe,0c9d906f5ebdeec8a6715bad9d5ae354c3fb5337a5e7f7abedcb4535abe7329e,212194.0,8.0,1.0,0.0,0.0,0.0,0.0,1.0,0.0,0.0,1.0,1.0,1.0,1.0,1.0,1.0,0.0,1.0,1.0,1.0,1.0,1.0,56.7333,10.2333,32.6,1.4259,3.9771,56.0,16.6297,12.0,141.0,74.0,0.0,3.0,0.0,Trigona,1,train,1,8.0,0c9d906f5ebdeec8a6715bad9d5ae354c3fb5337a5e7f7abedcb4535abe7329e,0
r_20260801_001458_00034,malware,1,1785525638,1352,1352,1.3429999208212502e+17,Medusa__1bad2b6e8ab16c5a692b2d05f68f7924a73a5818ddf3a9678ca8caab3568a78e.exe,1bad2b6e8ab16c5a692b2d05f68f7924a73a5818ddf3a9678ca8caab3568a78e,14378.0,8.0,1.0,0.0,0.0,0.0,1.0,0.0,1.0,0.0,0.0,1.0,1.0,1.0,1.0,1.0,0.0,1.0,1.0,1.0,1.0,1.0,127.7,5.3667,7.4333,3.274,3.2784,7.0,31.1823,7.0,138.0,6.0,0.0,3.0,0.0,Medusa,1,train,1,8.0,r_20260801_001458_00034,0
synthetic_train_benign_v4_20261021_00244,benign,1,1786197049,5684,5684,1.3430670648783542e+17,synthetic_benign_v4.exe,9e055d2ec04e0ec2021cb5d57d24da7fd4dd0620895678d7d1507a1d3b9c23a0,648.0,6.0,0.0,1.0,0.0,1.0,0.0,0.0,0.0,0.0,1.0,0.0,1.0,1.0,0.0,1.0,1.0,1.0,1.0,1.0,1.0,1.0,241.86225533543495,10.221753256772667,459.6728157083673,3.107795522285725,2.9242537917207985,87.0,380.4522268794305,36.0,242.0,75.0,0.0,3.0,0.0,SyntheticBenignV4,0,train,1,6.0,synthetic_train_benign_v4_20261021_00244,1
r_20260730_213552_00049,malware,1,1785434642,11124,11124,1.3429908234257e+17,Babuk__498dfa128704bc0f36818cbe462cff085d5a4614051e7907da570a87bac4fba2.exe,498dfa128704bc0f36818cbe462cff085d5a4614051e7907da570a87bac4fba2,7982.0,8.0,1.0,0.0,1.0,0.0,1.0,1.0,1.0,0.0,1.0,1.0,1.0,0.0,0.0,0.0,1.0,1.0,1.0,0.0,0.0,0.0,310.4667,60.5667,322.6333,0.0,0.0,3.0,498.6864,71.0,1200.0,77.0,0.0,3.0,0.0,Babuk,1,train,1,8.0,r_20260730_213552_00049,0
synthetic_train_benign_v4_20261021_00071,benign,1,1786197197,9516,9516,1.3430670795883811e+17,synthetic_benign_v4.exe,dd2632a71410bddc36e2432e0379e0f021bee49c2032903f98ec462218d08d1a,194327.0,9.0,0.0,1.0,1.0,1.0,1.0,1.0,1.0,0.0,0.0,1.0,0.0,1.0,0.0,1.0,1.0,1.0,1.0,1.0,1.0,1.0,10.209081547506667,11.07971926500819,516.8670001857196,2.5726241430264505,1.737669262426122,39.0,316.2327351195927,3.0,327.0,40.0,0.0,3.0,0.0,SyntheticBenignV4,0,train,1,9.0,synthetic_train_benign_v4_20261021_00071,1
synthetic_train_benign_v4_20261021_00197,benign,1,1786197197,9516,9516,1.3430670795883811e+17,synthetic_benign_v4.exe,d9d0fd8eb448b9f89b40356cec8ee5330de6acbc4a4a255769671f771dafe96f,223681.0,10.0,1.0,0.0,1.0,0.0,1.0,0.0,1.0,0.0,1.0,1.0,1.0,1.0,1.0,1.0,1.0,1.0,1.0,1.0,1.0,1.0,5.343217584327892,17.694654625133015,777.8677056951528,3.492224284881079,3.578974818314618,21.0,18.02844272054615,4.0,408.0,7.0,0.0,3.0,0.0,SyntheticBenignV4,0,train,1,10.0,synthetic_train_benign_v4_20261021_00197,1
synthetic_train_benign_v4_20261021_00372,benign,1,1786198554,2416,2416,1.343067215322543e+17,synthetic_benign_v4.exe,6c93ca17bbbde460cb6b99de866b6686ce2140186ca40bfa4a478191cd5d28b6,1236.0,8.0,1.0,0.0,1.0,0.0,1.0,1.0,0.0,1.0,0.0,1.0,1.0,0.0,1.0,0.0,1.0,1.0,1.0,1.0,1.0,1.0,118.64937232487365,0.4877198262040299,453.5139315964313,2.623456793613446,3.6484814523533706,73.0,229.67146306200974,4.0,310.0,3.0,0.0,3.0,0.0,SyntheticBenignV4,0,train,1,8.0,synthetic_train_benign_v4_20261021_00372,1
synthetic_train_benign_v4_20261021_00367,benign,1,1786198723,236,236,1.3430672321755165e+17,synthetic_benign_v4.exe,467ba27c76a59ac7f45ec50760d2efc0b2ba49803909d289410908e9cf98596c,137551.0,11.0,1.0,0.0,0.0,1.0,0.0,1.0,1.0,1.0,1.0,1.0,1.0,1.0,1.0,1.0,1.0,1.0,1.0,1.0,1.0,1.0,174.16778173894016,39.47700887374244,920.997842862905,2.9487436718115676,3.3999563524781364,20.0,530.4117281446471,33.0,930.0,3.0,0.0,3.0,0.0,SyntheticBenignV4,0,train,1,11.0,synthetic_train_benign_v4_20261021_00367,1
synthetic_train_benign_v4_20261021_00349,benign,1,1786198723,236,236,1.3430672321755165e+17,synthetic_benign_v4.exe,509e5241e30c4f7f2eef90fc79f985ba3f4882f3aa9aee03122c18afc86437c5,1142.0,6.0,1.0,0.0,0.0,0.0,1.0,0.0,1.0,1.0,0.0,0.0,1.0,0.0,1.0,0.0,1.0,1.0,1.0,1.0,1.0,1.0,81.86510145600336,8.528610099877934,100.96472305101504,2.9272935645555065,3.599367047762965,51.0,6.693966978484898,4.0,202.0,19.0,0.0,3.0,0.0,SyntheticBenignV4,0,train,1,6.0,synthetic_train_benign_v4_20261021_00349,1
synthetic_train_benign_v4_20261021_00283,benign,1,1786196998,11944,11944,1.3430670597531022e+17,synthetic_benign_v4.exe,79968d2ce448c218427b28529c25cdd2309cbde9533b5364917edc50a7dd92fd,170976.0,7.0,0.0,0.0,0.0,1.0,1.0,1.0,1.0,0.0,1.0,1.0,0.0,0.0,0.0,1.0,1.0,1.0,1.0,1.0,1.0,1.0,110.77809182526282,18.021124725200856,630.8082961816968,3.0025350241626056,2.294701407069532,7.0,8.699118445014488,4.0,943.0,2.0,0.0,1.0,0.0,SyntheticBenignV4,0,train,1,7.0,synthetic_train_benign_v4_20261021_00283,1
r_20260801_001458_00220,malware,1,1785577799,10040,10040,1.343005138250711e+17,Sodinokibi__8d1e4bb75799fd3639d12f2418ae31631e483f8dd9758e1e8ba785c4e7a18a71.exe,8d1e4bb75799fd3639d12f2418ae31631e483f8dd9758e1e8ba785c4e7a18a71,15822.0,6.0,1.0,0.0,0.0,0.0,0.0,0.0,0.0,1.0,0.0,0.0,1.0,1.0,1.0,1.0,0.0,0.0,1.0,1.0,1.0,1.0,18.3333,5.9,11.1,3.0396,3.277,4.0,17.8829,6.0,159.0,5.0,0.0,2.0,0.0,Sodinokibi,1,train,1,6.0,r_20260801_001458_00220,0
6ac8e08c1610cc82bf7d6ee67a53e3a3e3dc72790550d110572ed42a9aa48f43,malware,1,1785666116,5956,5956,1.3430139529576038e+17,Trigona__6ac8e08c1610cc82bf7d.exe,6ac8e08c1610cc82bf7d6ee67a53e3a3e3dc72790550d110572ed42a9aa48f43,185924.0,6.0,1.0,0.0,0.0,0.0,0.0,1.0,0.0,0.0,1.0,1.0,1.0,0.0,1.0,0.0,0.0,1.0,1.0,0.0,1.0,0.0,59.4667,10.9667,32.2667,1.3575,3.9673,106.0,349.6868,15.0,92.0,142.0,0.0,3.0,0.0,Trigona,1,train,1,6.0,6ac8e08c1610cc82bf7d6ee67a53e3a3e3dc72790550d110572ed42a9aa48f43,0
synthetic_train_benign_v4_20261021_00005,benign,1,1786198497,11608,11608,1.3430672095426877e+17,synthetic_benign_v4.exe,2a9c70e9222f436c56e04af04feb58453479771aa79db08fa0601aa35019ed14,40122.0,9.0,0.0,1.0,1.0,1.0,0.0,0.0,0.0,0.0,1.0,1.0,1.0,1.0,1.0,1.0,1.0,1.0,1.0,1.0,1.0,1.0,32.09980943951381,19.568507714305056,2023.711999092509,1.6673850539480608,0.8031676367869249,102.0,459.81896130668406,28.0,812.0,5.0,0.0,3.0,0.0,SyntheticBenignV4,0,train,1,9.0,synthetic_train_benign_v4_20261021_00005,1
synthetic_train_benign_v4_20261021_00179,benign,1,1786196998,11944,11944,1.3430670597531022e+17,synthetic_benign_v4.exe,1973ddd23afc17703886af35e2f24ba11da1520260e07bdff002e1d8646745dc,45321.0,8.0,1.0,0.0,0.0,0.0,0.0,1.0,1.0,0.0,1.0,1.0,0.0,1.0,1.0,1.0,1.0,1.0,1.0,1.0,1.0,1.0,274.8431425114807,18.59086504810722,810.1728734618132,2.9679800239794085,0.31223193767504054,6.0,6.277708733950376,58.0,658.0,6.0,0.0,1.0,0.0,SyntheticBenignV4,0,train,1,8.0,synthetic_train_benign_v4_20261021_00179,1
r_20260801_001458_00244,malware,1,1785604560,3324,3324,1.3430078146600008e+17,Sodinokibi__db59d4ab0aaf660fe778f9190102e1b808bc5d357026736ca335e4858ec512eb.exe,db59d4ab0aaf660fe778f9190102e1b808bc5d357026736ca335e4858ec512eb,13513.0,6.0,1.0,0.0,0.0,0.0,0.0,0.0,0.0,0.0,0.0,1.0,1.0,1.0,1.0,1.0,0.0,1.0,1.0,1.0,1.0,1.0,33.7333,11.0333,20.9333,3.0662,3.2933,4.0,21.2185,6.0,313.0,5.0,0.0,2.0,0.0,Sodinokibi,1,train,1,6.0,r_20260801_001458_00244,0
r_20260801_001458_00234,malware,1,1785601690,6260,6260,1.3430075244268797e+17,Sodinokibi__bf43061a8849ce6aa78e82f830eba1cd36f7e753594aea195661ad9e8aec63c7.exe,bf43061a8849ce6aa78e82f830eba1cd36f7e753594aea195661ad9e8aec63c7,44749.0,7.0,1.0,0.0,0.0,0.0,0.0,1.0,1.0,0.0,1.0,0.0,0.0,1.0,1.0,1.0,0.0,0.0,0.0,1.0,1.0,1.0,2.0667,0.5,2280.9,3.1814,3.2803,5.0,31.4361,6.0,5.0,5.0,0.0,3.0,0.0,Sodinokibi,1,train,1,7.0,r_20260801_001458_00234,0
a40b815afce131df6d4bc3f389cb64b742f545481119d3ecb78dda22e546a41a,malware,1,1785640965,7648,7648,1.3430114513955758e+17,Rhysida__a40b815afce131df6d4b.exe,a40b815afce131df6d4bc3f389cb64b742f545481119d3ecb78dda22e546a41a,50016.0,6.0,1.0,0.0,1.0,0.0,1.0,0.0,0.0,0.0,1.0,1.0,1.0,0.0,0.0,0.0,1.0,1.0,1.0,0.0,0.0,0.0,51.4333,5.9,1598.1667,0.0,0.0,19.0,383.0436,14.0,69.0,38.0,0.0,3.0,0.0,Rhysida,1,train,1,6.0,a40b815afce131df6d4bc3f389cb64b742f545481119d3ecb78dda22e546a41a,0
r_20260801_001458_00211,malware,1,1785572672,1072,1072,1.3430046225065197e+17,Sodinokibi__6de38aafc267304770d6caaaa5dbf65e6bc28b6e5d436ee12924f0e31753c7d7.exe,6de38aafc267304770d6caaaa5dbf65e6bc28b6e5d436ee12924f0e31753c7d7,45469.0,10.0,1.0,0.0,1.0,0.0,0.0,1.0,1.0,0.0,1.0,1.0,1.0,1.0,1.0,1.0,0.0,1.0,1.0,1.0,1.0,1.0,28.3667,9.2667,2215.9333,2.8275,3.2808,3.0,24.3868,6.0,260.0,4.0,0.0,3.0,0.0,Sodinokibi,1,train,1,10.0,r_20260801_001458_00211,0
synthetic_train_benign_v4_20261021_00004,benign,1,1786198671,6052,6052,1.3430672269555864e+17,synthetic_benign_v4.exe,986686a3a6917342896b9f3312d28819607e93ed7228035129aeb403523ad138,43015.0,8.0,1.0,1.0,0.0,0.0,0.0,1.0,1.0,0.0,1.0,0.0,1.0,1.0,1.0,0.0,1.0,1.0,1.0,1.0,1.0,1.0,67.87019741547249,10.336711656738222,667.0057302398218,2.4449822243477133,3.515201346439543,23.0,11.324615720003452,24.0,937.0,7.0,0.0,3.0,0.0,SyntheticBenignV4,0,train,1,8.0,synthetic_train_benign_v4_20261021_00004,1
synthetic_train_benign_v4_20261021_00351,benign,1,1786197049,5684,5684,1.3430670648783542e+17,synthetic_benign_v4.exe,38e043f9fa5280e61f2b879279d12ba6eabca9eab37fbc7dc9350900dfd47261,71353.0,9.0,1.0,1.0,1.0,0.0,0.0,0.0,1.0,1.0,1.0,1.0,1.0,0.0,1.0,0.0,1.0,1.0,1.0,1.0,1.0,1.0,278.94650388375436,22.75697544023737,1397.112920451268,2.9918209845737977,3.0046529717912898,71.0,13.072940814668238,45.0,1102.0,95.0,0.0,3.0,0.0,SyntheticBenignV4,0,train,1,9.0,synthetic_train_benign_v4_20261021_00351,1
6da9ef4fbe6ca8cb9e84d8d8fb2a7a3c79d29f9a528dd1594804858c7a004835,malware,1,1785666481,3440,3440,1.343013987040692e+17,Trigona__6da9ef4fbe6ca8cb9e84.exe,6da9ef4fbe6ca8cb9e84d8d8fb2a7a3c79d29f9a528dd1594804858c7a004835,210093.0,6.0,1.0,0.0,0.0,0.0,0.0,1.0,0.0,0.0,1.0,1.0,1.0,0.0,1.0,0.0,0.0,1.0,1.0,0.0,1.0,0.0,79.5333,14.3,44.9333,1.376,3.9145,104.0,211.4232,15.0,191.0,142.0,0.0,3.0,0.0,Trigona,1,train,1,6.0,6da9ef4fbe6ca8cb9e84d8d8fb2a7a3c79d29f9a528dd1594804858c7a004835,0
r_20260801_001458_00198,malware,1,1785569304,8028,8028,1.3430042896733658e+17,Sodinokibi__42c28feb23c992a350673d63413bf11bc816d00a079462ab524934219d46430d.exe,42c28feb23c992a350673d63413bf11bc816d00a079462ab524934219d46430d,3881.0,6.0,1.0,0.0,0.0,0.0,0.0,0.0,0.0,0.0,0.0,1.0,1.0,1.0,1.0,1.0,0.0,1.0,1.0,1.0,1.0,1.0,28.5333,9.3,11.0,2.9625,3.278,3.0,29.8148,6.0,261.0,5.0,0.0,2.0,0.0,Sodinokibi,1,train,1,6.0,r_20260801_001458_00198,0
4b771cd89739a9f1f9d03f3d1e3702af6a375f3dcba0ad904eda489fb014a37e,malware,1,1785665449,6696,6696,1.3430138848110675e+17,Trigona__4b771cd89739a9f1f9d0.exe,4b771cd89739a9f1f9d03f3d1e3702af6a375f3dcba0ad904eda489fb014a37e,200422.0,6.0,1.0,0.0,0.0,0.0,0.0,1.0,0.0,0.0,1.0,1.0,1.0,0.0,1.0,0.0,0.0,1.0,1.0,0.0,1.0,0.0,44.1333,8.3333,24.9333,1.4074,3.9013,95.0,208.5974,13.0,44.0,120.0,0.0,3.0,0.0,Trigona,1,train,1,6.0,4b771cd89739a9f1f9d03f3d1e3702af6a375f3dcba0ad904eda489fb014a37e,0
synthetic_train_benign_v4_20261021_00129,benign,1,1786198819,2828,2828,1.3430672417126842e+17,synthetic_benign_v4.exe,c8e7cc67560bdc2770d5dbdfc9ddfebac6ea09db8aec5c07f707ba4fee79e067,11103.0,9.0,0.0,1.0,1.0,0.0,1.0,1.0,1.0,0.0,1.0,0.0,1.0,1.0,1.0,0.0,1.0,1.0,1.0,1.0,1.0,1.0,162.54199841156654,32.46295974537401,1967.3764716157957,1.4172941887360813,3.5812250802168295,71.0,243.01851313687007,33.0,787.0,116.0,0.0,3.0,0.0,SyntheticBenignV4,0,train,1,9.0,synthetic_train_benign_v4_20261021_00129,1
,benign,1,1786198723,236,236,1.3430672321755165e+17,python.exe,,2169.0,6.0,0.0,0.0,0.0,0.0,0.0,0.0,0.0,0.0,1.0,1.0,1.0,1.0,1.0,1.0,1.0,1.0,1.0,1.0,1.0,1.0,140.8,20.0,1272.5333,3.3214,3.5395,20.0,17.1216,4.0,600.0,7.0,0.0,3.0,0.0,python.exe,0,train,1,6.0,benign_missing_run_train_0058,0
5b3a0b1b89ca463f56984cf67ea1719f1ddee770d1e14438e3fcf9b5301f2c83,malware,1,1785637383,9596,9596,1.3430110931380314e+17,Rhysida__5b3a0b1b89ca463f5698.exe,5b3a0b1b89ca463f56984cf67ea1719f1ddee770d1e14438e3fcf9b5301f2c83,51266.0,6.0,1.0,0.0,1.0,0.0,1.0,0.0,0.0,0.0,1.0,1.0,1.0,0.0,0.0,0.0,1.0,1.0,1.0,0.0,0.0,0.0,42.8333,5.2667,1071.4,0.0,0.0,20.0,379.9106,26.0,26.0,50.0,0.0,3.0,0.0,Rhysida,1,train,1,6.0,5b3a0b1b89ca463f56984cf67ea1719f1ddee770d1e14438e3fcf9b5301f2c83,0
synthetic_train_benign_v4_20261021_00158,benign,1,1786197390,7696,7696,1.3430670988080968e+17,synthetic_benign_v4.exe,5c5a1cbc8ebe2bad4666bd153be4214cb69fee76ee0be3f9a04b9132254e591e,2023.0,7.0,1.0,0.0,0.0,1.0,1.0,1.0,0.0,0.0,0.0,1.0,0.0,0.0,1.0,1.0,1.0,1.0,1.0,1.0,1.0,1.0,264.93439858618746,13.708742117169084,330.2547625844521,2.1174581272342454,0.6389512029007309,17.0,23.113044858388875,12.0,554.0,6.0,0.0,3.0,0.0,SyntheticBenignV4,0,train,1,7.0,synthetic_train_benign_v4_20261021_00158,1
r_20260730_152625_00075,malware,1,1785416328,10652,10652,1.3429889922408456e+17,LockBit__0e66029132a885143b87b1e49e32663a52737bbff4ab96186e9e5e829aa2915f.exe,0e66029132a885143b87b1e49e32663a52737bbff4ab96186e9e5e829aa2915f,6221.0,7.0,1.0,0.0,1.0,0.0,1.0,1.0,1.0,0.0,0.0,1.0,1.0,0.0,0.0,0.0,0.0,1.0,1.0,0.0,0.0,0.0,31.6667,10.6667,13.5667,0.0,0.0,1.0,550.5815,7.0,297.0,7.0,0.0,2.0,0.0,LockBit,1,train,1,7.0,r_20260730_152625_00075,0
a0d4d52885b654cbfeefd194359936072133519c2bc7e8f68b7b668e59c67b94,malware,1,1785640694,6864,6864,1.3430114262722738e+17,Rhysida__a0d4d52885b654cbfeef.exe,a0d4d52885b654cbfeefd194359936072133519c2bc7e8f68b7b668e59c67b94,26646.0,6.0,1.0,0.0,1.0,0.0,1.0,1.0,0.0,0.0,1.0,1.0,0.0,0.0,0.0,0.0,1.0,1.0,0.0,0.0,0.0,0.0,23.7667,4.6333,625.8667,0.0,0.0,28.0,385.0125,12.0,5.0,125.0,0.0,3.0,0.0,Rhysida,1,train,1,6.0,a0d4d52885b654cbfeefd194359936072133519c2bc7e8f68b7b668e59c67b94,0
r_20260801_001238_00087,malware,1,1785536891,11364,11364,1.3430010475670744e+17,Conti__6782ad0c3efc0d0520dc2088e952c504f6a069c36a0308b88c7daadd600250a9.exe,6782ad0c3efc0d0520dc2088e952c504f6a069c36a0308b88c7daadd600250a9,15859.0,6.0,1.0,0.0,0.0,0.0,1.0,0.0,0.0,0.0,0.0,1.0,0.0,1.0,1.0,1.0,0.0,1.0,0.0,1.0,1.0,1.0,156.0667,3.9667,5.6333,2.6758,2.6758,2.0,18.0631,7.0,104.0,2.0,0.0,1.0,0.0,Conti,1,train,1,6.0,r_20260801_001238_00087,0
synthetic_train_benign_v4_20261021_00209,benign,1,1786197146,10672,10672,1.34306707449994e+17,synthetic_benign_v4.exe,75b19c25ede9c726314a5a53f1da8d1ef059ea23edde667e243cc3e9caa487e2,220500.0,6.0,0.0,1.0,0.0,1.0,0.0,0.0,0.0,1.0,0.0,0.0,1.0,1.0,0.0,1.0,1.0,1.0,1.0,1.0,1.0,1.0,130.9865507886599,19.75393875502251,710.5514398162564,1.0647391631192074,4.817549230085288,2.0,425.85402526481244,37.0,1009.0,71.0,0.0,3.0,0.0,SyntheticBenignV4,0,train,1,6.0,synthetic_train_benign_v4_20261021_00209,1
e73605374d40933b78ad13d7053d656f373b285efb6a3ab89ae6cd80191f0778,malware,1,1785683437,5872,5872,1.3430156837797731e+17,Trigona__e73605374d40933b78ad.exe,e73605374d40933b78ad13d7053d656f373b285efb6a3ab89ae6cd80191f0778,199147.0,6.0,1.0,0.0,0.0,0.0,0.0,1.0,0.0,0.0,1.0,1.0,1.0,0.0,1.0,0.0,0.0,1.0,1.0,0.0,1.0,0.0,29.5667,5.3333,15.8,1.5499,3.9055,14.0,226.9537,12.0,74.0,22.0,0.0,3.0,0.0,Trigona,1,train,1,6.0,e73605374d40933b78ad13d7053d656f373b285efb6a3ab89ae6cd80191f0778,0
6a207be6807f1ea51f0bdeeb89e3ea4f0560f48f9b7ed3ed4ea68a212e2714ca,malware,1,1785495333,4464,4464,1.3429968925780696e+17,Targeted__6a207be6807f1ea51f0b.exe,6a207be6807f1ea51f0bdeeb89e3ea4f0560f48f9b7ed3ed4ea68a212e2714ca,6880.0,6.0,1.0,0.0,1.0,0.0,1.0,1.0,1.0,0.0,1.0,0.0,0.0,0.0,0.0,0.0,1.0,0.0,0.0,0.0,0.0,0.0,1.2,0.0,37.0333,,0.0,0.0,,2.0,0.0,1.0,0.0,2.0,0.0,Targeted,1,train,1,6.0,6a207be6807f1ea51f0bdeeb89e3ea4f0560f48f9b7ed3ed4ea68a212e2714ca,0
synthetic_train_benign_v4_20261021_00342,benign,1,1786198866,11312,11312,1.3430672464078317e+17,synthetic_benign_v4.exe,739c4e62c6ca270cf208fd708e70a0a1b5dd7ee346f3a24f8355480d10e353a3,114034.0,7.0,1.0,0.0,1.0,0.0,0.0,0.0,0.0,1.0,1.0,1.0,0.0,1.0,1.0,0.0,1.0,1.0,1.0,1.0,1.0,1.0,161.3463754771978,53.632274120750644,1865.631026989069,0.422299119219874,2.4535454278353233,34.0,367.7186059562363,4.0,898.0,21.0,0.0,3.0,0.0,SyntheticBenignV4,0,train,1,7.0,synthetic_train_benign_v4_20261021_00342,1
r_20260801_001238_00124,malware,1,1785546257,8468,8468,1.3430019841029058e+17,Conti__f5df98b344242c5eaad1fce421c640fadd71f7f21379d2bf7309001dfeb25972.exe,f5df98b344242c5eaad1fce421c640fadd71f7f21379d2bf7309001dfeb25972,15932.0,7.0,1.0,0.0,0.0,0.0,1.0,0.0,0.0,0.0,0.0,1.0,1.0,1.0,1.0,1.0,0.0,1.0,1.0,1.0,1.0,1.0,367.0333,9.8,11.5,2.9267,3.1082,5.0,23.4273,7.0,279.0,2.0,0.0,2.0,0.0,Conti,1,train,1,7.0,r_20260801_001238_00124,0
synthetic_train_benign_v4_20261021_00340,benign,1,1786197049,5684,5684,1.3430670648783542e+17,synthetic_benign_v4.exe,ed9bc2a0529d891cc2d981c018236be2f918e10f6fab685f2104fdb0ea5b1520,185123.0,8.0,1.0,0.0,0.0,0.0,1.0,1.0,0.0,1.0,1.0,1.0,0.0,1.0,0.0,1.0,1.0,1.0,1.0,1.0,1.0,1.0,136.7331182434356,23.90025449940131,165.89873238400102,2.5349904253104483,2.1829993216725914,18.0,7.129332659893027,18.0,752.0,7.0,0.0,3.0,0.0,SyntheticBenignV4,0,train,1,8.0,synthetic_train_benign_v4_20261021_00340,1
synthetic_train_benign_v4_20261021_00178,benign,1,1786198619,6516,6516,1.343067221675472e+17,synthetic_benign_v4.exe,837d52e7175e44a7e9d6de01b9e2a8649209918ac669ea3a1152a3c296c23ced,169672.0,6.0,0.0,0.0,1.0,0.0,0.0,0.0,0.0,0.0,1.0,1.0,1.0,1.0,1.0,0.0,1.0,1.0,1.0,1.0,1.0,1.0,61.14676125855626,7.659195347441751,325.3214733914915,1.0332345638683262,3.522370662939448,56.0,25.124698003290906,5.0,899.0,3.0,0.0,3.0,0.0,SyntheticBenignV4,0,train,1,6.0,synthetic_train_benign_v4_20261021_00178,1
2ee6dfbfb2afd7442c9f2212eb142876698851c3ffb552ee420c0281e35a836e,malware,1,1785890834,7744,7744,1.3430364424108342e+17,Conti__2ee6dfbfb2afd.exe,2ee6dfbfb2afd7442c9f2212eb142876698851c3ffb552ee420c0281e35a836e,9083.0,7.0,1.0,0.0,1.0,0.0,0.0,1.0,0.0,0.0,1.0,0.0,0.0,1.0,1.0,1.0,1.0,0.0,0.0,1.0,1.0,1.0,11.9,1.7333,245.2333,1.8795,2.9729,26.0,20.3226,8.0,44.0,4.0,0.0,3.0,0.0,Conti,1,train,1,7.0,2ee6dfbfb2afd7442c9f2212eb142876698851c3ffb552ee420c0281e35a836e,0
r_20260730_213552_00032,malware,1,1785430587,10868,10868,1.3429904178549238e+17,Babuk__1978935cf8c484d17024464ea07896b665e99350c82511e1a377230dae992080.exe,1978935cf8c484d17024464ea07896b665e99350c82511e1a377230dae992080,8350.0,8.0,1.0,0.0,1.0,0.0,1.0,1.0,1.0,0.0,1.0,1.0,1.0,0.0,0.0,0.0,1.0,1.0,1.0,0.0,0.0,0.0,298.8,58.1,237.8333,0.0,0.0,11.0,196.9037,68.0,1200.0,70.0,0.0,2.0,0.0,Babuk,1,train,1,8.0,r_20260730_213552_00032,0
synthetic_train_benign_v4_20261021_00249,benign,1,1786198723,236,236,1.3430672321755165e+17,synthetic_benign_v4.exe,1352ce608628aa8e656e1af69003faeff9da9334ed554b7eea74feda4aaf0dfa,151119.0,8.0,1.0,0.0,1.0,0.0,1.0,1.0,0.0,0.0,0.0,0.0,1.0,1.0,1.0,1.0,1.0,1.0,1.0,1.0,1.0,1.0,117.66301748275879,20.97510696062421,94.48065518040167,2.6109408767094515,3.664581149500687,8.0,457.30584261293,7.0,281.0,7.0,0.0,3.0,0.0,SyntheticBenignV4,0,train,1,8.0,synthetic_train_benign_v4_20261021_00249,1
r_20260801_001458_00050,malware,1,1785530824,6296,6296,1.343000440009459e+17,Medusa__4a0e7565db16ed833a083bc9927f032be5e6918eed712982cd76e87e99510778.exe,4a0e7565db16ed833a083bc9927f032be5e6918eed712982cd76e87e99510778,8146.0,7.0,1.0,0.0,0.0,0.0,1.0,0.0,1.0,0.0,0.0,1.0,0.0,1.0,1.0,1.0,0.0,1.0,0.0,1.0,1.0,1.0,114.2,4.5333,6.9,2.9602,3.2761,3.0,15.6376,7.0,113.0,5.0,0.0,3.0,0.0,Medusa,1,train,1,7.0,r_20260801_001458_00050,0
2bdb732665087eb6ce18e457e8cb5b2f787a361508872aceb2498bcd2b842057,malware,1,1785664414,4512,4512,1.343013781609366e+17,Trigona__2bdb732665087eb6ce18.exe,2bdb732665087eb6ce18e457e8cb5b2f787a361508872aceb2498bcd2b842057,197704.0,6.0,1.0,0.0,0.0,0.0,0.0,1.0,0.0,0.0,1.0,1.0,1.0,0.0,1.0,0.0,0.0,1.0,1.0,0.0,1.0,0.0,33.9667,6.1667,19.1333,1.3234,2.6893,27.0,365.3278,12.0,67.0,36.0,0.0,3.0,0.0,Trigona,1,train,1,6.0,2bdb732665087eb6ce18e457e8cb5b2f787a361508872aceb2498bcd2b842057,0
synthetic_train_benign_v4_20261021_00322,benign,1,1786198723,236,236,1.3430672321755165e+17,synthetic_benign_v4.exe,1823902beda07823610c6b384228845f4446977088b0e8a3bf55d93f8ae3a994,205052.0,7.0,1.0,1.0,0.0,0.0,1.0,0.0,0.0,1.0,0.0,0.0,1.0,1.0,0.0,1.0,1.0,1.0,1.0,1.0,1.0,1.0,218.10457920709902,25.262436175664533,1468.8556218934189,2.836850513910898,3.7047077309624963,34.0,13.336454792206514,3.0,819.0,35.0,0.0,3.0,0.0,SyntheticBenignV4,0,train,1,7.0,synthetic_train_benign_v4_20261021_00322,1
336ee741a618ea5bb2ee27dba6e78879b239ddd6060bb5bc0dab68d66e123578,malware,1,1785673607,8124,8124,1.3430146955904317e+17,Trigona__336ee741a618ea5bb2ee.exe,336ee741a618ea5bb2ee27dba6e78879b239ddd6060bb5bc0dab68d66e123578,251102.0,6.0,1.0,0.0,0.0,0.0,0.0,1.0,0.0,0.0,1.0,1.0,1.0,0.0,1.0,0.0,0.0,1.0,1.0,0.0,1.0,0.0,36.2667,7.1,57.6,1.7527,3.5432,3.0,414.7008,12.0,151.0,37.0,0.0,2.0,0.0,Trigona,1,train,1,6.0,336ee741a618ea5bb2ee27dba6e78879b239ddd6060bb5bc0dab68d66e123578,0
3548b30286a0a4c6a2584af5c3e1319797128f25858ec829822a3e13fd9290eb,malware,1,1785674634,4552,4552,1.3430148052380896e+17,Trigona__3548b30286a0a4c6a258.exe,3548b30286a0a4c6a2584af5c3e1319797128f25858ec829822a3e13fd9290eb,181482.0,6.0,1.0,0.0,0.0,0.0,0.0,1.0,0.0,0.0,1.0,1.0,1.0,0.0,1.0,0.0,0.0,1.0,1.0,0.0,1.0,0.0,28.5333,5.5667,18.5333,1.1963,3.9461,43.0,224.1838,11.0,44.0,77.0,0.0,3.0,0.0,Trigona,1,train,1,6.0,3548b30286a0a4c6a2584af5c3e1319797128f25858ec829822a3e13fd9290eb,0
synthetic_train_benign_v4_20261021_00185,benign,1,1786197347,1212,1212,1.343067094631076e+17,synthetic_benign_v4.exe,1bd05102dc5601bf69f0fa48059ee20f1ca5ec3ccde71afb7d53f5ebe3deb2b5,1480.0,6.0,1.0,0.0,1.0,0.0,0.0,1.0,1.0,0.0,0.0,0.0,0.0,0.0,1.0,1.0,1.0,1.0,1.0,1.0,1.0,1.0,103.8188019112621,11.639065732198189,843.7756368230816,3.623356303022738,2.339346137921076,14.0,20.78164499163006,44.0,44.0,39.0,0.0,3.0,0.0,SyntheticBenignV4,0,train,1,6.0,synthetic_train_benign_v4_20261021_00185,1
synthetic_train_benign_v4_20261021_00310,benign,1,1786198554,2416,2416,1.343067215322543e+17,synthetic_benign_v4.exe,377be2da07b4f26f8fada3a93db140080db7b059b4bb0cf2f777a62eee3ca7b0,60857.0,9.0,1.0,1.0,1.0,0.0,1.0,0.0,0.0,0.0,1.0,0.0,1.0,1.0,1.0,1.0,1.0,1.0,1.0,1.0,1.0,1.0,147.60791879895103,46.74807102515254,996.958353069474,2.5855622270679013,0.1297819037362601,14.0,184.11751191335065,55.0,704.0,4.0,0.0,3.0,0.0,SyntheticBenignV4,0,train,1,9.0,synthetic_train_benign_v4_20261021_00310,1
r_20260730_152625_00046,malware,1,1785409718,7652,7652,1.3429883305496322e+17,Conti__1330c04346c050377d017cef71ae628fa4f8c508f48d4a820e52982245a96719.exe,1330c04346c050377d017cef71ae628fa4f8c508f48d4a820e52982245a96719,11516.0,6.0,1.0,0.0,1.0,0.0,0.0,0.0,0.0,0.0,0.0,1.0,0.0,1.0,1.0,1.0,0.0,1.0,0.0,1.0,1.0,1.0,21.4333,2.9,4.7333,3.2019,3.2921,5.0,18.3961,6.0,69.0,5.0,0.0,2.0,0.0,Conti,1,train,1,6.0,r_20260730_152625_00046,0
r_20260805_153704_00013,malware,1,1785922046,8240,8240,1.343039563018838e+17,INC__0315dbb793f855f154aa8d227151f1098bd9b580a4f85064648b85bac1321663.exe,0315dbb793f855f154aa8d227151f1098bd9b580a4f85064648b85bac1321663,15427.0,6.0,1.0,0.0,0.0,0.0,1.0,0.0,0.0,0.0,0.0,1.0,1.0,1.0,1.0,0.0,0.0,1.0,1.0,1.0,1.0,0.0,119.4333,19.0333,23.2333,1.7136,1.9398,3.0,179.907,5.0,555.0,2.0,0.0,0.0,0.0,INC,1,train,1,6.0,r_20260805_153704_00013,0
synthetic_train_benign_v4_20261021_00306,benign,1,1786197146,10672,10672,1.34306707449994e+17,synthetic_benign_v4.exe,a44eadfc1d59b683ede62721d1f2d1be13d48d37cead1430ed1dd58f7bab7865,1622.0,10.0,1.0,0.0,0.0,0.0,1.0,1.0,1.0,1.0,1.0,1.0,1.0,0.0,1.0,1.0,1.0,1.0,1.0,1.0,1.0,1.0,65.9570072757266,39.211393341091075,918.9192179056407,2.7179755549110767,3.237247201582361,104.0,335.21824747207967,5.0,227.0,67.0,0.0,3.0,0.0,SyntheticBenignV4,0,train,1,10.0,synthetic_train_benign_v4_20261021_00306,1
synthetic_train_benign_v4_20261021_00210,benign,1,1786198497,11608,11608,1.3430672095426877e+17,synthetic_benign_v4.exe,59a1bfc08017466f9ea8cafce8442c5d782d8da42b99339b726f63123fb5d5ef,213929.0,11.0,1.0,0.0,1.0,0.0,1.0,1.0,1.0,1.0,1.0,1.0,1.0,1.0,1.0,0.0,1.0,1.0,1.0,1.0,1.0,1.0,36.79466274586925,13.754366698093172,703.9829588800441,2.7249053539802444,1.7297050328765058,23.0,5.797008720567929,3.0,373.0,8.0,0.0,3.0,0.0,SyntheticBenignV4,0,train,1,11.0,synthetic_train_benign_v4_20261021_00210,1
synthetic_train_benign_v4_20261021_00182,benign,1,1786198497,11608,11608,1.3430672095426877e+17,synthetic_benign_v4.exe,77932e017391a9da3cdffe1a2072e08ed5c2d8a3b8db0da71f12a322d15730f4,180540.0,10.0,1.0,1.0,1.0,0.0,0.0,1.0,1.0,1.0,0.0,0.0,1.0,1.0,1.0,1.0,1.0,1.0,1.0,1.0,1.0,1.0,93.11576240695082,38.54530747003924,1010.0856742406665,2.4857505324231215,4.392822565510537,23.0,21.038506480609186,17.0,291.0,9.0,0.0,3.0,0.0,SyntheticBenignV4,0,train,1,10.0,synthetic_train_benign_v4_20261021_00182,1
synthetic_train_benign_v4_20261021_00240,benign,1,1786198671,6052,6052,1.3430672269555864e+17,synthetic_benign_v4.exe,962234e252ee3f855aebcad7e537b93c30f039a464d914a896d0ee0011d0b3ae,1862.0,10.0,0.0,1.0,0.0,1.0,1.0,1.0,1.0,1.0,0.0,1.0,1.0,1.0,0.0,1.0,1.0,1.0,1.0,1.0,1.0,1.0,83.4654935963077,15.487303786934365,887.707175168031,3.643683142795204,3.7118097373722594,6.0,13.079292001584818,26.0,387.0,92.0,0.0,3.0,0.0,SyntheticBenignV4,0,train,1,10.0,synthetic_train_benign_v4_20261021_00240,1
synthetic_train_benign_v4_20261021_00241,benign,1,1786198819,2828,2828,1.3430672417126842e+17,synthetic_benign_v4.exe,634f5e74469421ccf76ce63c36e0dc326ebc575465e9ff6e0fa214ae43cdb543,228716.0,6.0,0.0,1.0,0.0,0.0,0.0,1.0,0.0,0.0,1.0,0.0,1.0,1.0,1.0,0.0,1.0,1.0,1.0,1.0,1.0,1.0,6.154046025278372,9.541122635876594,31.462360867751357,1.2429284809622039,3.352500617405688,38.0,474.0320922569146,4.0,530.0,9.0,0.0,3.0,0.0,SyntheticBenignV4,0,train,1,6.0,synthetic_train_benign_v4_20261021_00241,1
synthetic_train_benign_v4_20261021_00270,benign,1,1786198723,236,236,1.3430672321755165e+17,synthetic_benign_v4.exe,dd749ee935cd26baf9b4c807f62ba67189599f885867135ea8589962ddf7d82a,2139.0,10.0,1.0,1.0,0.0,0.0,1.0,1.0,0.0,0.0,1.0,1.0,1.0,1.0,1.0,1.0,1.0,1.0,1.0,1.0,1.0,1.0,8.70984340934574,44.0203325538835,1267.6867486082187,1.7354377603605708,1.3975307331135975,24.0,364.25326595111756,3.0,385.0,9.0,0.0,3.0,0.0,SyntheticBenignV4,0,train,1,10.0,synthetic_train_benign_v4_20261021_00270,1
r_20260730_152625_00008,malware,1,1785401632,5312,5312,1.3429875230390909e+17,Babuk__06cac5834189eea0c42c6aed0acf3d9246798c80210af43714aec8244c25b212.exe,06cac5834189eea0c42c6aed0acf3d9246798c80210af43714aec8244c25b212,1492.0,8.0,1.0,0.0,1.0,0.0,1.0,1.0,1.0,0.0,1.0,1.0,1.0,0.0,0.0,0.0,1.0,1.0,1.0,0.0,0.0,0.0,102.5667,19.8333,103.0333,0.0,0.0,2.0,498.6864,34.0,509.0,25.0,0.0,3.0,0.0,Babuk,1,train,1,8.0,r_20260730_152625_00008,0
r_20260730_220149_00039,malware,1,1785433799,10884,10884,1.342990739566176e+17,Babuk__35ec04f4ae6a7cf8f62c17c698f2377b8855e41cd9cf81fdb3bfb6fab3fcd5d1.exe,35ec04f4ae6a7cf8f62c17c698f2377b8855e41cd9cf81fdb3bfb6fab3fcd5d1,2988.0,8.0,1.0,0.0,1.0,0.0,1.0,1.0,1.0,0.0,1.0,1.0,1.0,0.0,0.0,0.0,1.0,1.0,1.0,0.0,0.0,0.0,90.5667,17.5667,72.1333,0.0,0.0,1.0,498.6864,22.0,485.0,8.0,0.0,2.0,0.0,Babuk,1,train,1,8.0,r_20260730_220149_00039,0
synthetic_train_benign_v4_20261021_00149,benign,1,1786198819,2828,2828,1.3430672417126842e+17,synthetic_benign_v4.exe,804200f41f8aa8655d67df22032179ee99c626d149410d8fe4d2e70c786257ba,1718.0,6.0,0.0,0.0,1.0,0.0,0.0,1.0,1.0,0.0,0.0,0.0,1.0,1.0,1.0,0.0,1.0,1.0,1.0,1.0,1.0,1.0,92.11801326649073,10.240424894214476,410.6170355739297,3.0095886206216633,2.9797460118028907,28.0,225.46395824974584,33.0,461.0,12.0,0.0,3.0,0.0,SyntheticBenignV4,0,train,1,6.0,synthetic_train_benign_v4_20261021_00149,1
r_20260730_152625_00044,malware,1,1785409258,5508,5508,1.3429882842523352e+17,Conti__05bbf1c653825b757ee73b59df45410070a28841819362462162d9547adb3d5a.exe,05bbf1c653825b757ee73b59df45410070a28841819362462162d9547adb3d5a,3621.0,7.0,1.0,1.0,0.0,0.0,0.0,0.0,0.0,0.0,0.0,1.0,1.0,1.0,1.0,1.0,0.0,1.0,1.0,1.0,1.0,1.0,154.8,24.9333,27.0,0.948,3.2769,9.0,15.2817,7.0,726.0,5.0,0.0,1.0,0.0,Conti,1,train,1,7.0,r_20260730_152625_00044,0
97349b5328e0d4699691938fe45c0f7d9afdfc6b67a2915e07dec805eff07004,malware,1,1785676117,6160,6160,1.3430149505671235e+17,Trigona__97349b5328e0d4699691.exe,97349b5328e0d4699691938fe45c0f7d9afdfc6b67a2915e07dec805eff07004,210845.0,7.0,1.0,0.0,0.0,0.0,0.0,1.0,0.0,1.0,1.0,1.0,1.0,0.0,1.0,0.0,0.0,1.0,1.0,0.0,1.0,0.0,30.1333,5.4333,18.6,1.4268,3.9518,22.0,211.3056,10.0,74.0,28.0,0.0,3.0,0.0,Trigona,1,train,1,7.0,97349b5328e0d4699691938fe45c0f7d9afdfc6b67a2915e07dec805eff07004,0
repo_rotation_v2_005,benign,1,1786198723,236,236,1.3430672321755165e+17,python.exe,,2169.0,6.0,0.0,0.0,0.0,0.0,0.0,0.0,0.0,0.0,1.0,1.0,1.0,1.0,1.0,1.0,1.0,1.0,1.0,1.0,1.0,1.0,140.8,20.0,1272.5333,3.3214,3.5395,20.0,17.1216,4.0,600.0,7.0,0.0,3.0,0.0,python.exe,0,train,1,6.0,benign_run_repo_rotation_v2_005,0
synthetic_train_benign_v4_20261021_00272,benign,1,1786198671,6052,6052,1.3430672269555864e+17,synthetic_benign_v4.exe,52f93b475cf3693c395f2fd3bd0f88864a4859554c57a912fc668a5d5e6e36c5,50721.0,10.0,0.0,1.0,0.0,1.0,1.0,1.0,0.0,1.0,1.0,1.0,1.0,1.0,0.0,1.0,1.0,1.0,1.0,1.0,1.0,1.0,301.8670642354047,2.3745639853674922,1598.783187641064,2.440871439460871,4.844858131230248,35.0,8.739593523410178,4.0,552.0,74.0,0.0,3.0,0.0,SyntheticBenignV4,0,train,1,10.0,synthetic_train_benign_v4_20261021_00272,1
synthetic_train_benign_v4_20261021_00354,benign,1,1786198671,6052,6052,1.3430672269555864e+17,synthetic_benign_v4.exe,c01fa5acf570dc73d034d44246be72cdeaceb335441bf184b0b65870dc798028,2106.0,10.0,1.0,1.0,1.0,0.0,0.0,1.0,0.0,0.0,1.0,1.0,1.0,1.0,1.0,1.0,1.0,1.0,1.0,1.0,1.0,1.0,126.62695105491308,19.421573074718054,1266.1088270987912,3.2024601395160097,1.169386024167464,18.0,373.1506472423796,3.0,489.0,7.0,0.0,3.0,0.0,SyntheticBenignV4,0,train,1,10.0,synthetic_train_benign_v4_20261021_00354,1
r_20260730_220149_00052,malware,1,1785436929,9616,9616,1.3429910521643117e+17,Babuk__9089df0071fb1473ec82601c117ae755c0117eb55250ce5fd22da5e34f9c3796.exe,9089df0071fb1473ec82601c117ae755c0117eb55250ce5fd22da5e34f9c3796,6937.0,6.0,1.0,0.0,1.0,0.0,1.0,0.0,0.0,0.0,1.0,1.0,1.0,0.0,0.0,0.0,1.0,1.0,1.0,0.0,0.0,0.0,301.7333,43.9,109.8,0.0,0.0,1.0,492.3844,38.0,1200.0,25.0,0.0,3.0,0.0,Babuk,1,train,1,6.0,r_20260730_220149_00052,0
f3cf4730337a3cc11c173bab33b8b0f7f4b98e41fa6e45895b02bae3e5ee9f27,malware,1,1785684183,4768,4768,1.3430157567772595e+17,Trigona__f3cf4730337a3cc11c17.exe,f3cf4730337a3cc11c173bab33b8b0f7f4b98e41fa6e45895b02bae3e5ee9f27,215033.0,6.0,1.0,0.0,0.0,0.0,0.0,1.0,0.0,0.0,1.0,1.0,1.0,0.0,1.0,0.0,0.0,1.0,1.0,0.0,1.0,0.0,31.0667,5.6667,15.8667,1.428,2.7542,19.0,348.454,12.0,67.0,29.0,0.0,3.0,0.0,Trigona,1,train,1,6.0,f3cf4730337a3cc11c173bab33b8b0f7f4b98e41fa6e45895b02bae3e5ee9f27,0
r_20260730_213552_00059,malware,1,1785437045,428,428,1.3429910636587464e+17,Babuk__f52a9f09e5ed90df59ba3d89316d1ed22fb34ccff1c8ff5b209caf4d42deaa66.exe,f52a9f09e5ed90df59ba3d89316d1ed22fb34ccff1c8ff5b209caf4d42deaa66,8314.0,8.0,1.0,0.0,1.0,0.0,1.0,1.0,1.0,0.0,1.0,1.0,1.0,0.0,0.0,0.0,1.0,1.0,1.0,0.0,0.0,0.0,227.3333,44.2667,157.2,0.0,0.0,7.0,398.288,43.0,1200.0,29.0,0.0,3.0,0.0,Babuk,1,train,1,8.0,r_20260730_213552_00059,0
synthetic_train_benign_v4_20261021_00301,benign,1,1786197197,9516,9516,1.3430670795883811e+17,synthetic_benign_v4.exe,66c569dee261cdedc8cda24a3653ad86585ee40d1d49b4c71905376631b1edb6,60725.0,10.0,0.0,0.0,0.0,1.0,1.0,1.0,1.0,0.0,1.0,1.0,1.0,1.0,1.0,1.0,1.0,1.0,1.0,1.0,1.0,1.0,111.70241885608115,3.1081950611844307,820.0850631493443,0.9912003176226849,4.343637032274964,16.0,361.73153505003376,31.0,919.0,105.0,0.0,3.0,0.0,SyntheticBenignV4,0,train,1,10.0,synthetic_train_benign_v4_20261021_00301,1
r_20260801_001238_00086,malware,1,1785536610,7960,7960,1.3430010208467338e+17,Conti__5d4b4d5adb2cd3fefd95b15725a77c4bf48e14e89a23b94733a9ec7b86e09ea2.exe,5d4b4d5adb2cd3fefd95b15725a77c4bf48e14e89a23b94733a9ec7b86e09ea2,2202.0,6.0,1.0,0.0,0.0,0.0,0.0,0.0,0.0,0.0,1.0,1.0,0.0,1.0,1.0,1.0,1.0,1.0,0.0,1.0,1.0,1.0,26.0,3.5333,35.5,2.9944,3.2903,7.0,12.2552,6.0,88.0,5.0,0.0,2.0,0.0,Conti,1,train,1,6.0,r_20260801_001238_00086,0
89f331d784957a00971363893ea76fd2136d574c5cffc48bf15c047413fce3d5,malware,1,1785672871,1868,1868,1.3430146225722546e+17,Trigona__89f331d784957a009713.exe,89f331d784957a00971363893ea76fd2136d574c5cffc48bf15c047413fce3d5,245364.0,6.0,1.0,0.0,0.0,0.0,0.0,1.0,0.0,0.0,1.0,1.0,1.0,0.0,1.0,0.0,0.0,1.0,1.0,0.0,1.0,0.0,32.1333,6.1,39.9333,1.3122,3.5035,95.0,195.1022,13.0,44.0,127.0,0.0,3.0,0.0,Trigona,1,train,1,6.0,89f331d784957a00971363893ea76fd2136d574c5cffc48bf15c047413fce3d5,0
synthetic_train_benign_v4_20261021_00236,benign,1,1786197197,9516,9516,1.3430670795883811e+17,synthetic_benign_v4.exe,26b71d0499e5137b02407df1c26b19f583efff57205ee5c98f9c01ed2136b8c9,1720.0,9.0,0.0,0.0,1.0,1.0,1.0,1.0,0.0,0.0,0.0,1.0,1.0,1.0,1.0,1.0,1.0,1.0,1.0,1.0,1.0,1.0,168.69744864754122,20.34890104925203,1426.1884400164902,3.4750083800157694,3.1360408582361186,90.0,18.820850396367916,3.0,578.0,8.0,0.0,3.0,0.0,SyntheticBenignV4,0,train,1,9.0,synthetic_train_benign_v4_20261021_00236,1
synthetic_train_benign_v4_20261021_00022,benign,1,1786198554,2416,2416,1.343067215322543e+17,synthetic_benign_v4.exe,9aa594e5fc6a97bdf7152ff6b82490fa2845152f47e12b7da503ce0f955a01b4,1496.0,11.0,1.0,1.0,0.0,1.0,1.0,1.0,1.0,0.0,1.0,0.0,1.0,1.0,1.0,1.0,1.0,1.0,1.0,1.0,1.0,1.0,92.23672988735584,38.89947837325853,599.228519329594,2.7398442463727406,0.19582213144962202,42.0,275.661844614002,3.0,946.0,130.0,0.0,3.0,0.0,SyntheticBenignV4,0,train,1,11.0,synthetic_train_benign_v4_20261021_00022,1
bea0bbe82cef5b06c5631d7108722ad318816649cc292a30f712fe67618542d1,malware,1,1785680938,3688,3688,1.3430154330115294e+17,Trigona__bea0bbe82cef5b06c563.exe,bea0bbe82cef5b06c5631d7108722ad318816649cc292a30f712fe67618542d1,208219.0,8.0,1.0,0.0,0.0,0.0,0.0,1.0,0.0,0.0,1.0,1.0,1.0,1.0,1.0,1.0,0.0,1.0,1.0,1.0,1.0,1.0,67.3667,12.2333,33.2667,1.4264,3.9589,78.0,23.0376,12.0,151.0,126.0,0.0,3.0,0.0,Trigona,1,train,1,8.0,bea0bbe82cef5b06c5631d7108722ad318816649cc292a30f712fe67618542d1,0
repo_rotation_v2_007,benign,1,1786198819,2828,2828,1.3430672417126842e+17,python.exe,,2175.0,6.0,0.0,0.0,0.0,0.0,0.0,0.0,0.0,0.0,1.0,1.0,1.0,1.0,1.0,1.0,1.0,1.0,1.0,1.0,1.0,1.0,120.8,13.3333,984.9333,2.9622,3.5441,20.0,9.7148,4.0,400.0,7.0,0.0,3.0,0.0,python.exe,0,train,1,6.0,benign_run_repo_rotation_v2_007,0
repo_rotation_v2_002,benign,1,1786198554,2416,2416,1.343067215322543e+17,python.exe,,1598.0,6.0,0.0,0.0,0.0,0.0,0.0,0.0,0.0,0.0,1.0,1.0,1.0,1.0,1.0,1.0,1.0,1.0,1.0,1.0,1.0,1.0,104.6667,10.6667,859.4667,3.062,3.5425,16.0,16.5446,4.0,320.0,6.0,0.0,3.0,0.0,python.exe,0,train,1,6.0,benign_run_repo_rotation_v2_002,0
r_20260802_053346_00012,malware,1,1785627571,1556,1556,1.3430101160003976e+17,Medusa__c66ba850b29e7d9302621a209882a0f86bdd158faba936c7a045d82c3669bcd0.exe,c66ba850b29e7d9302621a209882a0f86bdd158faba936c7a045d82c3669bcd0,8873.0,6.0,0.0,0.0,0.0,0.0,0.0,0.0,0.0,0.0,1.0,1.0,1.0,1.0,1.0,1.0,1.0,1.0,1.0,1.0,1.0,1.0,177.6667,44.9667,1538.0,1.5243,1.5272,3.0,19.0852,28.0,1200.0,13.0,0.0,3.0,0.0,Medusa,1,train,1,6.0,r_20260802_053346_00012,0
fd217d262bae4fbd47ae208b4e45152e0a458cc9b7245e2221836a23a9e2467b,malware,1,1785847301,5140,5140,1.34303208488866e+17,HiddenTear__fd217d262bae4fbd47ae.exe,fd217d262bae4fbd47ae208b4e45152e0a458cc9b7245e2221836a23a9e2467b,48281.0,7.0,1.0,0.0,1.0,1.0,0.0,0.0,0.0,0.0,1.0,0.0,0.0,1.0,1.0,1.0,0.0,0.0,0.0,1.0,1.0,1.0,0.8333,0.4667,89.7,2.8719,2.8719,1.0,16.4326,12.0,0.0,6.0,0.0,3.0,0.0,HiddenTear,1,train,1,7.0,fd217d262bae4fbd47ae208b4e45152e0a458cc9b7245e2221836a23a9e2467b,0
synthetic_train_benign_v4_20261021_00309,benign,1,1786197146,10672,10672,1.34306707449994e+17,synthetic_benign_v4.exe,ce58170289da1f76fdae9e19fe5a2fe19db9645081c67855b931d12c9fb03bb5,1545.0,9.0,1.0,1.0,0.0,1.0,0.0,0.0,1.0,1.0,1.0,1.0,0.0,0.0,1.0,1.0,1.0,1.0,1.0,1.0,1.0,1.0,177.57989360934957,15.910507317341684,827.5608086205302,3.714864627477141,3.6596297735652508,45.0,218.8442907811319,43.0,421.0,10.0,0.0,3.0,0.0,SyntheticBenignV4,0,train,1,9.0,synthetic_train_benign_v4_20261021_00309,1
7826026ea206063d12d79692ca5f63d879beac9796bb54792f71a2bc8bc16b4c,malware,1,1785678060,8268,8268,1.3430151461329008e+17,Trigona__7826026ea206063d12d7.exe,7826026ea206063d12d79692ca5f63d879beac9796bb54792f71a2bc8bc16b4c,197719.0,6.0,1.0,0.0,0.0,0.0,0.0,1.0,0.0,0.0,1.0,1.0,1.0,0.0,1.0,0.0,0.0,1.0,1.0,0.0,1.0,0.0,39.2667,7.5667,21.4,1.3838,3.9519,101.0,218.0688,13.0,44.0,129.0,0.0,3.0,0.0,Trigona,1,train,1,6.0,7826026ea206063d12d79692ca5f63d879beac9796bb54792f71a2bc8bc16b4c,0
synthetic_train_benign_v4_20261021_00375,benign,1,1785924796,9524,9524,1.3430398394430122e+17,synthetic_benign_v4.exe,1367c9e2cdbcde55a705c14b9d97dec3ebe45c386d4052317597f1376a0e15f5,39103.0,7.0,1.0,0.0,0.0,0.0,1.0,0.0,0.0,0.0,1.0,0.0,1.0,1.0,1.0,1.0,1.0,1.0,1.0,1.0,1.0,1.0,66.30597213264592,11.59294945001208,469.78363526884635,2.427537715510705,2.8248873962753422,6.0,215.66580862662644,65.0,306.0,114.0,0.0,1.0,0.0,SyntheticBenignV4,0,train,1,7.0,synthetic_train_benign_v4_20261021_00375,1
synthetic_train_benign_v4_20261021_00007,benign,1,1786198497,11608,11608,1.3430672095426877e+17,synthetic_benign_v4.exe,38c2cc5b52c6124cef0b0551c1dd0c30a1bc035415dd67024dd7eb0ad5ed3a9a,87465.0,8.0,1.0,1.0,0.0,0.0,1.0,0.0,0.0,1.0,0.0,1.0,1.0,0.0,1.0,1.0,1.0,1.0,1.0,1.0,1.0,1.0,284.69860993137047,29.75614093052552,1332.2849647251467,0.994971063817324,1.7199159167389633,30.0,15.312188092295282,6.0,1134.0,10.0,0.0,3.0,0.0,SyntheticBenignV4,0,train,1,8.0,synthetic_train_benign_v4_20261021_00007,1
synthetic_train_benign_v4_20261021_00117,benign,1,1786197049,5684,5684,1.3430670648783542e+17,synthetic_benign_v4.exe,857cf4cf0d129fbf6483d2ca0d67e288cc154c602e84ed06799b7ade6a86c47c,1996.0,9.0,1.0,1.0,1.0,0.0,1.0,1.0,0.0,0.0,1.0,1.0,0.0,0.0,1.0,1.0,1.0,1.0,1.0,1.0,1.0,1.0,127.63258376716796,7.045522886982512,1175.3213911421014,3.1724883478268224,3.150711380399693,19.0,8.33450883646867,6.0,682.0,5.0,0.0,3.0,0.0,SyntheticBenignV4,0,train,1,9.0,synthetic_train_benign_v4_20261021_00117,1
synthetic_train_benign_v4_20261021_00147,benign,1,1786197347,1212,1212,1.343067094631076e+17,synthetic_benign_v4.exe,a916bcd8b006f274e775c37efd92798c41c32b8120c5c4e0b9a909f64364f924,199405.0,8.0,1.0,0.0,1.0,1.0,0.0,0.0,0.0,1.0,0.0,1.0,0.0,1.0,1.0,1.0,1.0,1.0,1.0,1.0,1.0,1.0,25.239259164547544,40.77116233364527,841.313645517702,1.977777314358139,2.913010861345686,17.0,463.87634198073084,25.0,346.0,57.0,0.0,3.0,0.0,SyntheticBenignV4,0,train,1,8.0,synthetic_train_benign_v4_20261021_00147,1
r_20260805_204121_00015,malware,1,1785940949,8280,8280,1.3430414532624109e+17,INC__508a644d552f237615d1504aa1628566fe0e752a5bc0c882fa72b3155c322cef.exe,508a644d552f237615d1504aa1628566fe0e752a5bc0c882fa72b3155c322cef,11250.0,8.0,1.0,0.0,0.0,0.0,1.0,1.0,0.0,0.0,0.0,1.0,1.0,1.0,1.0,1.0,0.0,1.0,1.0,1.0,1.0,1.0,98.9333,11.7333,21.9,1.3278,3.2641,11.0,33.7148,6.0,332.0,8.0,0.0,1.0,0.0,INC,1,train,1,8.0,r_20260805_204121_00015,0
r_20260805_204121_00013,malware,1,1785940436,3152,3152,1.343041402871584e+17,INC__39e1aa118310977d809d618c937b799cd228b2e339583a21f27cca2ef0bf9449.exe,39e1aa118310977d809d618c937b799cd228b2e339583a21f27cca2ef0bf9449,6591.0,6.0,1.0,0.0,1.0,0.0,0.0,0.0,0.0,0.0,0.0,1.0,0.0,1.0,1.0,1.0,0.0,1.0,0.0,1.0,1.0,1.0,20.4333,1.5,6.3667,1.5387,3.2642,13.0,34.5753,6.0,24.0,8.0,0.0,2.0,0.0,INC,1,train,1,6.0,r_20260805_204121_00013,0
r_20260805_204121_00004,malware,1,1785938221,932,932,1.343041179714266e+17,DragonForce__c844d02c91d5e6dc293de80085ad2f69b5c44bc46ec9fdaa4e3efbda062c871c.exe,c844d02c91d5e6dc293de80085ad2f69b5c44bc46ec9fdaa4e3efbda062c871c,24552.0,7.0,1.0,0.0,0.0,0.0,1.0,0.0,0.0,0.0,0.0,1.0,1.0,1.0,1.0,1.0,0.0,1.0,1.0,1.0,1.0,1.0,208.4,5.1,6.7,2.7943,3.0861,3.0,24.5738,7.0,138.0,2.0,0.0,2.0,0.0,DragonForce,1,train,1,7.0,r_20260805_204121_00004,0
synthetic_train_benign_v4_20261021_00103,benign,1,1786197197,9516,9516,1.3430670795883811e+17,synthetic_benign_v4.exe,9f36e69599be92bbcd32c0f034e715b922d7991361d49bcfb4bc30a6ac6b42c1,111697.0,8.0,1.0,1.0,0.0,0.0,0.0,0.0,1.0,0.0,1.0,1.0,1.0,1.0,0.0,1.0,1.0,1.0,1.0,1.0,1.0,1.0,87.98685208424156,14.165482274111271,685.3448706911446,2.0895287237102127,1.1727976606466404,16.0,23.776016464324016,45.0,191.0,141.0,0.0,3.0,0.0,SyntheticBenignV4,0,train,1,8.0,synthetic_train_benign_v4_20261021_00103,1
synthetic_train_benign_v4_20261021_00297,benign,1,1786198619,6516,6516,1.343067221675472e+17,synthetic_benign_v4.exe,f0d0e1e5a3e9e1ac75b1ddfc68d6e4098e48aec1712ffbc0d712a4440842f3e5,181801.0,8.0,1.0,1.0,0.0,0.0,0.0,1.0,1.0,0.0,1.0,0.0,1.0,1.0,1.0,0.0,1.0,1.0,1.0,1.0,1.0,1.0,83.95018544923299,12.781790314752145,1121.4751193033653,0.3057962831866627,0.8730973152709693,28.0,354.6887514544188,38.0,394.0,46.0,0.0,3.0,0.0,SyntheticBenignV4,0,train,1,8.0,synthetic_train_benign_v4_20261021_00297,1
r_20260805_153704_00030,malware,1,1785927360,2508,2508,1.3430400946073976e+17,INC__f71fc818362b1465fc1deb361de36badc73ac4dd9e815153c9022f82c4062787.exe,f71fc818362b1465fc1deb361de36badc73ac4dd9e815153c9022f82c4062787,13671.0,6.0,1.0,0.0,0.0,0.0,0.0,0.0,0.0,0.0,1.0,1.0,1.0,1.0,1.0,0.0,1.0,1.0,1.0,1.0,1.0,0.0,170.6,28.1667,30.1667,1.7256,1.8614,3.0,158.7546,5.0,829.0,2.0,0.0,0.0,0.0,INC,1,train,1,6.0,r_20260805_153704_00030,0
r_20260730_220149_00051,malware,1,1785436667,5180,5180,1.342991025870034e+17,Babuk__513abf0da6ab016dfa333c863dff0e7c1ee86601884abef87f09de0805af1594.exe,513abf0da6ab016dfa333c863dff0e7c1ee86601884abef87f09de0805af1594,8419.0,8.0,1.0,0.0,1.0,0.0,1.0,1.0,1.0,0.0,1.0,1.0,1.0,0.0,0.0,0.0,1.0,1.0,1.0,0.0,0.0,0.0,317.3667,61.6667,233.9667,0.0,0.0,9.0,316.171,71.0,1200.0,76.0,0.0,3.0,0.0,Babuk,1,train,1,8.0,r_20260730_220149_00051,0
81f0cbb2544e3e4ccbaf582c80297cbfafdf9e8e95b137dc810c535d2cd4b1f8,malware,1,1785809712,8084,8084,1.3430283295634448e+17,INC__81f0cbb2544e3e4ccbaf.exe,81f0cbb2544e3e4ccbaf582c80297cbfafdf9e8e95b137dc810c535d2cd4b1f8,7472.0,6.0,1.0,0.0,0.0,0.0,1.0,1.0,0.0,0.0,0.0,0.0,0.0,1.0,1.0,1.0,0.0,0.0,0.0,1.0,1.0,1.0,1.8333,0.1,26.1333,1.4871,2.9742,6.0,21.6461,5.0,1.0,2.0,0.0,0.0,0.0,INC,1,train,1,6.0,81f0cbb2544e3e4ccbaf582c80297cbfafdf9e8e95b137dc810c535d2cd4b1f8,0
82d77889cb0d8309f146a28ee8bf8977336820fbbc5062237b0653e6fde64e1a,malware,1,1785672363,6880,6880,1.3430145748324658e+17,Trigona__82d77889cb0d8309f146.exe,82d77889cb0d8309f146a28ee8bf8977336820fbbc5062237b0653e6fde64e1a,214493.0,6.0,1.0,0.0,0.0,0.0,0.0,1.0,0.0,0.0,1.0,1.0,1.0,0.0,1.0,0.0,0.0,1.0,1.0,0.0,1.0,0.0,32.8,6.0333,16.5333,1.5057,3.9078,25.0,209.3864,12.0,67.0,33.0,0.0,3.0,0.0,Trigona,1,train,1,6.0,82d77889cb0d8309f146a28ee8bf8977336820fbbc5062237b0653e6fde64e1a,0
synthetic_train_benign_v4_20261021_00199,benign,1,1786196998,11944,11944,1.3430670597531022e+17,synthetic_benign_v4.exe,5f6541d845bc223b18c48a07e39714cdcea33eb701402b8d609182bc8e546531,982.0,9.0,1.0,0.0,0.0,1.0,1.0,0.0,1.0,1.0,0.0,1.0,1.0,1.0,0.0,1.0,1.0,1.0,1.0,1.0,1.0,1.0,101.38308845408172,32.712999815401524,938.0334713604931,3.36629003816516,3.901669633139526,77.0,433.1347378408804,5.0,322.0,2.0,0.0,1.0,0.0,SyntheticBenignV4,0,train,1,9.0,synthetic_train_benign_v4_20261021_00199,1
synthetic_train_benign_v4_20261021_00289,benign,1,1786197347,1212,1212,1.343067094631076e+17,synthetic_benign_v4.exe,d148b9aec04219f32725a5620ff4169e4420ee912f996507b285b8f3a92593bc,222440.0,8.0,1.0,0.0,1.0,0.0,0.0,1.0,0.0,1.0,1.0,1.0,1.0,1.0,0.0,0.0,1.0,1.0,1.0,1.0,1.0,1.0,98.32625419538489,13.61575869244598,933.9156187668797,1.1977826709224737,3.21959262768878,14.0,19.807951856364028,4.0,331.0,117.0,0.0,3.0,0.0,SyntheticBenignV4,0,train,1,8.0,synthetic_train_benign_v4_20261021_00289,1
synthetic_train_benign_v4_20261021_00193,benign,1,1786198497,11608,11608,1.3430672095426877e+17,synthetic_benign_v4.exe,841b86be32dca7f71a548792c789f36aff8024f353de05d425b6a5b53d99c433,109654.0,8.0,0.0,1.0,0.0,0.0,0.0,1.0,1.0,0.0,1.0,0.0,1.0,1.0,1.0,1.0,1.0,1.0,1.0,1.0,1.0,1.0,93.7476920223384,8.899087460089204,1128.6860450914482,1.7877074282473306,7.086412912939168,15.0,308.29719686832135,5.0,379.0,43.0,0.0,3.0,0.0,SyntheticBenignV4,0,train,1,8.0,synthetic_train_benign_v4_20261021_00193,1
synthetic_train_benign_v4_20261021_00292,benign,1,1786198619,6516,6516,1.343067221675472e+17,synthetic_benign_v4.exe,dd1b617ba3f2b55b09a0f73e7713b127fce3f48cb14c717212feb0cd16c2e1de,233471.0,9.0,0.0,0.0,1.0,0.0,1.0,0.0,0.0,1.0,1.0,1.0,1.0,1.0,1.0,1.0,1.0,1.0,1.0,1.0,1.0,1.0,162.3312451826492,13.148705160956812,330.78016589990887,0.9026959728816862,3.0794933833402705,89.0,92.81229595220024,52.0,354.0,12.0,0.0,3.0,0.0,SyntheticBenignV4,0,train,1,9.0,synthetic_train_benign_v4_20261021_00292,1
synthetic_train_benign_v4_20261021_00223,benign,1,1786198866,11312,11312,1.3430672464078317e+17,synthetic_benign_v4.exe,6d5d0c8bb35a5e6b9bd1899e52df781b0cfaf25d8e887693e986a6e6658a1943,203375.0,7.0,0.0,0.0,1.0,1.0,1.0,0.0,0.0,1.0,0.0,1.0,1.0,0.0,0.0,1.0,1.0,1.0,1.0,1.0,1.0,1.0,145.49339966344294,11.761237459196664,640.5435752651072,3.004273980918033,0.39691437119151324,9.0,356.0014414528953,4.0,932.0,9.0,0.0,3.0,0.0,SyntheticBenignV4,0,train,1,7.0,synthetic_train_benign_v4_20261021_00223,1
synthetic_train_benign_v4_20261021_00034,benign,1,1786197197,9516,9516,1.3430670795883811e+17,synthetic_benign_v4.exe,7c4096e5d0be32dd371a264b43e03fca66ca194a8010c3939a069ee478f39505,180713.0,7.0,1.0,0.0,0.0,0.0,1.0,1.0,0.0,1.0,0.0,0.0,0.0,1.0,1.0,1.0,1.0,1.0,1.0,1.0,1.0,1.0,219.77635172672922,7.228264832519169,618.4576038742289,0.6531529257555073,3.7568882080050505,92.0,423.32315274825373,4.0,344.0,96.0,0.0,3.0,0.0,SyntheticBenignV4,0,train,1,7.0,synthetic_train_benign_v4_20261021_00034,1
synthetic_train_benign_v4_20261021_00291,benign,1,1786198671,6052,6052,1.3430672269555864e+17,synthetic_benign_v4.exe,771de339f6f5bba299e36369a038a75ba767fac67ac6c1921fa8af5dee6b1b68,1847.0,10.0,1.0,0.0,1.0,1.0,1.0,0.0,1.0,0.0,1.0,1.0,1.0,1.0,1.0,0.0,1.0,1.0,1.0,1.0,1.0,1.0,101.91216862354335,26.311259018010585,1432.4197827762437,3.2364755596103967,3.782737755632129,93.0,53.076457849180265,51.0,531.0,5.0,0.0,3.0,0.0,SyntheticBenignV4,0,train,1,10.0,synthetic_train_benign_v4_20261021_00291,1
synthetic_train_benign_v4_20261021_00084,benign,1,1786198497,11608,11608,1.3430672095426877e+17,synthetic_benign_v4.exe,0d4d9b1efd787890d1287f51efc65b4b746860ab9e144fc4875a8071cb17ebd0,2949.0,6.0,0.0,1.0,0.0,0.0,0.0,1.0,1.0,0.0,0.0,0.0,1.0,1.0,1.0,0.0,1.0,1.0,1.0,1.0,1.0,1.0,338.8515143052331,27.39882260852632,2550.2162589539985,3.189479371587676,2.7241823011613726,11.0,10.380014180355957,56.0,754.0,5.0,0.0,3.0,0.0,SyntheticBenignV4,0,train,1,6.0,synthetic_train_benign_v4_20261021_00084,1
258ddd78655ac0587f64d7146e52549115b67465302c0cbd15a0cba746f05595,malware,1,1785639332,4448,4448,1.3430112881370064e+17,Rhysida__258ddd78655ac0587f64.exe,258ddd78655ac0587f64d7146e52549115b67465302c0cbd15a0cba746f05595,49565.0,6.0,1.0,0.0,1.0,0.0,1.0,0.0,0.0,0.0,1.0,1.0,1.0,0.0,0.0,0.0,1.0,1.0,1.0,0.0,0.0,0.0,25.6667,5.5,1025.3333,0.0,0.0,6.0,180.5148,11.0,121.0,9.0,0.0,3.0,0.0,Rhysida,1,train,1,6.0,258ddd78655ac0587f64d7146e52549115b67465302c0cbd15a0cba746f05595,0
r_20260801_001458_00227,malware,1,1785599899,3488,3488,1.3430073436492867e+17,Sodinokibi__ab0aa003d7238940cbdf7393677f968c4a252516de7f0699cd4654abd2e7ae83.exe,ab0aa003d7238940cbdf7393677f968c4a252516de7f0699cd4654abd2e7ae83,61438.0,7.0,1.0,0.0,0.0,0.0,0.0,0.0,0.0,0.0,1.0,1.0,1.0,1.0,1.0,1.0,0.0,1.0,1.0,1.0,1.0,1.0,28.9667,6.9,1489.5,3.2001,3.2002,2.0,29.5388,6.0,189.0,4.0,0.0,2.0,0.0,Sodinokibi,1,train,1,7.0,r_20260801_001458_00227,0
r_20260730_213552_00031,malware,1,1785430359,5760,5760,1.3429903951585582e+17,Babuk__13befc26cf004f4bd09268eae6270c47c030d682f1935dc8f438969266755680.exe,13befc26cf004f4bd09268eae6270c47c030d682f1935dc8f438969266755680,7985.0,8.0,1.0,0.0,1.0,0.0,1.0,1.0,1.0,0.0,1.0,1.0,1.0,0.0,0.0,0.0,1.0,1.0,1.0,0.0,0.0,0.0,296.4,57.5,243.7667,0.0,0.0,9.0,419.734,67.0,1200.0,71.0,0.0,2.0,0.0,Babuk,1,train,1,8.0,r_20260730_213552_00031,0
7ccea71dcec6042d83692ea9e1348f249b970af2d73c83af3f9d67c4434b2dd0,malware,1,1785809029,4944,4944,1.3430282610758803e+17,INC__7ccea71dcec6042d8369.exe,7ccea71dcec6042d83692ea9e1348f249b970af2d73c83af3f9d67c4434b2dd0,11888.0,7.0,1.0,0.0,0.0,0.0,1.0,1.0,0.0,0.0,1.0,0.0,0.0,1.0,1.0,1.0,1.0,0.0,0.0,1.0,1.0,1.0,1.8333,0.1,66.4,0.9904,2.9712,6.0,26.3842,5.0,1.0,2.0,0.0,0.0,0.0,INC,1,train,1,7.0,7ccea71dcec6042d83692ea9e1348f249b970af2d73c83af3f9d67c4434b2dd0,0
synthetic_train_benign_v4_20261021_00228,benign,1,1786198554,2416,2416,1.343067215322543e+17,synthetic_benign_v4.exe,c4912cdac810e08f24d366c41c9b5af0e30b31557f4f26280f3b3040e08ed3fe,219183.0,7.0,1.0,0.0,0.0,0.0,0.0,0.0,1.0,1.0,0.0,1.0,1.0,0.0,1.0,1.0,1.0,1.0,1.0,1.0,1.0,1.0,121.74847509349668,11.072824870020535,620.9389763520863,3.0967875398967455,2.0805859476660795,47.0,13.635513763069238,4.0,263.0,46.0,0.0,3.0,0.0,SyntheticBenignV4,0,train,1,7.0,synthetic_train_benign_v4_20261021_00228,1
r_20260805_204121_00002,malware,1,1785937716,11948,11948,1.3430411291809104e+17,DragonForce__7c67ac6140a6bcf8774be0365cbe8fe10e0bf0cf2918bd734ee4aca77de48c7a.exe,7c67ac6140a6bcf8774be0365cbe8fe10e0bf0cf2918bd734ee4aca77de48c7a,24398.0,6.0,1.0,0.0,0.0,0.0,1.0,0.0,0.0,0.0,0.0,1.0,0.0,1.0,1.0,1.0,0.0,1.0,0.0,1.0,1.0,1.0,184.5,4.6,6.1667,2.8938,3.0729,4.0,15.3946,7.0,123.0,2.0,0.0,2.0,0.0,DragonForce,1,train,1,6.0,r_20260805_204121_00002,0
synthetic_train_benign_v4_20261021_00163,benign,1,1786198866,11312,11312,1.3430672464078317e+17,synthetic_benign_v4.exe,9fb6975fc88423996bd5fa78ac68aafc7b2527da6908ede7664419a65461de0e,1630.0,10.0,0.0,0.0,1.0,0.0,0.0,1.0,1.0,1.0,1.0,1.0,1.0,1.0,1.0,1.0,1.0,1.0,1.0,1.0,1.0,1.0,279.53820990972184,5.385458966600184,1208.0779850769998,2.8639472281918708,2.980741418787297,79.0,10.78810959739388,43.0,778.0,46.0,0.0,3.0,0.0,SyntheticBenignV4,0,train,1,10.0,synthetic_train_benign_v4_20261021_00163,1
28b26bdcf81ab2963d13fc5ccffa8d39f2ae7b4680feac7d38f773c8ed61589d,malware,1,1785669276,7772,7772,1.3430142687954205e+17,Trigona__28b26bdcf81ab2963d13.exe,28b26bdcf81ab2963d13fc5ccffa8d39f2ae7b4680feac7d38f773c8ed61589d,187636.0,6.0,1.0,0.0,0.0,0.0,0.0,1.0,0.0,0.0,1.0,1.0,1.0,0.0,1.0,0.0,0.0,1.0,1.0,0.0,1.0,0.0,58.8333,10.6333,33.2667,1.2557,3.9045,57.0,224.7408,12.0,153.0,74.0,0.0,3.0,0.0,Trigona,1,train,1,6.0,28b26bdcf81ab2963d13fc5ccffa8d39f2ae7b4680feac7d38f773c8ed61589d,0
r_20260801_001238_00117,malware,1,1785544485,3524,3524,1.3430018069327294e+17,Conti__d67a475f72ca65fd1ac5fd3be2f1cce2db78ba074f54dc4c4738d374d0eb19c7.exe,d67a475f72ca65fd1ac5fd3be2f1cce2db78ba074f54dc4c4738d374d0eb19c7,16226.0,7.0,1.0,0.0,0.0,0.0,1.0,0.0,0.0,0.0,0.0,1.0,1.0,1.0,1.0,1.0,0.0,1.0,1.0,1.0,1.0,1.0,355.6,9.3667,10.9667,3.1368,3.2872,10.0,13.703,7.0,260.0,5.0,0.0,2.0,0.0,Conti,1,train,1,7.0,r_20260801_001238_00117,0
synthetic_train_benign_v4_20261021_00095,benign,1,1786198723,236,236,1.3430672321755165e+17,synthetic_benign_v4.exe,2ec2776076c34dcd9f5c5341bacfb210288515dc667526199b0cf7d0bd46f230,139652.0,7.0,1.0,0.0,0.0,1.0,1.0,0.0,0.0,0.0,0.0,1.0,1.0,1.0,0.0,1.0,1.0,1.0,1.0,1.0,1.0,1.0,58.70318243308208,14.528185644342816,1254.1786198872596,3.0634037854219835,3.9984736173564426,61.0,499.96155721293576,4.0,453.0,48.0,0.0,3.0,0.0,SyntheticBenignV4,0,train,1,7.0,synthetic_train_benign_v4_20261021_00095,1
synthetic_train_benign_v4_20261021_00282,benign,1,1786196998,11944,11944,1.3430670597531022e+17,synthetic_benign_v4.exe,306e72d4977445a2d06ae2a495e731a1e7667901136ec5dda95b6344d326f4b6,163846.0,6.0,1.0,0.0,0.0,1.0,0.0,1.0,0.0,0.0,0.0,1.0,1.0,0.0,0.0,1.0,1.0,1.0,1.0,1.0,1.0,1.0,212.374785013135,16.41510217116285,689.9877243013509,0.025702597556378645,2.8274985305752636,6.0,310.58379575177986,4.0,798.0,58.0,0.0,1.0,0.0,SyntheticBenignV4,0,train,1,6.0,synthetic_train_benign_v4_20261021_00282,1
synthetic_train_benign_v4_20261021_00268,benign,1,1786198866,11312,11312,1.3430672464078317e+17,synthetic_benign_v4.exe,60c36c6b381a7dff1eb1b77579377eee7934e135a526ee02450d15f6f922b738,3138.0,9.0,0.0,1.0,0.0,1.0,1.0,0.0,1.0,0.0,0.0,1.0,1.0,1.0,1.0,1.0,1.0,1.0,1.0,1.0,1.0,1.0,235.23553500272706,37.71996942376396,2117.488872082809,0.24269074587012573,3.2858205436840735,28.0,21.58883362371796,36.0,70.0,11.0,0.0,3.0,0.0,SyntheticBenignV4,0,train,1,9.0,synthetic_train_benign_v4_20261021_00268,1
synthetic_train_benign_v4_20261021_00266,benign,1,1785924796,9524,9524,1.3430398394430122e+17,synthetic_benign_v4.exe,eb4dc642dca48a149f3bd406255ba3d7d418e140309c45082c935c9116c9819f,49075.0,6.0,1.0,0.0,1.0,0.0,0.0,1.0,0.0,0.0,1.0,0.0,0.0,1.0,0.0,1.0,1.0,1.0,1.0,1.0,1.0,1.0,82.98540616088583,9.10787335102356,541.4378120115117,2.7185699720556338,6.516603728281619,104.0,513.011777730939,4.0,187.0,2.0,0.0,1.0,0.0,SyntheticBenignV4,0,train,1,6.0,synthetic_train_benign_v4_20261021_00266,1
synthetic_train_benign_v4_20261021_00141,benign,1,1786198671,6052,6052,1.3430672269555864e+17,synthetic_benign_v4.exe,edd3b60bdea98facfb4b41a3559a359dba1213cfd2efcea11ec40d0345e1c03a,43593.0,10.0,1.0,0.0,1.0,0.0,1.0,1.0,0.0,1.0,1.0,0.0,1.0,1.0,1.0,1.0,1.0,1.0,1.0,1.0,1.0,1.0,87.43719488106692,38.27767171553749,1360.9720402374217,2.247209601993708,1.5864312896241808,16.0,510.01754138942545,4.0,822.0,64.0,0.0,3.0,0.0,SyntheticBenignV4,0,train,1,10.0,synthetic_train_benign_v4_20261021_00141,1
fb921bebebeceb58ca29a0fdccacb94674945d4023aded9d37b81113a787bfbb,malware,1,1785684776,2468,2468,1.3430158132314878e+17,Trigona__fb921bebebeceb58ca29.exe,fb921bebebeceb58ca29a0fdccacb94674945d4023aded9d37b81113a787bfbb,243255.0,6.0,1.0,0.0,0.0,0.0,0.0,1.0,0.0,0.0,1.0,1.0,1.0,0.0,1.0,0.0,0.0,1.0,1.0,0.0,1.0,0.0,48.1,9.4667,56.3333,3.1955,3.6114,6.0,344.5022,12.0,222.0,38.0,0.0,2.0,0.0,Trigona,1,train,1,6.0,fb921bebebeceb58ca29a0fdccacb94674945d4023aded9d37b81113a787bfbb,0
b4df356a0b8746b77456531f53cf8418b356b40cd3a9ea214bfe2adba8e8838b,malware,1,1785679875,2440,2440,1.3430153256434835e+17,Trigona__b4df356a0b8746b77456.exe,b4df356a0b8746b77456531f53cf8418b356b40cd3a9ea214bfe2adba8e8838b,218153.0,8.0,1.0,0.0,0.0,0.0,0.0,1.0,0.0,0.0,1.0,1.0,1.0,1.0,1.0,1.0,0.0,1.0,1.0,1.0,1.0,1.0,82.9,14.4667,45.4,1.5855,3.5702,107.0,5.461,13.0,210.0,142.0,0.0,3.0,0.0,Trigona,1,train,1,8.0,b4df356a0b8746b77456531f53cf8418b356b40cd3a9ea214bfe2adba8e8838b,0
r_20260801_001458_00030,malware,1,1785524585,1112,1112,1.3429998168628838e+17,Medusa__08b74bb2d6ec9bbdabdd92fb32d8322d2e08b45b0be069c7429675d33d5060c7.exe,08b74bb2d6ec9bbdabdd92fb32d8322d2e08b45b0be069c7429675d33d5060c7,1018.0,7.0,1.0,0.0,0.0,0.0,1.0,0.0,0.0,0.0,0.0,1.0,1.0,1.0,1.0,1.0,0.0,1.0,1.0,1.0,1.0,1.0,188.4333,8.0,13.3,3.2775,3.2803,3.0,16.1773,7.0,217.0,5.0,0.0,2.0,0.0,Medusa,1,train,1,7.0,r_20260801_001458_00030,0
synthetic_train_benign_v4_20261021_00250,benign,1,1786198866,11312,11312,1.3430672464078317e+17,synthetic_benign_v4.exe,7fe65e67eedb26f0e966f620b5f47ae3e7b723e1269deac6a3c1043ac7cc5dfc,2575.0,10.0,1.0,1.0,0.0,0.0,1.0,1.0,0.0,0.0,1.0,1.0,1.0,1.0,1.0,1.0,1.0,1.0,1.0,1.0,1.0,1.0,201.50891343039004,28.45856635754547,1222.8058865136284,2.7144663652698253,3.269027094192755,49.0,9.000257519060654,4.0,247.0,11.0,0.0,3.0,0.0,SyntheticBenignV4,0,train,1,10.0,synthetic_train_benign_v4_20261021_00250,1
synthetic_train_benign_v4_20261021_00307,benign,1,1786198554,2416,2416,1.343067215322543e+17,synthetic_benign_v4.exe,9c86cdd278fce02ea82d0d51cae088290a520da937e41329ae5dda9f77372ddf,121707.0,10.0,1.0,1.0,0.0,1.0,1.0,0.0,1.0,1.0,1.0,1.0,0.0,1.0,1.0,0.0,1.0,1.0,1.0,1.0,1.0,1.0,89.30760953643748,10.495981570260579,1080.7274636166844,4.100616189153218,0.929848185432402,63.0,326.7028595738243,4.0,305.0,5.0,0.0,3.0,0.0,SyntheticBenignV4,0,train,1,10.0,synthetic_train_benign_v4_20261021_00307,1
r_20260801_001458_00237,malware,1,1785602752,5464,5464,1.343007633647834e+17,Sodinokibi__cb4af8d6d57163b0322bd033b36379f805bdb59ec550049ea568cc0a7dfe52cd.exe,cb4af8d6d57163b0322bd033b36379f805bdb59ec550049ea568cc0a7dfe52cd,14442.0,7.0,1.0,0.0,0.0,0.0,0.0,0.0,0.0,1.0,0.0,1.0,1.0,1.0,1.0,1.0,0.0,1.0,1.0,1.0,1.0,1.0,41.6,13.6667,20.9,2.7995,3.2748,3.0,21.2901,6.0,392.0,5.0,0.0,2.0,0.0,Sodinokibi,1,train,1,7.0,r_20260801_001458_00237,0
be6dfedd91e1ebc81d58a61b05b0ef93322425b247636a0f7f5c3eeebbc52edd,malware,1,1785680885,3604,3604,1.3430154265331514e+17,Trigona__be6dfedd91e1ebc81d58.exe,be6dfedd91e1ebc81d58a61b05b0ef93322425b247636a0f7f5c3eeebbc52edd,219683.0,7.0,1.0,0.0,0.0,0.0,0.0,1.0,0.0,0.0,1.0,1.0,1.0,1.0,1.0,0.0,0.0,1.0,1.0,1.0,1.0,0.0,33.2667,6.4,54.6667,2.4381,4.1115,7.0,73.7263,11.0,121.0,38.0,0.0,2.0,0.0,Trigona,1,train,1,7.0,be6dfedd91e1ebc81d58a61b05b0ef93322425b247636a0f7f5c3eeebbc52edd,0
synthetic_train_benign_v4_20261021_00220,benign,1,1786197390,7696,7696,1.3430670988080968e+17,synthetic_benign_v4.exe,ca7060db42a55ca22a4c674cd74a020921ddf5c3a2a5ca1db69fcb7d9d03f940,2600.0,11.0,1.0,0.0,1.0,1.0,1.0,1.0,0.0,1.0,1.0,0.0,1.0,1.0,1.0,1.0,1.0,1.0,1.0,1.0,1.0,1.0,27.8588790693317,54.55832777680371,1191.8789043545055,0.029525035101189267,3.943261332785755,86.0,9.918107963642958,4.0,503.0,12.0,0.0,3.0,0.0,SyntheticBenignV4,0,train,1,11.0,synthetic_train_benign_v4_20261021_00220,1
r_20260801_001458_00084,malware,1,1785541065,5568,5568,1.3430014659946902e+17,Medusa__e5d819fd969d6bc913698c44beb5c8f763a6d6f07b7cdb3514c4b61a68a1d747.exe,e5d819fd969d6bc913698c44beb5c8f763a6d6f07b7cdb3514c4b61a68a1d747,4514.0,6.0,1.0,0.0,1.0,0.0,1.0,1.0,0.0,0.0,0.0,1.0,0.0,1.0,0.0,0.0,0.0,1.0,0.0,1.0,0.0,0.0,178.3,2.3,10.1667,,0.0,0.0,440.1181,13.0,46.0,9.0,0.0,2.0,0.0,Medusa,1,train,1,6.0,r_20260801_001458_00084,0
r_20260805_204121_00022,malware,1,1785942722,9308,9308,1.3430416305827869e+17,INC__a5925db043e3142e31f21bc18549eb7df289d7c938d56dffe3f5905af11ab97a.exe,a5925db043e3142e31f21bc18549eb7df289d7c938d56dffe3f5905af11ab97a,11400.0,8.0,1.0,0.0,0.0,0.0,1.0,1.0,0.0,0.0,0.0,1.0,1.0,1.0,1.0,1.0,0.0,1.0,1.0,1.0,1.0,1.0,103.9667,10.7,18.6333,1.53,3.2728,11.0,15.5055,6.0,301.0,8.0,0.0,1.0,0.0,INC,1,train,1,8.0,r_20260805_204121_00022,0
6c743c890151d0719150246382b5e0158e8abc4a29dd4b2f049ce7d313b1a330,malware,1,1785918982,1104,1104,1.3430392572901094e+17,Targeted__6c743c8901.exe,6c743c890151d0719150246382b5e0158e8abc4a29dd4b2f049ce7d313b1a330,7133.0,6.0,1.0,0.0,1.0,0.0,1.0,1.0,1.0,0.0,1.0,0.0,0.0,0.0,0.0,0.0,1.0,0.0,0.0,0.0,0.0,0.0,1.2667,0.0,31.2,0.0515,0.0,0.0,568.5903,3.0,0.0,1.0,0.0,2.0,0.0,Targeted,1,train,1,6.0,6c743c890151d0719150246382b5e0158e8abc4a29dd4b2f049ce7d313b1a330,0
synthetic_train_benign_v4_20261021_00347,benign,1,1786198819,2828,2828,1.3430672417126842e+17,synthetic_benign_v4.exe,98afb28ba6af56856980f9ebd5de13a01ec30d62bbbb71ff47631c38b166bf59,1794.0,8.0,1.0,1.0,0.0,0.0,1.0,0.0,0.0,1.0,0.0,1.0,1.0,0.0,1.0,1.0,1.0,1.0,1.0,1.0,1.0,1.0,287.43263764042797,13.900917345670058,917.7125219841271,1.0256693676987878,4.311299733385186,58.0,9.974772082917392,4.0,805.0,116.0,0.0,3.0,0.0,SyntheticBenignV4,0,train,1,8.0,synthetic_train_benign_v4_20261021_00347,1
a82e496b7b5279cb6b93393ec167dd3f50aff1557366784b25f9e51cb23689d9,malware,1,1785434273,4680,4680,1.3429907860765128e+17,Gunra__a82e496b7b5279cb6b93.exe,a82e496b7b5279cb6b93393ec167dd3f50aff1557366784b25f9e51cb23689d9,9760.0,6.0,1.0,0.0,1.0,1.0,0.0,1.0,0.0,0.0,1.0,0.0,0.0,0.0,1.0,0.0,1.0,0.0,0.0,0.0,1.0,0.0,2.4333,0.0,49.3333,3.8798,5.384,12.0,147.445,5.0,0.0,4.0,0.0,2.0,0.0,Gunra,1,train,1,6.0,a82e496b7b5279cb6b93393ec167dd3f50aff1557366784b25f9e51cb23689d9,0
r_20260730_213552_00053,malware,1,1785435589,12216,12216,1.3429909186032544e+17,Babuk__c10a89fbf0a360fabf69bdd95ee20eb0884abbcabb9617c2407fd1d1dd051576.exe,c10a89fbf0a360fabf69bdd95ee20eb0884abbcabb9617c2407fd1d1dd051576,2459.0,8.0,1.0,0.0,1.0,0.0,1.0,1.0,1.0,0.0,1.0,1.0,1.0,0.0,0.0,0.0,1.0,1.0,1.0,0.0,0.0,0.0,61.1333,11.7,92.2,0.0,0.0,2.0,498.6864,51.0,157.0,35.0,0.0,3.0,0.0,Babuk,1,train,1,8.0,r_20260730_213552_00053,0
synthetic_train_benign_v4_20261021_00024,benign,1,1786197146,10672,10672,1.34306707449994e+17,synthetic_benign_v4.exe,b3d4136b9921f39b476c074c56e5de22fc328a5f849b96f5195905960632b1d5,221163.0,7.0,0.0,1.0,1.0,0.0,1.0,0.0,0.0,0.0,0.0,1.0,0.0,1.0,1.0,1.0,1.0,1.0,1.0,1.0,1.0,1.0,131.22884867952163,48.02998304387686,1152.5220152166908,2.3239623527135063,3.5691153211764886,76.0,43.039242589683404,27.0,378.0,11.0,0.0,3.0,0.0,SyntheticBenignV4,0,train,1,7.0,synthetic_train_benign_v4_20261021_00024,1
synthetic_train_benign_v4_20261021_00017,benign,1,1786198554,2416,2416,1.343067215322543e+17,synthetic_benign_v4.exe,e840457abf7ca1085602a5382e747462fc75c8560a1899f7ed22a82387f4391d,2284.0,8.0,1.0,0.0,1.0,0.0,0.0,1.0,1.0,1.0,1.0,0.0,0.0,1.0,1.0,0.0,1.0,1.0,1.0,1.0,1.0,1.0,186.05005264615772,19.65794783995566,146.49618511380748,3.4666747673418374,3.239091218680074,36.0,14.535967991539648,4.0,476.0,139.0,0.0,3.0,0.0,SyntheticBenignV4,0,train,1,8.0,synthetic_train_benign_v4_20261021_00017,1
synthetic_train_benign_v4_20261021_00093,benign,1,1786197347,1212,1212,1.343067094631076e+17,synthetic_benign_v4.exe,9bbc599705a550b8c7a90e1c310de6bf34d909c5caab120eba442ff5d76b575b,178349.0,10.0,1.0,0.0,0.0,1.0,1.0,1.0,0.0,0.0,1.0,1.0,1.0,1.0,1.0,1.0,1.0,1.0,1.0,1.0,1.0,1.0,40.30988780540376,9.278112634000829,872.9407645183768,1.5378575090739648,4.322209830106996,23.0,36.719345719840184,5.0,455.0,87.0,0.0,3.0,0.0,SyntheticBenignV4,0,train,1,10.0,synthetic_train_benign_v4_20261021_00093,1
r_20260802_053346_00018,malware,1,1785629277,6056,6056,1.3430102866693478e+17,Sodinokibi__d09338f3248b7c43b4c58274d453732fca910a0cee2ca50a2b72fe0364fb615c.exe,d09338f3248b7c43b4c58274d453732fca910a0cee2ca50a2b72fe0364fb615c,4375.0,6.0,0.0,0.0,0.0,0.0,0.0,0.0,0.0,0.0,1.0,1.0,1.0,1.0,1.0,1.0,1.0,1.0,1.0,1.0,1.0,1.0,104.7,34.7,36.0,3.0538,3.4156,4.0,5.3653,6.0,1022.0,5.0,0.0,2.0,0.0,Sodinokibi,1,train,1,6.0,r_20260802_053346_00018,0
synthetic_train_benign_v4_20261021_00023,benign,1,1786198723,236,236,1.3430672321755165e+17,synthetic_benign_v4.exe,a4d836a18c460fff490ce5d3907c40aec05b3166001ba25cdc79d4150d6d6a25,2059.0,6.0,0.0,0.0,0.0,0.0,0.0,1.0,0.0,1.0,1.0,1.0,0.0,1.0,0.0,1.0,1.0,1.0,1.0,1.0,1.0,1.0,85.08639690457657,8.105901560880449,196.60357017742,7.699281731029768,3.901439260346622,38.0,27.536058528204496,8.0,207.0,100.0,0.0,3.0,0.0,SyntheticBenignV4,0,train,1,6.0,synthetic_train_benign_v4_20261021_00023,1
r_20260730_213552_00035,malware,1,1785431299,7012,7012,1.3429904891052397e+17,Babuk__306a043bae611b8e7d31fa2bd72e7b2b27771e48bba4f034687ba73ae64fdcce.exe,306a043bae611b8e7d31fa2bd72e7b2b27771e48bba4f034687ba73ae64fdcce,7638.0,8.0,1.0,0.0,1.0,0.0,1.0,1.0,1.0,0.0,1.0,1.0,1.0,0.0,0.0,0.0,1.0,1.0,1.0,0.0,0.0,0.0,323.1667,62.8667,279.6,0.0,0.0,3.0,389.224,71.0,1200.0,77.0,0.0,3.0,0.0,Babuk,1,train,1,8.0,r_20260730_213552_00035,0
r_20260801_001458_00033,malware,1,1785525383,6008,6008,1.342999894559477e+17,Medusa__19b65ef538144e873271f547807830a5ba31fe215f2fe7ade51a38047a80834b.exe,19b65ef538144e873271f547807830a5ba31fe215f2fe7ade51a38047a80834b,21601.0,6.0,1.0,0.0,0.0,0.0,1.0,0.0,1.0,0.0,0.0,0.0,0.0,1.0,1.0,1.0,0.0,0.0,0.0,1.0,1.0,1.0,14.0667,0.5333,4.2333,3.1086,3.2841,6.0,17.2225,7.0,5.0,6.0,0.0,3.0,0.0,Medusa,1,train,1,6.0,r_20260801_001458_00033,0
synthetic_train_benign_v4_20261021_00012,benign,1,1786198497,11608,11608,1.3430672095426877e+17,synthetic_benign_v4.exe,492f75d0f4599b1bd74868733af240bed5b2158949f4ca5bea572bd63efd4efa,143277.0,7.0,1.0,0.0,1.0,0.0,1.0,1.0,0.0,1.0,1.0,1.0,0.0,0.0,0.0,0.0,1.0,1.0,1.0,1.0,1.0,1.0,271.4864363748289,21.841989880366274,1027.8803950789895,2.2230033581654887,4.680523393730909,35.0,7.95350855519953,3.0,407.0,140.0,0.0,3.0,0.0,SyntheticBenignV4,0,train,1,7.0,synthetic_train_benign_v4_20261021_00012,1
synthetic_train_benign_v4_20261021_00246,benign,1,1786198554,2416,2416,1.343067215322543e+17,synthetic_benign_v4.exe,577bf0018f9c62b2b5e8f0c90072d33da1eb615b98d0f6fad2ab011a4eb2f20b,131993.0,6.0,0.0,0.0,0.0,1.0,0.0,0.0,1.0,1.0,0.0,1.0,1.0,1.0,0.0,0.0,1.0,1.0,1.0,1.0,1.0,1.0,278.09707850405164,45.47854061484601,771.3826329279327,2.9326519184059863,3.0089674709135696,24.0,15.90725497252469,50.0,310.0,4.0,0.0,3.0,0.0,SyntheticBenignV4,0,train,1,6.0,synthetic_train_benign_v4_20261021_00246,1
synthetic_train_benign_v4_20261021_00180,benign,1,1786198866,11312,11312,1.3430672464078317e+17,synthetic_benign_v4.exe,e5e567d65dae8405bbf906ecc88c3dae2c56001156635cef0c7fe7b2669ab583,2166.0,10.0,1.0,0.0,0.0,0.0,1.0,0.0,1.0,1.0,1.0,1.0,1.0,1.0,1.0,1.0,1.0,1.0,1.0,1.0,1.0,1.0,179.80577915692106,20.30771558309061,1157.1581202500201,3.235678485796351,3.159214160311062,74.0,523.4249883134358,11.0,537.0,9.0,0.0,3.0,0.0,SyntheticBenignV4,0,train,1,10.0,synthetic_train_benign_v4_20261021_00180,1
r_20260801_001458_00226,malware,1,1785599634,4044,4044,1.3430073173177862e+17,Sodinokibi__9f256973ee6ddcd3d781761480c00220a140fad833dc9a6a085f45c419d1714e.exe,9f256973ee6ddcd3d781761480c00220a140fad833dc9a6a085f45c419d1714e,59426.0,6.0,1.0,0.0,0.0,0.0,0.0,0.0,0.0,0.0,1.0,1.0,1.0,1.0,1.0,0.0,0.0,1.0,1.0,1.0,1.0,0.0,28.5333,9.3667,1492.6667,1.7127,3.2196,3.0,138.6507,6.0,263.0,5.0,0.0,2.0,0.0,Sodinokibi,1,train,1,6.0,r_20260801_001458_00226,0
synthetic_train_benign_v4_20261021_00195,benign,1,1786197347,1212,1212,1.343067094631076e+17,synthetic_benign_v4.exe,9b7b6a52fea99ab48ba2e63d5d7b1f635c397243bdbfeb58176d3a5d74810331,1032.0,10.0,1.0,0.0,1.0,0.0,1.0,1.0,1.0,0.0,1.0,1.0,0.0,1.0,1.0,1.0,1.0,1.0,1.0,1.0,1.0,1.0,98.98460177567381,14.629992579071168,730.2927397858342,3.647410772233346,3.5332152415955695,22.0,139.1392759855418,4.0,383.0,136.0,0.0,3.0,0.0,SyntheticBenignV4,0,train,1,10.0,synthetic_train_benign_v4_20261021_00195,1
508c97a6bbd5071e9f7c72012b1257582367c15bdf320f3cdec09b9642803752,malware,1,1785673572,8124,8124,1.3430146960605536e+17,Trigona__508c97a6bbd5071e9f7c.exe,508c97a6bbd5071e9f7c72012b1257582367c15bdf320f3cdec09b9642803752,211384.0,6.0,1.0,0.0,0.0,0.0,0.0,1.0,0.0,0.0,1.0,1.0,1.0,0.0,1.0,0.0,0.0,1.0,1.0,0.0,1.0,0.0,33.5,6.1667,16.7333,1.3844,3.9388,24.0,206.3901,12.0,67.0,33.0,0.0,3.0,0.0,Trigona,1,train,1,6.0,508c97a6bbd5071e9f7c72012b1257582367c15bdf320f3cdec09b9642803752,0
synthetic_train_benign_v4_20261021_00177,benign,1,1786198723,236,236,1.3430672321755165e+17,synthetic_benign_v4.exe,f26c777c3da0241a78cc50eebb7ba30369313d2c170b255a73d77137bcaaeaae,88006.0,6.0,1.0,1.0,1.0,0.0,1.0,0.0,0.0,1.0,0.0,1.0,0.0,0.0,0.0,0.0,1.0,1.0,1.0,1.0,1.0,1.0,231.61327691463984,17.86045242181664,1170.493320453438,2.335728139816832,0.5073635500595722,46.0,456.9846081891761,64.0,709.0,7.0,0.0,3.0,0.0,SyntheticBenignV4,0,train,1,6.0,synthetic_train_benign_v4_20261021_00177,1
synthetic_train_benign_v4_20261021_00225,benign,1,1786198723,236,236,1.3430672321755165e+17,synthetic_benign_v4.exe,6992a3beb24be251c3f31de5a8e8598f4c75adeb79de8e1a6dc4c0f27d06ff60,2194.0,8.0,1.0,1.0,0.0,0.0,1.0,1.0,0.0,0.0,0.0,1.0,1.0,1.0,0.0,1.0,1.0,1.0,1.0,1.0,1.0,1.0,78.83269983162275,11.796901796116243,1132.5092748532243,2.7047932866417064,1.0252549952258874,9.0,506.0993494461449,10.0,432.0,100.0,0.0,3.0,0.0,SyntheticBenignV4,0,train,1,8.0,synthetic_train_benign_v4_20261021_00225,1
synthetic_train_benign_v4_20261021_00085,benign,1,1786197049,5684,5684,1.3430670648783542e+17,synthetic_benign_v4.exe,37867c5424c2fc7a3b450d9291e85d265981fb8e686ab3e9dc673d61bfbe95af,100934.0,6.0,0.0,0.0,1.0,1.0,1.0,0.0,1.0,0.0,0.0,0.0,0.0,0.0,1.0,1.0,1.0,1.0,1.0,1.0,1.0,1.0,204.7800257012255,35.72580904350941,1312.6420285524866,2.8478724118257306,1.2545423673490983,30.0,259.46047041059705,5.0,75.0,13.0,0.0,3.0,0.0,SyntheticBenignV4,0,train,1,6.0,synthetic_train_benign_v4_20261021_00085,1
synthetic_train_benign_v4_20261021_00323,benign,1,1786198866,11312,11312,1.3430672464078317e+17,synthetic_benign_v4.exe,74051782f9b6ced1fe1fbf554ca5977f05781f6ac43adcdf657c1df7641a6070,40284.0,8.0,1.0,0.0,0.0,1.0,1.0,0.0,0.0,1.0,1.0,1.0,1.0,1.0,0.0,0.0,1.0,1.0,1.0,1.0,1.0,1.0,80.86767128831531,23.388908594772047,735.3092965661909,3.435385818798644,3.950162167760087,68.0,172.44790493016205,4.0,738.0,9.0,0.0,3.0,0.0,SyntheticBenignV4,0,train,1,8.0,synthetic_train_benign_v4_20261021_00323,1
0acf3226ffc9d01f77dccba212f581e47d91b4ae780b24c12b48eb70c2fbdfc7,malware,1,1785663425,7608,7608,1.3430136791037626e+17,Trigona__0acf3226ffc9d01f77dc.exe,0acf3226ffc9d01f77dccba212f581e47d91b4ae780b24c12b48eb70c2fbdfc7,233959.0,6.0,1.0,0.0,0.0,0.0,0.0,1.0,0.0,0.0,1.0,1.0,1.0,0.0,1.0,0.0,0.0,1.0,1.0,0.0,1.0,0.0,51.1,10.0667,55.0667,2.9169,4.0888,5.0,225.9961,12.0,240.0,37.0,0.0,2.0,0.0,Trigona,1,train,1,6.0,0acf3226ffc9d01f77dccba212f581e47d91b4ae780b24c12b48eb70c2fbdfc7,0
synthetic_train_benign_v4_20261021_00356,benign,1,1785924796,9524,9524,1.3430398394430122e+17,synthetic_benign_v4.exe,a05962731d5188b378dc87349ddd83b8642cf5fbfc2b3d396b169e3b8a0310be,222884.0,8.0,0.0,0.0,1.0,0.0,0.0,1.0,0.0,0.0,1.0,1.0,1.0,1.0,1.0,1.0,1.0,1.0,1.0,1.0,1.0,1.0,50.5673738622905,15.336134052127564,257.15604434469975,5.072065707746004,0.43850673081413616,2.0,268.2379164147994,3.0,1010.0,1.0,0.0,1.0,0.0,SyntheticBenignV4,0,train,1,8.0,synthetic_train_benign_v4_20261021_00356,1
5ccff9af23c18998221f45396732539d18e330454327d1e7450095c682d8c552,malware,1,1785495079,4320,4320,1.3429968667482349e+17,Mallox__5ccff9af23c18998221f.exe,5ccff9af23c18998221f45396732539d18e330454327d1e7450095c682d8c552,10154.0,6.0,1.0,0.0,1.0,0.0,1.0,1.0,1.0,0.0,1.0,0.0,0.0,0.0,0.0,0.0,1.0,0.0,0.0,0.0,0.0,0.0,1.2,0.0,33.3,,0.0,0.0,,2.0,0.0,1.0,0.0,2.0,0.0,Mallox,1,train,1,6.0,5ccff9af23c18998221f45396732539d18e330454327d1e7450095c682d8c552,0
synthetic_train_benign_v4_20261021_00062,benign,1,1786198671,6052,6052,1.3430672269555864e+17,synthetic_benign_v4.exe,4374a5199236aea03106bd755c90c35b6fae810385d142c888cf8058057590c1,20179.0,9.0,0.0,1.0,0.0,0.0,1.0,0.0,1.0,1.0,1.0,1.0,1.0,0.0,1.0,1.0,1.0,1.0,1.0,1.0,1.0,1.0,119.16122294436786,47.59660454069976,1303.0423594743238,0.6007730332974465,4.001373623604253,23.0,14.860046858776604,5.0,334.0,7.0,0.0,3.0,0.0,SyntheticBenignV4,0,train,1,9.0,synthetic_train_benign_v4_20261021_00062,1
synthetic_train_benign_v4_20261021_00170,benign,1,1786198819,2828,2828,1.3430672417126842e+17,synthetic_benign_v4.exe,12c2ce5602ac35a04216941a841649e0611eb0e3eeffc7a0a3c584dd041fbb85,1587.0,10.0,0.0,0.0,1.0,1.0,0.0,1.0,1.0,1.0,1.0,1.0,1.0,1.0,0.0,1.0,1.0,1.0,1.0,1.0,1.0,1.0,98.11977655513824,46.283716405265686,775.357878213096,1.7612211338996906,3.3190134411553416,11.0,508.6229290636658,65.0,65.0,17.0,0.0,3.0,0.0,SyntheticBenignV4,0,train,1,10.0,synthetic_train_benign_v4_20261021_00170,1
r_20260805_153704_00015,malware,1,1785923266,4348,4348,1.3430396852724214e+17,INC__31de5a766dca4eaae7b69f807ec06ae14d2ac48100e06a30e17cc9acccfd5193.exe,31de5a766dca4eaae7b69f807ec06ae14d2ac48100e06a30e17cc9acccfd5193,13483.0,6.0,1.0,0.0,0.0,0.0,0.0,0.0,0.0,0.0,1.0,1.0,1.0,1.0,1.0,0.0,1.0,1.0,1.0,1.0,1.0,0.0,170.0667,28.0667,30.1667,1.7891,1.9045,2.0,190.7949,5.0,826.0,2.0,0.0,0.0,0.0,INC,1,train,1,6.0,r_20260805_153704_00015,0
r_20260730_213552_00038,malware,1,1785431992,1992,1992,1.342990558877136e+17,Babuk__327799f36f3ff17ccf9989655edf82793cfe0551994397d8f4ad925bea1f2745.exe,327799f36f3ff17ccf9989655edf82793cfe0551994397d8f4ad925bea1f2745,3155.0,8.0,1.0,0.0,1.0,0.0,1.0,1.0,1.0,0.0,1.0,1.0,1.0,0.0,0.0,0.0,1.0,1.0,1.0,0.0,0.0,0.0,138.6,26.6333,146.8,0.0,0.0,4.0,498.6864,58.0,522.0,42.0,0.0,3.0,0.0,Babuk,1,train,1,8.0,r_20260730_213552_00038,0
0626cf52bd697b73d774be87f7426aa86478dfa62a77a1c8eaeaf1dc6da3ed2c,malware,1,1785673923,2076,2076,1.3430147314503926e+17,Trigona__0626cf52bd697b73d774.exe,0626cf52bd697b73d774be87f7426aa86478dfa62a77a1c8eaeaf1dc6da3ed2c,206200.0,8.0,1.0,0.0,0.0,0.0,0.0,1.0,0.0,0.0,1.0,1.0,1.0,1.0,1.0,1.0,0.0,1.0,1.0,1.0,1.0,1.0,64.2,11.6333,34.4,1.3385,3.9765,76.0,31.1148,13.0,153.0,103.0,0.0,3.0,0.0,Trigona,1,train,1,8.0,0626cf52bd697b73d774be87f7426aa86478dfa62a77a1c8eaeaf1dc6da3ed2c,0
,benign,1,1785924796,9524,9524,1.3430398394430122e+17,python.exe,,2524.0,6.0,0.0,0.0,0.0,0.0,0.0,0.0,0.0,0.0,1.0,1.0,1.0,1.0,1.0,1.0,1.0,1.0,1.0,1.0,1.0,1.0,54.8667,8.0,214.1,7.9488,7.9488,1.0,29.1766,4.0,240.0,1.0,0.0,1.0,0.0,python.exe,0,train,1,6.0,benign_missing_run_train_0068,0
r_20260730_220149_00031,malware,1,1785431786,12228,12228,1.3429905377532664e+17,Babuk__18061dca0d4da1cd8297607c132010c56c0d82520a0f922ba24dd65bc55a29ac.exe,18061dca0d4da1cd8297607c132010c56c0d82520a0f922ba24dd65bc55a29ac,9018.0,8.0,1.0,0.0,1.0,0.0,1.0,1.0,1.0,0.0,1.0,1.0,1.0,0.0,0.0,0.0,1.0,1.0,1.0,0.0,0.0,0.0,314.6667,60.9333,332.9,0.0,0.0,14.0,196.9037,71.0,1200.0,76.0,0.0,3.0,0.0,Babuk,1,train,1,8.0,r_20260730_220149_00031,0
r_20260805_204121_00026,malware,1,1785943736,5360,5360,1.3430417319745568e+17,INC__ee1d8ac9fef147f0751000c38ca5d72feceeaae803049a2cd49dcce15223b720.exe,ee1d8ac9fef147f0751000c38ca5d72feceeaae803049a2cd49dcce15223b720,11388.0,8.0,1.0,0.0,0.0,0.0,1.0,1.0,0.0,0.0,0.0,1.0,1.0,1.0,1.0,1.0,0.0,1.0,1.0,1.0,1.0,1.0,121.3,12.7667,22.9667,0.8611,3.2684,14.0,7.9505,6.0,362.0,8.0,0.0,1.0,0.0,INC,1,train,1,8.0,r_20260805_204121_00026,0
,benign,1,1786198619,6516,6516,1.343067221675472e+17,python.exe,,2605.0,6.0,0.0,0.0,0.0,0.0,0.0,0.0,0.0,0.0,1.0,1.0,1.0,1.0,1.0,1.0,1.0,1.0,1.0,1.0,1.0,1.0,149.5,15.0,1358.0,3.1526,3.536,31.0,18.0472,4.0,450.0,11.0,0.0,3.0,0.0,python.exe,0,train,1,6.0,benign_missing_run_train_0007,0
synthetic_train_benign_v4_20261021_00260,benign,1,1785924796,9524,9524,1.3430398394430122e+17,synthetic_benign_v4.exe,8f2d926345945961a9d00752472e234176e6238ced4f2a6108844a7ae5075ad9,1953.0,9.0,0.0,0.0,1.0,1.0,1.0,0.0,0.0,1.0,1.0,1.0,0.0,1.0,1.0,1.0,1.0,1.0,1.0,1.0,1.0,1.0,78.56203149422215,49.272654276758495,1088.5942881641452,6.6963225517288985,2.8565790572002485,41.0,22.962375615787458,26.0,317.0,4.0,0.0,1.0,0.0,SyntheticBenignV4,0,train,1,9.0,synthetic_train_benign_v4_20261021_00260,1
synthetic_train_benign_v4_20261021_00123,benign,1,1786198866,11312,11312,1.3430672464078317e+17,synthetic_benign_v4.exe,b5dceea2d459b1fa3e1363190be0e3c44593eb0668e55319a6fbaadbe117f368,20385.0,9.0,1.0,1.0,0.0,0.0,1.0,0.0,1.0,1.0,1.0,1.0,0.0,1.0,1.0,0.0,1.0,1.0,1.0,1.0,1.0,1.0,247.56621628500204,22.804762891189288,1638.1751863086927,0.19454105461379548,4.303002740441102,29.0,396.40825927717106,4.0,701.0,9.0,0.0,3.0,0.0,SyntheticBenignV4,0,train,1,9.0,synthetic_train_benign_v4_20261021_00123,1
r_20260801_001458_00225,malware,1,1785599321,8436,8436,1.3430072913929864e+17,Sodinokibi__9d3a482d9441876096e0cee429fedf7b9f7e1c6a50b3e4b2009884019627d879.exe,9d3a482d9441876096e0cee429fedf7b9f7e1c6a50b3e4b2009884019627d879,4015.0,6.0,1.0,0.0,0.0,0.0,0.0,0.0,0.0,0.0,0.0,1.0,1.0,1.0,1.0,1.0,0.0,1.0,1.0,1.0,1.0,1.0,30.8333,10.0667,11.5,3.0812,3.2803,5.0,17.112,6.0,284.0,5.0,0.0,2.0,0.0,Sodinokibi,1,train,1,6.0,r_20260801_001458_00225,0
synthetic_train_benign_v4_20261021_00077,benign,1,1785924796,9524,9524,1.3430398394430122e+17,synthetic_benign_v4.exe,445dd14461942243604a8e72e6b020ee81e76219270399ce851724b569d77083,1492.0,7.0,0.0,0.0,0.0,0.0,0.0,1.0,1.0,1.0,1.0,1.0,1.0,0.0,1.0,0.0,1.0,1.0,1.0,1.0,1.0,1.0,194.30490851935718,2.7929820387295075,114.88145611511612,0.8106432685477273,5.5220802461799945,90.0,18.350864861383638,49.0,290.0,80.0,0.0,1.0,0.0,SyntheticBenignV4,0,train,1,7.0,synthetic_train_benign_v4_20261021_00077,1
synthetic_train_benign_v4_20261021_00359,benign,1,1786197146,10672,10672,1.34306707449994e+17,synthetic_benign_v4.exe,ec13ce268988909f1013755f7bd936927b62f5adb46230304d6a81e2e799d167,49099.0,7.0,1.0,1.0,0.0,0.0,0.0,0.0,0.0,1.0,1.0,0.0,1.0,1.0,1.0,0.0,1.0,1.0,1.0,1.0,1.0,1.0,212.34225656401424,12.597166173586812,1240.5609997124345,3.8107577559813475,2.5835972575279693,85.0,376.66473490172086,4.0,1023.0,8.0,0.0,3.0,0.0,SyntheticBenignV4,0,train,1,7.0,synthetic_train_benign_v4_20261021_00359,1
r_20260730_213552_00051,malware,1,1785435120,4680,4680,1.3429908716838416e+17,Babuk__4fb2dc61d4e881deb81b98fb38e3495e103f4d24e62ebb6a52690bb59bda666a.exe,4fb2dc61d4e881deb81b98fb38e3495e103f4d24e62ebb6a52690bb59bda666a,3225.0,8.0,1.0,0.0,1.0,0.0,1.0,1.0,1.0,0.0,1.0,1.0,1.0,0.0,0.0,0.0,1.0,1.0,1.0,0.0,0.0,0.0,99.2667,19.3667,75.2333,0.0,0.0,2.0,550.5815,22.0,540.0,8.0,0.0,3.0,0.0,Babuk,1,train,1,8.0,r_20260730_213552_00051,0
r_20260801_001458_00029,malware,1,1785524319,2724,2724,1.342999791864116e+17,Medusa__05b51b5f41e483020d14126522a13c69b75e5cbb093a78980877bb60cf778873.exe,05b51b5f41e483020d14126522a13c69b75e5cbb093a78980877bb60cf778873,632.0,6.0,1.0,0.0,1.0,0.0,1.0,1.0,0.0,0.0,0.0,1.0,0.0,1.0,0.0,0.0,0.0,1.0,0.0,1.0,0.0,0.0,100.4,0.6,5.0,3.2946,0.0,0.0,440.1181,9.0,8.0,3.0,0.0,2.0,0.0,Medusa,1,train,1,6.0,r_20260801_001458_00029,0
synthetic_train_benign_v4_20261021_00331,benign,1,1786197347,1212,1212,1.343067094631076e+17,synthetic_benign_v4.exe,320cb3173bb3d6f838b5f564d36dd61189c83fab4b3880265b2a8deb870bc26a,2241.0,8.0,1.0,0.0,0.0,0.0,0.0,0.0,1.0,0.0,1.0,1.0,1.0,1.0,1.0,1.0,1.0,1.0,1.0,1.0,1.0,1.0,173.65339051522062,46.34497627285346,955.8248807995631,2.008859244434896,3.406197398842574,98.0,358.10385338195874,18.0,762.0,75.0,0.0,3.0,0.0,SyntheticBenignV4,0,train,1,8.0,synthetic_train_benign_v4_20261021_00331,1
933443d4a0fae8938ede0c440e3314283e5e9e4ba32015e9c8c8df1046cebd28,malware,1,1785676464,2624,2624,1.34301498400019e+17,Trigona__933443d4a0fae8938ede.exe,933443d4a0fae8938ede0c440e3314283e5e9e4ba32015e9c8c8df1046cebd28,223719.0,6.0,1.0,0.0,0.0,0.0,0.0,1.0,0.0,0.0,1.0,1.0,1.0,0.0,1.0,0.0,0.0,1.0,1.0,0.0,1.0,0.0,54.4333,10.7333,56.3333,1.1452,1.7349,3.0,203.1109,12.0,260.0,38.0,0.0,2.0,0.0,Trigona,1,train,1,6.0,933443d4a0fae8938ede0c440e3314283e5e9e4ba32015e9c8c8df1046cebd28,0
7a64146011ab85d187b8e87dbea7fe6ff46ba8fdfe16e961a93a32bf6cf7d854,malware,1,1785666769,5936,5936,1.343014014819714e+17,Trigona__7a64146011ab85d187b8.exe,7a64146011ab85d187b8e87dbea7fe6ff46ba8fdfe16e961a93a32bf6cf7d854,216566.0,7.0,1.0,0.0,0.0,0.0,0.0,1.0,0.0,0.0,1.0,1.0,0.0,1.0,1.0,1.0,0.0,1.0,0.0,1.0,1.0,1.0,20.7667,3.4667,10.2,2.7435,3.8135,24.0,5.2977,12.0,44.0,27.0,0.0,3.0,0.0,Trigona,1,train,1,7.0,7a64146011ab85d187b8e87dbea7fe6ff46ba8fdfe16e961a93a32bf6cf7d854,0
synthetic_train_benign_v4_20261021_00110,benign,1,1786197390,7696,7696,1.3430670988080968e+17,synthetic_benign_v4.exe,79e4710ace46011461b717de73b7d71c69e8ecf60d9ffc3583b841a51ef5d92f,23451.0,9.0,0.0,0.0,0.0,1.0,1.0,1.0,0.0,1.0,1.0,1.0,0.0,1.0,1.0,1.0,1.0,1.0,1.0,1.0,1.0,1.0,37.77031073558107,21.0925111535236,999.5895007089994,2.5338076602250488,1.4652429120237873,35.0,467.24029686982055,3.0,559.0,7.0,0.0,3.0,0.0,SyntheticBenignV4,0,train,1,9.0,synthetic_train_benign_v4_20261021_00110,1
synthetic_train_benign_v4_20261021_00202,benign,1,1785924796,9524,9524,1.3430398394430122e+17,synthetic_benign_v4.exe,7929043aa5b403aa1c1949bcd47d9f68cbbbe7992e4d7d6341763270a398cf99,143025.0,10.0,1.0,0.0,0.0,0.0,1.0,1.0,0.0,1.0,1.0,1.0,1.0,1.0,1.0,1.0,1.0,1.0,1.0,1.0,1.0,1.0,172.38338176825064,11.568705846593073,17.86430107268067,3.2381502306279146,2.125419578816374,17.0,414.3185119220814,4.0,576.0,134.0,0.0,1.0,0.0,SyntheticBenignV4,0,train,1,10.0,synthetic_train_benign_v4_20261021_00202,1
synthetic_train_benign_v4_20261021_00203,benign,1,1786198497,11608,11608,1.3430672095426877e+17,synthetic_benign_v4.exe,93f5256b7d425be872178129c84682e399f2f77b490689c7d75c53db4a055d9d,228240.0,7.0,1.0,1.0,1.0,0.0,1.0,0.0,1.0,0.0,0.0,0.0,0.0,1.0,0.0,1.0,1.0,1.0,1.0,1.0,1.0,1.0,65.3809155485947,15.81519325893959,33.11803564973739,3.102349549928836,0.6388353497579322,42.0,58.39150085009447,55.0,316.0,20.0,0.0,3.0,0.0,SyntheticBenignV4,0,train,1,7.0,synthetic_train_benign_v4_20261021_00203,1
synthetic_train_benign_v4_20261021_00383,benign,1,1786198619,6516,6516,1.343067221675472e+17,synthetic_benign_v4.exe,380cc1a0cdde0432486d5149713961e8b1d221e81c42b120f7dc8e231460bcb3,3157.0,6.0,1.0,0.0,1.0,0.0,0.0,0.0,0.0,0.0,0.0,1.0,0.0,1.0,1.0,1.0,1.0,1.0,1.0,1.0,1.0,1.0,135.4285358558094,11.98966849502892,969.4557068223551,2.008240179577484,3.5626240292383105,101.0,19.521489195645763,5.0,1134.0,72.0,0.0,3.0,0.0,SyntheticBenignV4,0,train,1,6.0,synthetic_train_benign_v4_20261021_00383,1
r_20260801_001238_00126,malware,1,1785546762,5408,5408,1.343002033051759e+17,Conti__fd7caea00d7f25ea02bb9c447410659c12ca35ebbb67c95c7296e6232a08ce93.exe,fd7caea00d7f25ea02bb9c447410659c12ca35ebbb67c95c7296e6232a08ce93,31261.0,6.0,1.0,0.0,1.0,0.0,0.0,0.0,0.0,0.0,1.0,1.0,1.0,1.0,0.0,0.0,1.0,1.0,1.0,1.0,0.0,0.0,215.6333,29.5,31.2667,2.906,0.0,0.0,366.1166,6.0,869.0,3.0,0.0,2.0,0.0,Conti,1,train,1,6.0,r_20260801_001238_00126,0
synthetic_train_benign_v4_20261021_00162,benign,1,1786197049,5684,5684,1.3430670648783542e+17,synthetic_benign_v4.exe,3f190afc5777ba639e936db5ce69d6d91c558d2745de86bc77d9cf6e0255d1a9,723.0,9.0,0.0,0.0,1.0,1.0,1.0,1.0,0.0,1.0,0.0,1.0,1.0,0.0,1.0,1.0,1.0,1.0,1.0,1.0,1.0,1.0,29.16471509400465,55.86692141278755,481.7746318039305,2.509820001698614,0.6406835354098229,12.0,8.0334779721625,4.0,290.0,88.0,0.0,3.0,0.0,SyntheticBenignV4,0,train,1,9.0,synthetic_train_benign_v4_20261021_00162,1
r_20260730_152625_00010,malware,1,1785402055,8872,8872,1.3429875646426614e+17,Babuk__07608050c4cb42fb604d98bde59b93f727af673a6304047c2f4123a9a36af5c5.exe,07608050c4cb42fb604d98bde59b93f727af673a6304047c2f4123a9a36af5c5,8262.0,8.0,1.0,0.0,1.0,0.0,1.0,1.0,1.0,0.0,1.0,1.0,1.0,0.0,0.0,0.0,1.0,1.0,1.0,0.0,0.0,0.0,311.5667,60.6,388.2667,0.0,0.0,3.0,550.5815,71.0,1200.0,75.0,0.0,3.0,0.0,Babuk,1,train,1,8.0,r_20260730_152625_00010,0
synthetic_train_benign_v4_20261021_00145,benign,1,1786198723,236,236,1.3430672321755165e+17,synthetic_benign_v4.exe,4fc36de1426ca76ac6a965f4ef073f76b430a48f4314c4062bb52dea151bb41e,228783.0,9.0,0.0,1.0,1.0,1.0,0.0,0.0,1.0,0.0,1.0,1.0,0.0,1.0,1.0,1.0,1.0,1.0,1.0,1.0,1.0,1.0,109.5579978704283,41.41656768549254,1240.4682429678926,3.0386776229763646,0.020921683435880245,18.0,12.840603719443088,4.0,479.0,8.0,0.0,3.0,0.0,SyntheticBenignV4,0,train,1,9.0,synthetic_train_benign_v4_20261021_00145,1
r_20260730_152625_00051,malware,1,1785410913,11292,11292,1.34298845103787e+17,Conti__2579148e5f020145007ac0dc1be478190137d7915e6fbca2c787b55dbec1d370.exe,2579148e5f020145007ac0dc1be478190137d7915e6fbca2c787b55dbec1d370,3202.0,6.0,1.0,0.0,0.0,0.0,0.0,0.0,0.0,0.0,1.0,1.0,0.0,1.0,1.0,1.0,1.0,1.0,0.0,1.0,1.0,1.0,25.4333,3.3333,33.1,3.2763,3.2763,1.0,29.9708,6.0,82.0,5.0,0.0,1.0,0.0,Conti,1,train,1,6.0,r_20260730_152625_00051,0
r_20260801_001458_00202,malware,1,1785570322,7940,7940,1.3430043879520462e+17,Sodinokibi__4f6ce92fccafa6d2454a12022e21fbd6adf1a6ec2d45c71de6f8729ec3ad195f.exe,4f6ce92fccafa6d2454a12022e21fbd6adf1a6ec2d45c71de6f8729ec3ad195f,39131.0,6.0,1.0,1.0,0.0,0.0,0.0,0.0,0.0,0.0,1.0,0.0,0.0,1.0,1.0,1.0,0.0,0.0,0.0,1.0,1.0,1.0,2.6,0.7333,1496.9667,3.0626,3.282,4.0,10.3283,6.0,9.0,5.0,0.0,3.0,0.0,Sodinokibi,1,train,1,6.0,r_20260801_001458_00202,0
r_20260730_213552_00044,malware,1,1785433420,3948,3948,1.3429907011577078e+17,Babuk__4013e314cfd935fc5cbc21c5e94bb557ce256014db2c625719428f262da47ffe.exe,4013e314cfd935fc5cbc21c5e94bb557ce256014db2c625719428f262da47ffe,8182.0,8.0,1.0,0.0,1.0,0.0,1.0,1.0,1.0,0.0,1.0,1.0,1.0,0.0,0.0,0.0,1.0,1.0,1.0,0.0,0.0,0.0,317.8333,61.6667,336.8333,0.0,0.0,11.0,196.9037,71.0,1200.0,77.0,0.0,3.0,0.0,Babuk,1,train,1,8.0,r_20260730_213552_00044,0
r_20260805_153704_00026,malware,1,1785926246,11216,11216,1.343039984546818e+17,INC__c3d8c86844d7bb86dea31bcb0510542fb59bc3bc67a4e3df59f72da5c8509f54.exe,c3d8c86844d7bb86dea31bcb0510542fb59bc3bc67a4e3df59f72da5c8509f54,1294.0,6.0,1.0,0.0,0.0,0.0,0.0,0.0,0.0,0.0,0.0,1.0,1.0,1.0,1.0,1.0,0.0,1.0,1.0,1.0,1.0,1.0,81.0667,13.5333,15.7667,2.6273,3.2858,7.0,27.5132,7.0,384.0,7.0,0.0,1.0,0.0,INC,1,train,1,6.0,r_20260805_153704_00026,0
1725e983339b76370f1b5efc709d0c5526a876c7712b7d007500709857455f0f,malware,1,1785674298,5368,5368,1.3430147690043168e+17,Trigona__1725e983339b76370f1b.exe,1725e983339b76370f1b5efc709d0c5526a876c7712b7d007500709857455f0f,207463.0,8.0,1.0,0.0,0.0,0.0,0.0,1.0,0.0,0.0,1.0,1.0,1.0,1.0,1.0,1.0,0.0,1.0,1.0,1.0,1.0,1.0,60.9667,11.2,32.0667,1.3925,3.9277,121.0,27.5856,15.0,98.0,142.0,0.0,3.0,0.0,Trigona,1,train,1,8.0,1725e983339b76370f1b5efc709d0c5526a876c7712b7d007500709857455f0f,0
r_20260801_001458_00028,malware,1,1785524102,7236,7236,1.3429997662571795e+17,Medusa__0382f4930cb892b43c80ef147ad617c332a7c2e298502ef0e6663b2b48319460.exe,0382f4930cb892b43c80ef147ad617c332a7c2e298502ef0e6663b2b48319460,24001.0,7.0,1.0,0.0,0.0,0.0,1.0,0.0,1.0,0.0,0.0,1.0,0.0,1.0,1.0,1.0,0.0,1.0,0.0,1.0,1.0,1.0,59.4,1.5333,7.4333,2.7347,3.2837,7.0,18.8901,7.0,24.0,6.0,0.0,3.0,0.0,Medusa,1,train,1,7.0,r_20260801_001458_00028,0
synthetic_train_benign_v4_20261021_00238,benign,1,1786196998,11944,11944,1.3430670597531022e+17,synthetic_benign_v4.exe,9f627d55499b7e3598f22b88c34878dacc852f626a2cea902125ac272b16ceee,201973.0,9.0,1.0,0.0,1.0,0.0,1.0,1.0,0.0,0.0,0.0,1.0,1.0,1.0,1.0,1.0,1.0,1.0,1.0,1.0,1.0,1.0,113.9694065810753,12.269711945622841,599.5717072185379,1.8320200838157843,1.278988883947314,54.0,2.4353529033980545,5.0,462.0,78.0,0.0,1.0,0.0,SyntheticBenignV4,0,train,1,9.0,synthetic_train_benign_v4_20261021_00238,1
synthetic_train_benign_v4_20261021_00176,benign,1,1786198819,2828,2828,1.3430672417126842e+17,synthetic_benign_v4.exe,0665dc01d879f807b097d9c3aa52a32b442e96770c9996d952258cbc6543e7f6,208616.0,7.0,1.0,1.0,0.0,0.0,0.0,1.0,0.0,0.0,0.0,1.0,1.0,1.0,0.0,1.0,1.0,1.0,1.0,1.0,1.0,1.0,95.16597889415439,14.224596689932834,1058.8601565251897,3.1627998461448694,3.1799983155937195,24.0,339.2647527532257,4.0,1183.0,115.0,0.0,3.0,0.0,SyntheticBenignV4,0,train,1,7.0,synthetic_train_benign_v4_20261021_00176,1
synthetic_train_benign_v4_20261021_00275,benign,1,1786197197,9516,9516,1.3430670795883811e+17,synthetic_benign_v4.exe,c35b9d0e690ea129bfb0affcafb0198e8bdb77dffeb431c420233e98a639eb08,32162.0,8.0,1.0,1.0,1.0,0.0,1.0,0.0,0.0,0.0,1.0,0.0,0.0,1.0,1.0,1.0,1.0,1.0,1.0,1.0,1.0,1.0,58.2536770566364,6.652288657808424,271.1574532799119,1.4127335485607933,3.086014723289613,56.0,25.81526931889001,37.0,763.0,93.0,0.0,3.0,0.0,SyntheticBenignV4,0,train,1,8.0,synthetic_train_benign_v4_20261021_00275,1
r_20260730_220149_00048,malware,1,1785435950,8532,8532,1.3429909548876328e+17,Babuk__493fa2f304a534a97a47d9584704030ae1f712585c37bdd7aa17ca3a17606f6f.exe,493fa2f304a534a97a47d9584704030ae1f712585c37bdd7aa17ca3a17606f6f,1120.0,6.0,1.0,0.0,1.0,0.0,1.0,1.0,1.0,0.0,1.0,0.0,0.0,0.0,0.0,0.0,1.0,0.0,0.0,0.0,0.0,0.0,18.4,3.6,51.5667,0.0,0.0,3.0,498.6864,11.0,82.0,6.0,0.0,1.0,0.0,Babuk,1,train,1,6.0,r_20260730_220149_00048,0
synthetic_train_benign_v4_20261021_00080,benign,1,1786197049,5684,5684,1.3430670648783542e+17,synthetic_benign_v4.exe,dcb771e92d53fa9cddb14db6aa432efd52f406079a44a61bc444fbd9f54d63da,1750.0,8.0,0.0,0.0,0.0,1.0,1.0,0.0,1.0,1.0,0.0,1.0,1.0,0.0,1.0,1.0,1.0,1.0,1.0,1.0,1.0,1.0,85.91752529403573,10.79588852826567,819.8016460607305,2.8680157668710895,3.54564476755226,50.0,94.77126060752927,35.0,420.0,7.0,0.0,3.0,0.0,SyntheticBenignV4,0,train,1,8.0,synthetic_train_benign_v4_20261021_00080,1
synthetic_train_benign_v4_20261021_00049,benign,1,1786197390,7696,7696,1.3430670988080968e+17,synthetic_benign_v4.exe,3e108986418fe83abbf20a0d608d12dc175d0f099f9693bfb7d308ee0f029d5b,38376.0,8.0,0.0,1.0,0.0,1.0,0.0,0.0,0.0,0.0,1.0,1.0,1.0,1.0,1.0,1.0,1.0,1.0,1.0,1.0,1.0,1.0,111.28612357101329,28.07625687333505,579.1404936175444,1.6348724666752752,2.8908722345239606,21.0,12.817832854680574,33.0,852.0,4.0,0.0,3.0,0.0,SyntheticBenignV4,0,train,1,8.0,synthetic_train_benign_v4_20261021_00049,1
synthetic_train_benign_v4_20261021_00371,benign,1,1786198723,236,236,1.3430672321755165e+17,synthetic_benign_v4.exe,9a36faf599ac53b3231e1c6bb807ed5118677aa17cebb410a60b412d6b0fe67f,219084.0,9.0,0.0,0.0,1.0,1.0,1.0,1.0,0.0,0.0,1.0,1.0,1.0,1.0,1.0,0.0,1.0,1.0,1.0,1.0,1.0,1.0,149.68887215073923,28.892253911581278,1217.385588369132,1.3423416772154035,3.5049857441994408,20.0,18.271748552306946,60.0,728.0,115.0,0.0,3.0,0.0,SyntheticBenignV4,0,train,1,9.0,synthetic_train_benign_v4_20261021_00371,1
r_20260805_204121_00016,malware,1,1785941202,7652,7652,1.3430414785695229e+17,INC__5a8883ad96a944593103f2f7f3a692ea3cde1ede71cf3de6750eb7a044a61486.exe,5a8883ad96a944593103f2f7f3a692ea3cde1ede71cf3de6750eb7a044a61486,11009.0,8.0,1.0,0.0,0.0,0.0,1.0,1.0,0.0,0.0,0.0,1.0,1.0,1.0,1.0,1.0,0.0,1.0,1.0,1.0,1.0,1.0,115.8667,12.9667,21.3667,1.5507,3.2679,13.0,18.1907,6.0,367.0,8.0,0.0,1.0,0.0,INC,1,train,1,8.0,r_20260805_204121_00016,0
synthetic_train_benign_v4_20261021_00334,benign,1,1786198819,2828,2828,1.3430672417126842e+17,synthetic_benign_v4.exe,1a3e2d1796fe14dbe4b966eb143227d68a550480d750e040ca0b18a5a870a408,20275.0,6.0,1.0,1.0,1.0,0.0,1.0,0.0,0.0,0.0,0.0,1.0,0.0,0.0,0.0,1.0,1.0,1.0,1.0,1.0,1.0,1.0,103.95930723018313,12.712507188871765,949.8152683954991,3.6409562469375585,3.973805428535953,63.0,12.033474735894199,3.0,387.0,5.0,0.0,3.0,0.0,SyntheticBenignV4,0,train,1,6.0,synthetic_train_benign_v4_20261021_00334,1
r_20260730_213552_00056,malware,1,1785436307,5480,5480,1.3429909899271667e+17,Babuk__e750204649232c03bb2b093916a3f98b79b65118d69a808f920c8515a3ec47e7.exe,e750204649232c03bb2b093916a3f98b79b65118d69a808f920c8515a3ec47e7,8197.0,8.0,1.0,0.0,1.0,0.0,1.0,1.0,1.0,0.0,1.0,1.0,1.0,0.0,0.0,0.0,1.0,1.0,1.0,0.0,0.0,0.0,283.0667,54.9333,211.6,0.0,0.0,5.0,419.734,65.0,1199.0,63.0,0.0,3.0,0.0,Babuk,1,train,1,8.0,r_20260730_213552_00056,0
synthetic_train_benign_v4_20261021_00336,benign,1,1786198723,236,236,1.3430672321755165e+17,synthetic_benign_v4.exe,652252c35ad006adaa29b5b6fdc58dbd5c65954b712291d3418de70d50b0b9ff,56108.0,9.0,1.0,0.0,1.0,0.0,0.0,1.0,1.0,1.0,0.0,1.0,1.0,1.0,0.0,1.0,1.0,1.0,1.0,1.0,1.0,1.0,286.2457268033449,19.56576673093324,226.25490558136357,1.9773184368517807,3.586193329945895,48.0,19.116920352704472,3.0,425.0,28.0,0.0,3.0,0.0,SyntheticBenignV4,0,train,1,9.0,synthetic_train_benign_v4_20261021_00336,1
synthetic_train_benign_v4_20261021_00058,benign,1,1786198671,6052,6052,1.3430672269555864e+17,synthetic_benign_v4.exe,9844dcf5b7ed328f459eb1f0fb570d51ffa00982b8a3a1fee046bbac65eeac87,2767.0,8.0,0.0,1.0,0.0,1.0,0.0,1.0,0.0,1.0,0.0,1.0,1.0,1.0,0.0,1.0,1.0,1.0,1.0,1.0,1.0,1.0,47.39762057353141,32.93435049469562,1357.5662054178379,3.3122944483328873,3.788885012936664,26.0,11.11719787951475,4.0,540.0,30.0,0.0,3.0,0.0,SyntheticBenignV4,0,train,1,8.0,synthetic_train_benign_v4_20261021_00058,1
repo_rotation_v2_003,benign,1,1786198619,6516,6516,1.343067221675472e+17,python.exe,,2605.0,6.0,0.0,0.0,0.0,0.0,0.0,0.0,0.0,0.0,1.0,1.0,1.0,1.0,1.0,1.0,1.0,1.0,1.0,1.0,1.0,1.0,149.5,15.0,1358.0,3.1526,3.536,31.0,18.0472,4.0,450.0,11.0,0.0,3.0,0.0,python.exe,0,train,1,6.0,benign_run_repo_rotation_v2_003,0
r_20260801_001458_00044,malware,1,1785529310,8500,8500,1.3430002885398349e+17,Medusa__3a6d5694eec724726efa3327a50fad3efdc623c08d647b51e51cd578bddda3da.exe,3a6d5694eec724726efa3327a50fad3efdc623c08d647b51e51cd578bddda3da,8788.0,8.0,1.0,0.0,0.0,0.0,1.0,0.0,1.0,0.0,0.0,1.0,1.0,1.0,1.0,1.0,0.0,1.0,1.0,1.0,1.0,1.0,125.0,5.2333,7.4333,2.937,3.2764,6.0,13.7831,7.0,134.0,5.0,0.0,3.0,0.0,Medusa,1,train,1,8.0,r_20260801_001458_00044,0
synthetic_train_benign_v4_20261021_00094,benign,1,1786197146,10672,10672,1.34306707449994e+17,synthetic_benign_v4.exe,1d25c12caa0a3c593029e04b2939c146165bfd1daedc49a02c49a597e235cd98,959.0,9.0,1.0,1.0,0.0,1.0,1.0,1.0,0.0,1.0,0.0,1.0,1.0,0.0,1.0,0.0,1.0,1.0,1.0,1.0,1.0,1.0,64.51014870611304,11.066858832431546,136.5985025254433,2.307534684296293,1.4976175517131711,65.0,213.47234783896485,3.0,283.0,79.0,0.0,3.0,0.0,SyntheticBenignV4,0,train,1,9.0,synthetic_train_benign_v4_20261021_00094,1
b93cf5b2c832b4871b7621af7b4d04fc4662d8aef9b75e21af81d305f1ac135b,malware,1,1785680255,6280,6280,1.3430153615520598e+17,Trigona__b93cf5b2c832b4871b76.exe,b93cf5b2c832b4871b7621af7b4d04fc4662d8aef9b75e21af81d305f1ac135b,237592.0,6.0,1.0,0.0,0.0,0.0,0.0,1.0,0.0,0.0,1.0,1.0,1.0,0.0,1.0,0.0,0.0,1.0,1.0,0.0,1.0,0.0,40.9,7.7667,39.6,1.4647,3.9538,170.0,211.9465,15.0,44.0,173.0,0.0,3.0,0.0,Trigona,1,train,1,6.0,b93cf5b2c832b4871b7621af7b4d04fc4662d8aef9b75e21af81d305f1ac135b,0
synthetic_train_benign_v4_20261021_00330,benign,1,1786197049,5684,5684,1.3430670648783542e+17,synthetic_benign_v4.exe,46ea82634af1f392dd448de8fbbe053eab8094ba49a85ffc14e0aad539f981e9,901.0,7.0,1.0,0.0,0.0,0.0,0.0,1.0,0.0,0.0,1.0,0.0,1.0,1.0,1.0,1.0,1.0,1.0,1.0,1.0,1.0,1.0,206.34742942417964,23.141146789361887,418.0889434046953,2.1667350331753235,3.542170954217512,93.0,362.54325835992546,4.0,206.0,5.0,0.0,3.0,0.0,SyntheticBenignV4,0,train,1,7.0,synthetic_train_benign_v4_20261021_00330,1
synthetic_train_benign_v4_20261021_00186,benign,1,1786198866,11312,11312,1.3430672464078317e+17,synthetic_benign_v4.exe,80fc6f9b30f92452eb29c27988c54d613950f46e499cf2684aff52c2ac4b37ea,2987.0,7.0,0.0,1.0,0.0,0.0,1.0,0.0,1.0,0.0,1.0,0.0,0.0,1.0,1.0,1.0,1.0,1.0,1.0,1.0,1.0,1.0,175.54988986980067,19.75097810176314,419.54939196185,0.3727492904513144,2.5932044828979834,77.0,96.18647661973141,4.0,122.0,10.0,0.0,3.0,0.0,SyntheticBenignV4,0,train,1,7.0,synthetic_train_benign_v4_20261021_00186,1
synthetic_train_benign_v4_20261021_00119,benign,1,1786198723,236,236,1.3430672321755165e+17,synthetic_benign_v4.exe,940514ba24e8c62ec11e2254f8fd903911993ee0fceaf449af3cb50a881d0bc4,147756.0,7.0,1.0,0.0,1.0,0.0,1.0,1.0,0.0,0.0,0.0,1.0,1.0,1.0,0.0,0.0,1.0,1.0,1.0,1.0,1.0,1.0,274.2841266445077,19.10093557160247,1259.015692621542,1.5396467672282474,3.3535566315783396,20.0,15.361053296772893,46.0,792.0,86.0,0.0,3.0,0.0,SyntheticBenignV4,0,train,1,7.0,synthetic_train_benign_v4_20261021_00119,1
r_20260805_204121_00021,malware,1,1785942468,3660,3660,1.3430416052522888e+17,INC__9ac550187c7c27a52c80e1c61def1d3d5e6dbae0e4eaeacf1a493908ffd3ec7d.exe,9ac550187c7c27a52c80e1c61def1d3d5e6dbae0e4eaeacf1a493908ffd3ec7d,10886.0,8.0,1.0,0.0,0.0,0.0,1.0,1.0,0.0,0.0,0.0,1.0,1.0,1.0,1.0,1.0,0.0,1.0,1.0,1.0,1.0,1.0,116.6,13.0,21.3667,1.6811,3.2646,10.0,12.9587,6.0,368.0,8.0,0.0,1.0,0.0,INC,1,train,1,8.0,r_20260805_204121_00021,0
synthetic_train_benign_v4_20261021_00174,benign,1,1786198972,5892,5892,1.3430672570323347e+17,synthetic_benign_v4.exe,ad458cce0cd89a422eb50d7790bfe47c2f2608f36c205e1cea1886f1918e74e8,3574.0,7.0,1.0,0.0,1.0,0.0,0.0,1.0,0.0,0.0,0.0,1.0,1.0,0.0,1.0,1.0,1.0,1.0,1.0,1.0,1.0,1.0,241.6338445713226,34.068972535105495,1903.5681316744283,3.105841000375397,0.40846012023036876,4.0,60.6168202172969,32.0,491.0,8.0,0.0,3.0,0.0,SyntheticBenignV4,0,train,1,7.0,synthetic_train_benign_v4_20261021_00174,1
synthetic_train_benign_v4_20261021_00231,benign,1,1786198554,2416,2416,1.343067215322543e+17,synthetic_benign_v4.exe,2b9b1e5e231660496ed35758719a56194ab73faf36e897a74bce4826af7b4c92,97156.0,8.0,1.0,1.0,0.0,1.0,0.0,0.0,0.0,1.0,1.0,1.0,0.0,1.0,0.0,1.0,1.0,1.0,1.0,1.0,1.0,1.0,31.336426990488544,32.32881626307435,811.503305865284,1.842035686037231,0.25653322513244514,14.0,16.24284634898536,29.0,133.0,80.0,0.0,3.0,0.0,SyntheticBenignV4,0,train,1,8.0,synthetic_train_benign_v4_20261021_00231,1
r_20260730_213552_00058,malware,1,1785436784,8660,8660,1.3429910379209168e+17,Babuk__ed1ed10a2798ff272fa00ceb54c6d33be83a1d1d3f3db930fb828466824544d9.exe,ed1ed10a2798ff272fa00ceb54c6d33be83a1d1d3f3db930fb828466824544d9,4969.0,8.0,1.0,0.0,1.0,0.0,1.0,1.0,1.0,0.0,1.0,1.0,1.0,0.0,0.0,0.0,1.0,1.0,1.0,0.0,0.0,0.0,193.6333,37.8,188.0,0.0,0.0,8.0,394.2192,60.0,759.0,50.0,0.0,3.0,0.0,Babuk,1,train,1,8.0,r_20260730_213552_00058,0
e22ff5594ab357da993651bf7decf035400d42bf37cca943495e1ac9bd7721c4,malware,1,1785832763,4620,4620,1.343030635128184e+17,Conti__e22ff5594ab357da9936.exe,e22ff5594ab357da993651bf7decf035400d42bf37cca943495e1ac9bd7721c4,10553.0,6.0,1.0,0.0,1.0,0.0,0.0,0.0,0.0,0.0,1.0,0.0,0.0,1.0,1.0,1.0,1.0,0.0,0.0,1.0,1.0,1.0,6.4,0.6,52.9,0.5542,3.695,53.0,16.9501,14.0,3.0,11.0,0.0,3.0,0.0,Conti,1,train,1,6.0,e22ff5594ab357da993651bf7decf035400d42bf37cca943495e1ac9bd7721c4,0
1a50f5f752562c7be64a14a1cbef54a460cb7d11631ce2af55622a1f4156b169,malware,1,1785808243,9160,9160,1.3430281825906582e+17,INC__1a50f5f752562c7be64a.exe,1a50f5f752562c7be64a14a1cbef54a460cb7d11631ce2af55622a1f4156b169,9792.0,6.0,1.0,0.0,0.0,0.0,1.0,1.0,0.0,0.0,0.0,0.0,0.0,1.0,1.0,1.0,0.0,0.0,0.0,1.0,1.0,1.0,1.8333,0.1,18.8333,0.9911,2.9732,6.0,30.075,5.0,1.0,2.0,0.0,0.0,0.0,INC,1,train,1,6.0,1a50f5f752562c7be64a14a1cbef54a460cb7d11631ce2af55622a1f4156b169,0
r_20260730_213552_00050,malware,1,1785434901,11580,11580,1.3429908493227952e+17,Babuk__4b601c956b9c31ecebd214127ffd87a8d2b0ad0ed7ec58e3e2e489760865e389.exe,4b601c956b9c31ecebd214127ffd87a8d2b0ad0ed7ec58e3e2e489760865e389,8135.0,8.0,1.0,0.0,1.0,0.0,1.0,1.0,1.0,0.0,1.0,1.0,1.0,0.0,0.0,0.0,1.0,1.0,1.0,0.0,0.0,0.0,292.5,56.8667,211.9333,0.0,0.0,3.0,316.171,67.0,1200.0,68.0,0.0,3.0,0.0,Babuk,1,train,1,8.0,r_20260730_213552_00050,0
b95a0d0333c4986597c2e9132fbea337127653da6864c4c65218c7cc35061448,malware,1,1785680494,4444,4444,1.3430153918132778e+17,Trigona__b95a0d0333c4986597c2.exe,b95a0d0333c4986597c2e9132fbea337127653da6864c4c65218c7cc35061448,175928.0,6.0,1.0,0.0,0.0,0.0,0.0,1.0,0.0,0.0,1.0,1.0,1.0,0.0,1.0,0.0,0.0,1.0,1.0,0.0,1.0,0.0,39.2333,7.5667,20.3667,1.2636,3.9312,106.0,211.749,12.0,44.0,135.0,0.0,3.0,0.0,Trigona,1,train,1,6.0,b95a0d0333c4986597c2e9132fbea337127653da6864c4c65218c7cc35061448,0
synthetic_train_benign_v4_20261021_00302,benign,1,1786197146,10672,10672,1.34306707449994e+17,synthetic_benign_v4.exe,619150ffafc2b66dd0afb6fc946fda77882f3e40aa0ca2699505e5f3ce8f2c02,1030.0,7.0,1.0,1.0,0.0,1.0,0.0,0.0,1.0,0.0,0.0,1.0,0.0,1.0,1.0,0.0,1.0,1.0,1.0,1.0,1.0,1.0,128.52187947724096,13.23598303782019,762.9586043611764,0.6776637363426133,1.4761651390618347,27.0,6.936129166360789,12.0,430.0,7.0,0.0,3.0,0.0,SyntheticBenignV4,0,train,1,7.0,synthetic_train_benign_v4_20261021_00302,1
synthetic_train_benign_v4_20261021_00196,benign,1,1786198866,11312,11312,1.3430672464078317e+17,synthetic_benign_v4.exe,8e3899d33931b56e21ae08ad148b91b84cab99487adc8af78e4e177c485d1dbf,2491.0,9.0,0.0,1.0,0.0,1.0,1.0,0.0,1.0,1.0,0.0,0.0,1.0,1.0,1.0,1.0,1.0,1.0,1.0,1.0,1.0,1.0,174.14322425591942,22.59761480747987,816.0253873478254,2.748053674950282,1.53225374499004,44.0,402.14354494663,4.0,683.0,9.0,0.0,3.0,0.0,SyntheticBenignV4,0,train,1,9.0,synthetic_train_benign_v4_20261021_00196,1
benign_f9f14_007,benign,1,1786197197,9516,9516,1.3430670795883811e+17,python.exe,,1259.0,6.0,0.0,0.0,0.0,0.0,0.0,0.0,0.0,0.0,1.0,1.0,1.0,1.0,1.0,1.0,1.0,1.0,1.0,1.0,1.0,1.0,77.7,9.3333,481.8333,2.8839,3.3443,23.0,23.1952,4.0,280.0,8.0,0.0,3.0,0.0,python.exe,0,train,1,6.0,benign_run_benign_f9f14_007,0
benign_f9f14_006,benign,1,1786197146,10672,10672,1.34306707449994e+17,python.exe,,1373.0,6.0,0.0,0.0,0.0,0.0,0.0,0.0,0.0,0.0,1.0,1.0,1.0,1.0,1.0,1.0,1.0,1.0,1.0,1.0,1.0,1.0,135.1667,16.6667,824.2333,3.2251,3.3496,35.0,7.354,4.0,500.0,12.0,0.0,3.0,0.0,python.exe,0,train,1,6.0,benign_run_benign_f9f14_006,0
synthetic_train_benign_v4_20261021_00370,benign,1,1786198866,11312,11312,1.3430672464078317e+17,synthetic_benign_v4.exe,1ba7d4c2cbd3484af1e34344da8ea88b2eec0e257c5903d35023cff2bae0f34f,79638.0,9.0,1.0,1.0,0.0,1.0,1.0,0.0,0.0,0.0,1.0,1.0,1.0,0.0,1.0,1.0,1.0,1.0,1.0,1.0,1.0,1.0,238.4648207653276,20.77818871802862,2121.885655326536,3.533179363226431,1.6359471332411395,23.0,35.11202987143979,3.0,626.0,10.0,0.0,3.0,0.0,SyntheticBenignV4,0,train,1,9.0,synthetic_train_benign_v4_20261021_00370,1
39d5df6362f22bdc4cecda164149ea0e66f93f61fe1f403f9c38666052f385ad,malware,1,1785638082,7312,7312,1.3430111656387016e+17,Rhysida__39d5df6362f22bdc4cec.exe,39d5df6362f22bdc4cecda164149ea0e66f93f61fe1f403f9c38666052f385ad,25533.0,6.0,1.0,0.0,1.0,0.0,1.0,1.0,0.0,0.0,1.0,1.0,0.0,0.0,0.0,0.0,1.0,1.0,0.0,0.0,0.0,0.0,21.9667,0.7667,581.3,0.0,0.0,4.0,385.2062,13.0,4.0,9.0,0.0,2.0,0.0,Rhysida,1,train,1,6.0,39d5df6362f22bdc4cecda164149ea0e66f93f61fe1f403f9c38666052f385ad,0
r_20260730_213552_00030,malware,1,1785430098,8700,8700,1.342990369507818e+17,Babuk__11cd3d492a3cf079eef8cbe8068e385e79fa2ebaa5192c605289946c3c4819b3.exe,11cd3d492a3cf079eef8cbe8068e385e79fa2ebaa5192c605289946c3c4819b3,3288.0,8.0,1.0,0.0,1.0,0.0,1.0,1.0,1.0,0.0,1.0,1.0,1.0,0.0,0.0,0.0,1.0,1.0,1.0,0.0,0.0,0.0,117.7,22.6667,88.0333,0.0,0.0,2.0,497.9566,33.0,604.0,24.0,0.0,3.0,0.0,Babuk,1,train,1,8.0,r_20260730_213552_00030,0
6b76be8a263dccee95e02fa51cf9ce20cd1321d939e0b5a6024c27ece82840dc,malware,1,1785666405,4172,4172,1.3430139794400968e+17,Trigona__6b76be8a263dccee95e0.exe,6b76be8a263dccee95e02fa51cf9ce20cd1321d939e0b5a6024c27ece82840dc,210641.0,6.0,1.0,0.0,0.0,0.0,0.0,1.0,0.0,0.0,1.0,0.0,0.0,1.0,1.0,1.0,0.0,0.0,0.0,1.0,1.0,1.0,16.1667,2.6667,10.4333,2.8603,3.8889,10.0,21.8456,13.0,44.0,13.0,0.0,3.0,0.0,Trigona,1,train,1,6.0,6b76be8a263dccee95e02fa51cf9ce20cd1321d939e0b5a6024c27ece82840dc,0
synthetic_train_benign_v4_20261021_00262,benign,1,1786196998,11944,11944,1.3430670597531022e+17,synthetic_benign_v4.exe,a5f82cf588f8ef8d4b93ca55278bdf89ceb5ebedc7095135b693f31b9299c12c,1190.0,6.0,0.0,0.0,1.0,1.0,0.0,1.0,0.0,1.0,0.0,0.0,0.0,0.0,1.0,1.0,1.0,1.0,1.0,1.0,1.0,1.0,183.94923034571374,1.5364892639727419,1250.3791901581778,2.8040026035028083,0.7355181298952926,57.0,5.885851180844883,4.0,511.0,39.0,0.0,1.0,0.0,SyntheticBenignV4,0,train,1,6.0,synthetic_train_benign_v4_20261021_00262,1
synthetic_train_benign_v4_20261021_00273,benign,1,1786197347,1212,1212,1.343067094631076e+17,synthetic_benign_v4.exe,f5d2bf1ea3dea7cb3003b85707ad03c803c68d68082d5c5759a647fa049a2bb3,213517.0,8.0,1.0,1.0,1.0,0.0,1.0,0.0,0.0,1.0,1.0,0.0,1.0,1.0,0.0,0.0,1.0,1.0,1.0,1.0,1.0,1.0,61.24109449638372,21.512316821031497,1309.6860552902262,2.512638811839126,2.9175308985817514,11.0,15.54886109725046,19.0,872.0,136.0,0.0,3.0,0.0,SyntheticBenignV4,0,train,1,8.0,synthetic_train_benign_v4_20261021_00273,1
synthetic_train_benign_v4_20261021_00112,benign,1,1786197347,1212,1212,1.343067094631076e+17,synthetic_benign_v4.exe,44d2ccbac4d84c54fe66bb5acff8c9082650b239fdf01f69c6e34ab752fef522,197313.0,6.0,0.0,0.0,1.0,1.0,0.0,1.0,0.0,0.0,1.0,0.0,1.0,0.0,0.0,1.0,1.0,1.0,1.0,1.0,1.0,1.0,95.87555765865831,0.06326082192628493,1106.8706388511798,3.194125940073267,0.08347897393923695,16.0,346.8307906074039,3.0,471.0,8.0,0.0,3.0,0.0,SyntheticBenignV4,0,train,1,6.0,synthetic_train_benign_v4_20261021_00112,1
a4337294dc51518284641982a28df585ede9b5f0e3f86be3c2c6bb5ad766a50f,malware,1,1785831985,8896,8896,1.3430305566499907e+17,Conti__a4337294dc5151828464.exe,a4337294dc51518284641982a28df585ede9b5f0e3f86be3c2c6bb5ad766a50f,17892.0,6.0,1.0,0.0,1.0,0.0,0.0,0.0,0.0,0.0,1.0,0.0,0.0,1.0,1.0,1.0,1.0,0.0,0.0,1.0,1.0,1.0,12.8333,1.5667,106.2667,1.7137,5.4645,74.0,23.9024,14.0,21.0,39.0,0.0,3.0,0.0,Conti,1,train,1,6.0,a4337294dc51518284641982a28df585ede9b5f0e3f86be3c2c6bb5ad766a50f,0
r_20260730_220149_00055,malware,1,1785437653,11300,11300,1.3429911249405632e+17,Babuk__d311674e5e964e7a2408b0b8816b06587b2e669221f0e100d4e0d4a914c6202c.exe,d311674e5e964e7a2408b0b8816b06587b2e669221f0e100d4e0d4a914c6202c,3523.0,8.0,1.0,0.0,1.0,0.0,1.0,1.0,1.0,0.0,1.0,1.0,1.0,0.0,0.0,0.0,1.0,1.0,1.0,0.0,0.0,0.0,130.7,25.5,105.5,0.0,0.0,2.0,398.288,35.0,655.0,25.0,0.0,2.0,0.0,Babuk,1,train,1,8.0,r_20260730_220149_00055,0
synthetic_train_benign_v4_20261021_00074,benign,1,1786198866,11312,11312,1.3430672464078317e+17,synthetic_benign_v4.exe,14faf658a914fe4d1020d4bdb4e1c051e2283fc2a40d6d110a9c4167e0c8ade7,2877.0,9.0,0.0,0.0,1.0,0.0,1.0,0.0,1.0,1.0,1.0,0.0,1.0,1.0,1.0,1.0,1.0,1.0,1.0,1.0,1.0,1.0,178.90380679560948,11.55079442607734,556.2291680630041,9.052294231789265,8.436971750739929,26.0,521.8000232299031,4.0,285.0,7.0,0.0,3.0,0.0,SyntheticBenignV4,0,train,1,9.0,synthetic_train_benign_v4_20261021_00074,1
,benign,1,1786198554,2416,2416,1.343067215322543e+17,python.exe,,1598.0,6.0,0.0,0.0,0.0,0.0,0.0,0.0,0.0,0.0,1.0,1.0,1.0,1.0,1.0,1.0,1.0,1.0,1.0,1.0,1.0,1.0,104.6667,10.6667,859.4667,3.062,3.5425,16.0,16.5446,4.0,320.0,6.0,0.0,3.0,0.0,python.exe,0,train,1,6.0,benign_missing_run_train_0025,0
cf9972fdff45287ddd6635c72820b083d613022a20f515546a0d577d8366dccf,malware,1,1785682048,1348,1348,1.343015540563551e+17,Trigona__cf9972fdff45287ddd66.exe,cf9972fdff45287ddd6635c72820b083d613022a20f515546a0d577d8366dccf,242302.0,6.0,1.0,0.0,0.0,0.0,0.0,1.0,0.0,0.0,1.0,1.0,1.0,0.0,1.0,0.0,0.0,1.0,1.0,0.0,1.0,0.0,50.1667,9.8667,58.7333,2.849,4.0917,4.0,195.1997,12.0,234.0,38.0,0.0,2.0,0.0,Trigona,1,train,1,6.0,cf9972fdff45287ddd6635c72820b083d613022a20f515546a0d577d8366dccf,0
2044bc33cf855b4add30312da75ac8daa408197408da88ecd520d90bdef550ff,malware,1,1785497139,6588,6588,1.3429970730836349e+17,Targeted__2044bc33cf855b4add30.exe,2044bc33cf855b4add30312da75ac8daa408197408da88ecd520d90bdef550ff,5893.0,6.0,1.0,0.0,1.0,0.0,1.0,1.0,1.0,0.0,1.0,0.0,0.0,0.0,0.0,0.0,1.0,0.0,0.0,0.0,0.0,0.0,1.2,0.0,40.2333,0.0587,0.0,0.0,566.2651,2.0,0.0,1.0,0.0,2.0,0.0,Targeted,1,train,1,6.0,2044bc33cf855b4add30312da75ac8daa408197408da88ecd520d90bdef550ff,0
synthetic_train_benign_v4_20261021_00248,benign,1,1786198497,11608,11608,1.3430672095426877e+17,synthetic_benign_v4.exe,1bd242565469c8eee4884ce3f18ba9b1f5831675bfea500d4b46d0f4c8c8ed1e,177152.0,8.0,1.0,0.0,0.0,1.0,1.0,1.0,0.0,0.0,1.0,0.0,1.0,1.0,0.0,1.0,1.0,1.0,1.0,1.0,1.0,1.0,149.65151188868714,5.368940696608955,1334.8343662627992,1.90061479889653,1.5859594525614051,96.0,284.68229809488537,44.0,688.0,37.0,0.0,3.0,0.0,SyntheticBenignV4,0,train,1,8.0,synthetic_train_benign_v4_20261021_00248,1
r_20260730_152625_00007,malware,1,1785401427,9220,9220,1.3429875025592458e+17,Babuk__064caff351bd2f921ba9a61b143901367eaf9253f7fb8887b8847ad078d64b43.exe,064caff351bd2f921ba9a61b143901367eaf9253f7fb8887b8847ad078d64b43,2151.0,8.0,1.0,0.0,1.0,0.0,1.0,1.0,1.0,0.0,1.0,1.0,1.0,0.0,0.0,0.0,1.0,1.0,1.0,0.0,0.0,0.0,195.3667,37.7,208.3667,0.0,0.0,3.0,628.7248,34.0,1038.0,25.0,0.0,3.0,0.0,Babuk,1,train,1,8.0,r_20260730_152625_00007,0
synthetic_train_benign_v4_20261021_00315,benign,1,1786198497,11608,11608,1.3430672095426877e+17,synthetic_benign_v4.exe,fd64c71449c33dc4bc2b7a4ea1d77b998585b682b5a06fe418349ecc110081c1,93751.0,7.0,1.0,0.0,0.0,0.0,0.0,0.0,1.0,0.0,1.0,1.0,1.0,1.0,1.0,0.0,1.0,1.0,1.0,1.0,1.0,1.0,110.9935166445651,13.17162628234259,791.1653046999973,4.4945561696686775,3.5157963883022982,11.0,195.18933672395076,4.0,835.0,4.0,0.0,3.0,0.0,SyntheticBenignV4,0,train,1,7.0,synthetic_train_benign_v4_20261021_00315,1
synthetic_train_benign_v4_20261021_00187,benign,1,1786198554,2416,2416,1.343067215322543e+17,synthetic_benign_v4.exe,5bff16c1801ef62678bcd15048e9af1bfc5421af7dff4dabecd348915a1396ad,1855.0,6.0,0.0,1.0,1.0,0.0,0.0,1.0,1.0,0.0,1.0,1.0,0.0,0.0,0.0,0.0,1.0,1.0,1.0,1.0,1.0,1.0,135.57720122567903,16.10587278798195,668.0911266243934,4.039247143689706,3.48226598475774,74.0,13.160660457494604,4.0,239.0,65.0,0.0,3.0,0.0,SyntheticBenignV4,0,train,1,6.0,synthetic_train_benign_v4_20261021_00187,1
synthetic_train_benign_v4_20261021_00311,benign,1,1786197347,1212,1212,1.343067094631076e+17,synthetic_benign_v4.exe,b79bfa679440b40548e79f78d2b4e31ceba4e7c9bd660578218df874d77bbdbb,2017.0,9.0,1.0,1.0,1.0,0.0,0.0,1.0,1.0,0.0,1.0,0.0,1.0,1.0,1.0,0.0,1.0,1.0,1.0,1.0,1.0,1.0,155.4933314729159,8.970048242163497,317.52099598342534,1.8724008922148592,7.45962893265795,6.0,24.198805160077967,33.0,323.0,2.0,0.0,3.0,0.0,SyntheticBenignV4,0,train,1,9.0,synthetic_train_benign_v4_20261021_00311,1
synthetic_train_benign_v4_20261021_00252,benign,1,1785924796,9524,9524,1.3430398394430122e+17,synthetic_benign_v4.exe,80ab2831a2448c92904f35c26e018d2bd946c67a12d80cb23119794afc3e49c0,41991.0,6.0,0.0,0.0,1.0,1.0,1.0,0.0,1.0,1.0,1.0,0.0,0.0,0.0,0.0,0.0,1.0,1.0,1.0,1.0,1.0,1.0,96.59641761872635,51.680842711353066,417.6285471197649,1.746340956285227,2.5991882499597523,25.0,171.16558134740555,5.0,97.0,6.0,0.0,1.0,0.0,SyntheticBenignV4,0,train,1,6.0,synthetic_train_benign_v4_20261021_00252,1
r_20260801_001458_00088,malware,1,1785542040,9896,9896,1.3430015624917645e+17,Phobos__099d393a250d2d0a6db61ba05cca4de1515bf9001c8e95cbe9ebd8095b788be2.exe,099d393a250d2d0a6db61ba05cca4de1515bf9001c8e95cbe9ebd8095b788be2,15142.0,6.0,1.0,1.0,0.0,0.0,0.0,0.0,0.0,0.0,1.0,1.0,1.0,1.0,0.0,0.0,1.0,1.0,1.0,1.0,0.0,0.0,262.9667,6.4,968.2667,,0.0,0.0,1584.46,14.0,191.0,79.0,0.0,3.0,0.0,Phobos,1,train,1,6.0,r_20260801_001458_00088,0
69b4792f8ed12deb24225d9ed031e5f8aba7b5bbe2f079ab3a2585b63c34ef97,malware,1,1785672013,1972,1972,1.3430145389640438e+17,Trigona__69b4792f8ed12deb2422.exe,69b4792f8ed12deb24225d9ed031e5f8aba7b5bbe2f079ab3a2585b63c34ef97,223291.0,6.0,1.0,0.0,0.0,0.0,0.0,1.0,0.0,0.0,1.0,0.0,0.0,1.0,1.0,1.0,0.0,0.0,0.0,1.0,1.0,1.0,16.7667,2.7667,10.3333,2.9728,3.8534,10.0,6.357,13.0,44.0,16.0,0.0,3.0,0.0,Trigona,1,train,1,6.0,69b4792f8ed12deb24225d9ed031e5f8aba7b5bbe2f079ab3a2585b63c34ef97,0
synthetic_train_benign_v4_20261021_00320,benign,1,1786196998,11944,11944,1.3430670597531022e+17,synthetic_benign_v4.exe,57a4938b907de8f94238922c8811a461c56eeaf9ed0501e317809e0c2d8ba24d,1222.0,7.0,1.0,1.0,0.0,0.0,0.0,0.0,1.0,1.0,1.0,1.0,0.0,1.0,0.0,0.0,1.0,1.0,1.0,1.0,1.0,1.0,219.61754241506281,15.827987318828756,897.7804875012542,0.2824494354768843,3.766112744267086,15.0,451.00923343735013,27.0,818.0,6.0,0.0,1.0,0.0,SyntheticBenignV4,0,train,1,7.0,synthetic_train_benign_v4_20261021_00320,1
synthetic_train_benign_v4_20261021_00036,benign,1,1786197347,1212,1212,1.343067094631076e+17,synthetic_benign_v4.exe,5b7dd21db620ca0e24787a9ec524d6fe49a29d8a0e2efa4e76c578b4ab7e5df3,818.0,6.0,0.0,0.0,0.0,0.0,1.0,1.0,0.0,0.0,1.0,1.0,0.0,0.0,1.0,1.0,1.0,1.0,1.0,1.0,1.0,1.0,83.89708282294563,39.6375880328548,714.5497746245462,0.6529819040607956,4.277297261358243,8.0,14.056361885401115,52.0,347.0,26.0,0.0,3.0,0.0,SyntheticBenignV4,0,train,1,6.0,synthetic_train_benign_v4_20261021_00036,1
synthetic_train_benign_v4_20261021_00265,benign,1,1786198554,2416,2416,1.343067215322543e+17,synthetic_benign_v4.exe,70f5ea7e424de1cc77043b7523296dc567e46a1fdb534abdf5735f09ed6774ed,2480.0,8.0,0.0,0.0,0.0,1.0,1.0,1.0,1.0,0.0,1.0,1.0,1.0,0.0,1.0,0.0,1.0,1.0,1.0,1.0,1.0,1.0,273.4619021969477,1.086118060543893,46.67877436754624,1.2989403811919784,1.4173083325475997,20.0,305.67625497701084,64.0,573.0,4.0,0.0,3.0,0.0,SyntheticBenignV4,0,train,1,8.0,synthetic_train_benign_v4_20261021_00265,1
47c2845545be0b7a6c7e0f73ccb16978fe7a226cf802b19b33dde1874c2fc9da,malware,1,1785671108,2060,2060,1.3430144496081624e+17,Trigona__47c2845545be0b7a6c7e.exe,47c2845545be0b7a6c7e0f73ccb16978fe7a226cf802b19b33dde1874c2fc9da,211175.0,6.0,1.0,0.0,0.0,0.0,0.0,1.0,0.0,0.0,1.0,0.0,0.0,1.0,1.0,1.0,0.0,0.0,0.0,1.0,1.0,1.0,12.5,2.0667,6.1333,2.0794,2.8979,4.0,31.8941,10.0,44.0,6.0,0.0,3.0,0.0,Trigona,1,train,1,6.0,47c2845545be0b7a6c7e0f73ccb16978fe7a226cf802b19b33dde1874c2fc9da,0
r_20260801_001458_00223,malware,1,1785598797,2808,2808,1.3430072383726986e+17,Sodinokibi__9a93ebdf53267d5d064df0fbfa5951a2ea2d503fd89e837e8600ecab8d7950ec.exe,9a93ebdf53267d5d064df0fbfa5951a2ea2d503fd89e837e8600ecab8d7950ec,12671.0,6.0,1.0,0.0,0.0,0.0,0.0,0.0,0.0,0.0,0.0,1.0,1.0,1.0,1.0,1.0,0.0,1.0,1.0,1.0,1.0,1.0,21.6,5.4333,11.2,2.7878,3.2904,2.0,20.8977,6.0,145.0,4.0,0.0,2.0,0.0,Sodinokibi,1,train,1,6.0,r_20260801_001458_00223,0
r_20260801_001458_00057,malware,1,1785533260,8460,8460,1.3430006821970595e+17,Medusa__736de79e0a2d08156bae608b2a3e63336829d59d38d61907642149a566ebd270.exe,736de79e0a2d08156bae608b2a3e63336829d59d38d61907642149a566ebd270,22911.0,6.0,1.0,0.0,0.0,0.0,1.0,0.0,1.0,0.0,0.0,0.0,0.0,1.0,1.0,1.0,0.0,0.0,0.0,1.0,1.0,1.0,5.6,0.3,1.9333,2.8612,3.2802,7.0,4.6372,6.0,2.0,4.0,0.0,3.0,0.0,Medusa,1,train,1,6.0,r_20260801_001458_00057,0
r_20260730_220149_00053,malware,1,1785437185,6800,6800,1.3429910782923872e+17,Babuk__c1fb2fab3d9a469b022de236d5f21ae316686ccc4c4bfb5bfe1ec8045240404a.exe,c1fb2fab3d9a469b022de236d5f21ae316686ccc4c4bfb5bfe1ec8045240404a,1794.0,8.0,1.0,0.0,1.0,0.0,1.0,1.0,1.0,0.0,1.0,1.0,1.0,0.0,0.0,0.0,1.0,1.0,1.0,0.0,0.0,0.0,25.6667,5.0667,56.9,0.0,0.0,2.0,550.5815,12.0,125.0,5.0,0.0,1.0,0.0,Babuk,1,train,1,8.0,r_20260730_220149_00053,0
synthetic_train_benign_v4_20261021_00194,benign,1,1786197197,9516,9516,1.3430670795883811e+17,synthetic_benign_v4.exe,d225c2a5b72c72be4574e17cd479b66ebdf34772b5a77769c9228647b5306321,1260.0,9.0,1.0,0.0,0.0,1.0,1.0,0.0,0.0,0.0,1.0,1.0,1.0,1.0,1.0,1.0,1.0,1.0,1.0,1.0,1.0,1.0,76.3517202636205,16.515238070860693,265.4868393864919,2.7575663347466004,0.9024577484931754,17.0,251.39426236937373,6.0,239.0,6.0,0.0,3.0,0.0,SyntheticBenignV4,0,train,1,9.0,synthetic_train_benign_v4_20261021_00194,1
0272a8168ae5a28425123f70b59812e10ead08bf85a3aef231cb17e05e014afd,malware,1,1785673196,8280,8280,1.343014659532994e+17,Trigona__0272a8168ae5a2842512.exe,0272a8168ae5a28425123f70b59812e10ead08bf85a3aef231cb17e05e014afd,200418.0,8.0,1.0,0.0,0.0,0.0,0.0,1.0,0.0,0.0,1.0,1.0,1.0,1.0,1.0,1.0,0.0,1.0,1.0,1.0,1.0,1.0,54.3667,10.0667,31.3333,1.3312,3.9072,115.0,21.3758,14.0,68.0,141.0,0.0,3.0,0.0,Trigona,1,train,1,8.0,0272a8168ae5a28425123f70b59812e10ead08bf85a3aef231cb17e05e014afd,0
4a09036e53e2b2edbc04f1d66e212d6338546b788282ae7d053a003e9e4c93f9,malware,1,1785664960,2984,2984,1.3430138349936995e+17,Trigona__4a09036e53e2b2edbc04.exe,4a09036e53e2b2edbc04f1d66e212d6338546b788282ae7d053a003e9e4c93f9,208395.0,8.0,1.0,0.0,0.0,0.0,0.0,1.0,0.0,0.0,1.0,1.0,1.0,1.0,1.0,1.0,0.0,1.0,1.0,1.0,1.0,1.0,36.2,6.0,21.9,3.0861,3.8342,77.0,1.5667,13.0,44.0,87.0,0.0,3.0,0.0,Trigona,1,train,1,8.0,4a09036e53e2b2edbc04f1d66e212d6338546b788282ae7d053a003e9e4c93f9,0
r_20260805_204121_00031,malware,1,1785944991,3660,3660,1.3430418589178024e+17,Rhysida__0050a69d6e93eddcd1ea4b7e951945f8970e5700d9436238bde7f63d757988ae.exe,0050a69d6e93eddcd1ea4b7e951945f8970e5700d9436238bde7f63d757988ae,1771.0,6.0,1.0,0.0,1.0,0.0,1.0,0.0,0.0,0.0,1.0,1.0,1.0,0.0,0.0,0.0,1.0,1.0,1.0,0.0,0.0,0.0,50.4333,9.7,600.3,0.0,0.0,0.0,184.225,31.0,200.0,23.0,0.0,1.0,0.0,Rhysida,1,train,1,6.0,r_20260805_204121_00031,0
a340ef5adb00a2bf1a0735600491ca98ac8045b57db892dedc27575a53b25056,malware,1,1785919722,6700,6700,1.3430393309885198e+17,Targeted__a340ef5adb.exe,a340ef5adb00a2bf1a0735600491ca98ac8045b57db892dedc27575a53b25056,9813.0,6.0,1.0,0.0,1.0,0.0,1.0,1.0,1.0,0.0,1.0,0.0,0.0,0.0,0.0,0.0,1.0,0.0,0.0,0.0,0.0,0.0,1.3333,0.0,45.7333,0.0646,0.0,0.0,568.5903,3.0,0.0,1.0,0.0,2.0,0.0,Targeted,1,train,1,6.0,a340ef5adb00a2bf1a0735600491ca98ac8045b57db892dedc27575a53b25056,0
synthetic_train_benign_v4_20261021_00076,benign,1,1786198619,6516,6516,1.343067221675472e+17,synthetic_benign_v4.exe,7d12d0cb2415fdd563b08b7b54ab6b45a5e27477737776ce01dac50466085586,219421.0,10.0,1.0,0.0,1.0,1.0,1.0,1.0,0.0,0.0,1.0,1.0,1.0,1.0,1.0,0.0,1.0,1.0,1.0,1.0,1.0,1.0,88.53613914180725,15.177225907184278,447.237148655714,2.4345059022751996,2.174443956466117,25.0,301.1403681889347,12.0,842.0,9.0,0.0,3.0,0.0,SyntheticBenignV4,0,train,1,10.0,synthetic_train_benign_v4_20261021_00076,1
0c23eff79c5d333e00b45e224656b6bf8f9e659dbd6761d926c09a0f301cdcc4,malware,1,1785663702,7260,7260,1.3430137131035034e+17,Trigona__0c23eff79c5d333e00b4.exe,0c23eff79c5d333e00b45e224656b6bf8f9e659dbd6761d926c09a0f301cdcc4,170811.0,6.0,1.0,0.0,0.0,0.0,0.0,0.0,0.0,0.0,1.0,1.0,1.0,1.0,1.0,0.0,0.0,1.0,1.0,1.0,1.0,0.0,82.3,14.8,45.4667,1.3309,2.8068,88.0,152.1931,12.0,220.0,142.0,0.0,3.0,0.0,Trigona,1,train,1,6.0,0c23eff79c5d333e00b45e224656b6bf8f9e659dbd6761d926c09a0f301cdcc4,0
8061bb999a0f5d3165742283001a7a68e7905718c928172343bf8456b69f268d,malware,1,1785648031,4376,4376,1.3430121579380014e+17,Rhysida__8061bb999a0f5d316574.exe,8061bb999a0f5d3165742283001a7a68e7905718c928172343bf8456b69f268d,50606.0,6.0,1.0,0.0,1.0,0.0,1.0,1.0,0.0,0.0,1.0,1.0,0.0,0.0,0.0,0.0,1.0,1.0,0.0,0.0,0.0,0.0,24.5333,1.2,636.8,0.0,0.0,4.0,386.7695,15.0,4.0,17.0,0.0,2.0,0.0,Rhysida,1,train,1,6.0,8061bb999a0f5d3165742283001a7a68e7905718c928172343bf8456b69f268d,0
synthetic_train_benign_v4_20261021_00048,benign,1,1786198972,5892,5892,1.3430672570323347e+17,synthetic_benign_v4.exe,a814e17d78f0725651a59975a1907786d3e14c509a8fa2de919af5f3fa5672a7,146778.0,6.0,0.0,1.0,0.0,0.0,0.0,1.0,1.0,1.0,0.0,0.0,1.0,0.0,1.0,0.0,1.0,1.0,1.0,1.0,1.0,1.0,190.1882949355009,26.732944169013447,1275.063453124809,2.941676431190642,3.348350434161798,19.0,13.078408238210663,5.0,930.0,6.0,0.0,3.0,0.0,SyntheticBenignV4,0,train,1,6.0,synthetic_train_benign_v4_20261021_00048,1
synthetic_train_benign_v4_20261021_00257,benign,1,1786197347,1212,1212,1.343067094631076e+17,synthetic_benign_v4.exe,4b4862a85d03bb5a03d3c05ba2bbdcf8d8614837afeb2a31259c5aa9f2944b5a,152830.0,6.0,0.0,0.0,1.0,0.0,0.0,0.0,1.0,1.0,1.0,0.0,1.0,1.0,0.0,0.0,1.0,1.0,1.0,1.0,1.0,1.0,52.418971168525815,45.76880692468287,303.35484798217294,2.4915770938409723,0.4012735148274355,78.0,466.09369477321724,52.0,992.0,1.0,0.0,3.0,0.0,SyntheticBenignV4,0,train,1,6.0,synthetic_train_benign_v4_20261021_00257,1
synthetic_train_benign_v4_20261021_00152,benign,1,1786198866,11312,11312,1.3430672464078317e+17,synthetic_benign_v4.exe,c4021dc81842992cfac9605a16d71e18df7ede253e52439e6bb350452c3d4726,2568.0,9.0,1.0,0.0,0.0,1.0,1.0,0.0,1.0,1.0,1.0,1.0,1.0,1.0,0.0,0.0,1.0,1.0,1.0,1.0,1.0,1.0,62.36531397344451,0.7786446296174923,1375.2564317304577,1.6790814348391465,1.6912178381741896,101.0,23.056312789032624,43.0,345.0,7.0,0.0,3.0,0.0,SyntheticBenignV4,0,train,1,9.0,synthetic_train_benign_v4_20261021_00152,1
06f6df0f5e37620beb9e3e24a8d0f7742e7d5db7d0f8c1bd4fc10a869443e4e4,malware,1,1785834863,4840,4840,1.3430308204161917e+17,Chaos__06f6df0f5e37620beb9e.exe,06f6df0f5e37620beb9e3e24a8d0f7742e7d5db7d0f8c1bd4fc10a869443e4e4,256798.0,6.0,1.0,0.0,0.0,1.0,0.0,1.0,0.0,0.0,1.0,1.0,0.0,1.0,0.0,0.0,0.0,0.0,0.0,0.0,0.0,0.0,14.6,0.0,1091.9667,,0.0,0.0,482.1913,26.0,0.0,4661.0,0.0,3.0,0.0,Chaos,1,train,1,6.0,06f6df0f5e37620beb9e3e24a8d0f7742e7d5db7d0f8c1bd4fc10a869443e4e4,0
r_20260801_001458_00046,malware,1,1785529837,8100,8100,1.343000340428796e+17,Medusa__3e19d1653c08206c55e1f835bd890b067b652b99a7b38bad4d78ad7490c6a0f8.exe,3e19d1653c08206c55e1f835bd890b067b652b99a7b38bad4d78ad7490c6a0f8,16831.0,7.0,1.0,0.0,0.0,0.0,1.0,0.0,1.0,0.0,0.0,1.0,0.0,1.0,1.0,1.0,0.0,1.0,0.0,1.0,1.0,1.0,69.6333,2.7,7.4333,2.9847,3.2797,8.0,4.4669,7.0,59.0,5.0,0.0,3.0,0.0,Medusa,1,train,1,7.0,r_20260801_001458_00046,0
synthetic_train_benign_v4_20261021_00136,benign,1,1786198671,6052,6052,1.3430672269555864e+17,synthetic_benign_v4.exe,9778b83c70136032ba95c5f11ff114e73a1b94747d0b1f77277a7db2cd6328d9,135676.0,7.0,1.0,0.0,0.0,1.0,0.0,0.0,1.0,0.0,0.0,1.0,1.0,1.0,0.0,1.0,1.0,1.0,1.0,1.0,1.0,1.0,79.28990555096675,42.02399309669011,377.3308683012595,8.96782300801337,7.3181329758338665,3.0,368.0331337142707,15.0,152.0,2.0,0.0,3.0,0.0,SyntheticBenignV4,0,train,1,7.0,synthetic_train_benign_v4_20261021_00136,1
r_20260801_001458_00048,malware,1,1785530291,6668,6668,1.3430003872491886e+17,Medusa__49916c9c2a9d6b3c60f541891966bfff62e9b3eb9b682ced8600e7e9415b033d.exe,49916c9c2a9d6b3c60f541891966bfff62e9b3eb9b682ced8600e7e9415b033d,3376.0,7.0,1.0,0.0,0.0,0.0,1.0,0.0,0.0,0.0,0.0,1.0,1.0,1.0,1.0,1.0,0.0,1.0,1.0,1.0,1.0,1.0,133.4,5.8667,10.1,3.1737,3.2882,5.0,9.3628,7.0,153.0,6.0,0.0,2.0,0.0,Medusa,1,train,1,7.0,r_20260801_001458_00048,0
synthetic_train_benign_v4_20261021_00217,benign,1,1786198619,6516,6516,1.343067221675472e+17,synthetic_benign_v4.exe,1bee173f1a2c25dd0be95d6d6489c671248c855fd03727f13f5fb0b0912180be,107966.0,7.0,0.0,1.0,1.0,0.0,0.0,1.0,1.0,0.0,0.0,1.0,1.0,0.0,0.0,1.0,1.0,1.0,1.0,1.0,1.0,1.0,103.16793816521101,44.0956381797805,44.94872945684085,2.6125100963368726,3.015333427042212,13.0,15.937563641487007,44.0,398.0,10.0,0.0,3.0,0.0,SyntheticBenignV4,0,train,1,7.0,synthetic_train_benign_v4_20261021_00217,1
synthetic_train_benign_v4_20261021_00243,benign,1,1786198819,2828,2828,1.3430672417126842e+17,synthetic_benign_v4.exe,718bc0224177caf300c29db71cee882a052d55670e1b003caa4edbbfe8597fe3,102216.0,10.0,1.0,1.0,1.0,0.0,0.0,0.0,1.0,1.0,1.0,1.0,1.0,1.0,1.0,0.0,1.0,1.0,1.0,1.0,1.0,1.0,164.18216836907723,11.63206386540357,321.4008848494274,2.0439332254490594,2.478706942337281,83.0,515.7416480653536,10.0,215.0,6.0,0.0,3.0,0.0,SyntheticBenignV4,0,train,1,10.0,synthetic_train_benign_v4_20261021_00243,1
r_20260730_152625_00042,malware,1,1785408754,4228,4228,1.3429882351990632e+17,Conti__002dd9b7cbf8ca2a09434f8c4abd85631efe922ab8daa1219d86d83a0228aeda.exe,002dd9b7cbf8ca2a09434f8c4abd85631efe922ab8daa1219d86d83a0228aeda,1769.0,8.0,1.0,0.0,1.0,0.0,0.0,0.0,1.0,0.0,0.0,1.0,1.0,1.0,1.0,1.0,0.0,1.0,1.0,1.0,1.0,1.0,34.5333,5.0333,12.0667,3.2219,3.2854,3.0,12.4908,7.0,129.0,5.0,0.0,3.0,0.0,Conti,1,train,1,8.0,r_20260730_152625_00042,0
synthetic_train_benign_v4_20261021_00326,benign,1,1786198866,11312,11312,1.3430672464078317e+17,synthetic_benign_v4.exe,4e53e7a186de8dabcd60aa3d30bf5ab2b06a66e307235af15add527e7cd7a28b,32939.0,7.0,0.0,0.0,1.0,0.0,0.0,1.0,0.0,1.0,0.0,1.0,1.0,1.0,0.0,1.0,1.0,1.0,1.0,1.0,1.0,1.0,201.6649941698708,29.809282676404806,714.383195894884,2.6124799866429864,3.1830556885735746,7.0,15.553917917405546,4.0,304.0,11.0,0.0,3.0,0.0,SyntheticBenignV4,0,train,1,7.0,synthetic_train_benign_v4_20261021_00326,1
r_20260805_204121_00007,malware,1,1785938970,12776,12776,1.3430412554648808e+17,INC__02f451f99b241e6ba22cc794a91129c59593bf291f265b863bc8962c55a1017a.exe,02f451f99b241e6ba22cc794a91129c59593bf291f265b863bc8962c55a1017a,10457.0,8.0,1.0,0.0,0.0,0.0,1.0,1.0,0.0,0.0,0.0,1.0,1.0,1.0,1.0,1.0,0.0,1.0,1.0,1.0,1.0,1.0,109.7667,11.1333,19.7,1.2107,3.2615,12.0,11.2021,6.0,313.0,8.0,0.0,1.0,0.0,INC,1,train,1,8.0,r_20260805_204121_00007,0
r_20260801_001238_00112,malware,1,1785543300,4296,4296,1.3430016898808637e+17,Conti__cf171b1cdce590f64c7d23c7900f7e0f66c42840c626115980df807d754552b5.exe,cf171b1cdce590f64c7d23c7900f7e0f66c42840c626115980df807d754552b5,1605.0,6.0,1.0,0.0,1.0,0.0,0.0,0.0,0.0,0.0,0.0,1.0,0.0,1.0,1.0,1.0,0.0,1.0,0.0,1.0,1.0,1.0,21.6667,2.9333,27.5,3.0188,3.0197,2.0,29.6182,6.0,70.0,5.0,0.0,1.0,0.0,Conti,1,train,1,6.0,r_20260801_001238_00112,0
synthetic_train_benign_v4_20261021_00154,benign,1,1786197049,5684,5684,1.3430670648783542e+17,synthetic_benign_v4.exe,9a04b2e83ba7af28c1ca568d73a06085f409c318cd4a1eaa37c87245274f4e51,85440.0,8.0,1.0,0.0,1.0,1.0,1.0,1.0,0.0,0.0,0.0,1.0,0.0,0.0,1.0,1.0,1.0,1.0,1.0,1.0,1.0,1.0,207.88751093111185,28.3800513815058,1754.5594028108235,3.157118959593973,3.105731501062216,31.0,62.74745845298753,61.0,508.0,10.0,0.0,3.0,0.0,SyntheticBenignV4,0,train,1,8.0,synthetic_train_benign_v4_20261021_00154,1
synthetic_train_benign_v4_20261021_00083,benign,1,1786197197,9516,9516,1.3430670795883811e+17,synthetic_benign_v4.exe,bfd1139f802cabb82b54eeaadd47c0e6ff22ebfa37f36220b491d9b8b913d76a,1160.0,7.0,0.0,0.0,1.0,1.0,0.0,0.0,1.0,0.0,0.0,0.0,1.0,1.0,1.0,1.0,1.0,1.0,1.0,1.0,1.0,1.0,81.43318344359183,8.291648394713349,518.5277000377981,1.1222784152293914,1.1497821279749916,29.0,24.82282605977998,44.0,332.0,8.0,0.0,3.0,0.0,SyntheticBenignV4,0,train,1,7.0,synthetic_train_benign_v4_20261021_00083,1
r_20260805_204121_00018,malware,1,1785941712,11324,11324,1.3430415294374995e+17,INC__63c0a44479dc9f91647a9c10caba43fa73709a88540a2493fd68031905036ef7.exe,63c0a44479dc9f91647a9c10caba43fa73709a88540a2493fd68031905036ef7,11961.0,8.0,1.0,0.0,0.0,0.0,1.0,1.0,0.0,0.0,0.0,1.0,1.0,1.0,1.0,1.0,0.0,1.0,1.0,1.0,1.0,1.0,116.4667,12.9333,21.9,1.1836,3.2692,15.0,22.7506,6.0,366.0,8.0,0.0,1.0,0.0,INC,1,train,1,8.0,r_20260805_204121_00018,0
synthetic_train_benign_v4_20261021_00298,benign,1,1786196998,11944,11944,1.3430670597531022e+17,synthetic_benign_v4.exe,a5549d0c2fc4647c92cd272ce49a54b1dfed50ed737d86df6ad33e3e2a978f2b,24019.0,6.0,0.0,1.0,1.0,0.0,1.0,1.0,0.0,0.0,1.0,0.0,0.0,0.0,1.0,0.0,1.0,1.0,1.0,1.0,1.0,1.0,98.21436356686826,43.34661145984302,601.6350598051939,3.28876407053017,3.7169327411231676,6.0,280.93536186525506,38.0,410.0,87.0,0.0,1.0,0.0,SyntheticBenignV4,0,train,1,6.0,synthetic_train_benign_v4_20261021_00298,1
d7ba9881345d71862a68080d210643e2c2d3e17fd13065385edcd3b3391898c3,malware,1,1785642725,4376,4376,1.3430116272289454e+17,Rhysida__d7ba9881345d71862a68.exe,d7ba9881345d71862a68080d210643e2c2d3e17fd13065385edcd3b3391898c3,51895.0,6.0,1.0,0.0,1.0,0.0,1.0,0.0,0.0,0.0,1.0,1.0,1.0,0.0,0.0,0.0,1.0,1.0,1.0,0.0,0.0,0.0,49.3,5.6667,1454.4667,0.0,0.0,33.0,384.6513,20.0,33.0,75.0,0.0,3.0,0.0,Rhysida,1,train,1,6.0,d7ba9881345d71862a68080d210643e2c2d3e17fd13065385edcd3b3391898c3,0
synthetic_train_benign_v4_20261021_00188,benign,1,1786198619,6516,6516,1.343067221675472e+17,synthetic_benign_v4.exe,1de2b80b07a187b87df959d22029c8ca0ac64796475c7ef0343173f15cc312ff,126493.0,8.0,0.0,1.0,0.0,0.0,1.0,0.0,1.0,0.0,1.0,1.0,0.0,1.0,1.0,1.0,1.0,1.0,1.0,1.0,1.0,1.0,160.29290226817258,12.070616260065194,1048.236243558848,0.613517184033206,2.74115689799631,16.0,434.2259901930367,3.0,476.0,7.0,0.0,3.0,0.0,SyntheticBenignV4,0,train,1,8.0,synthetic_train_benign_v4_20261021_00188,1
9c6bf07eb072a389408c0a323978fe2a3d9e597e04535195a24d891346010fb6,malware,1,1785667899,1448,1448,1.3430141249172205e+17,Trigona__9c6bf07eb072a389408c.exe,9c6bf07eb072a389408c0a323978fe2a3d9e597e04535195a24d891346010fb6,249967.0,6.0,1.0,0.0,0.0,0.0,0.0,1.0,0.0,0.0,1.0,1.0,1.0,0.0,1.0,0.0,0.0,1.0,1.0,0.0,1.0,0.0,37.2667,7.3,57.6,3.6817,3.7156,3.0,335.7831,12.0,157.0,38.0,0.0,2.0,0.0,Trigona,1,train,1,6.0,9c6bf07eb072a389408c0a323978fe2a3d9e597e04535195a24d891346010fb6,0
13849c0c923bfed5ab37224d59e2d12e3e72f97dc7f539136ae09484cbe8e5e0,malware,1,1785821134,9172,9172,1.343029473035944e+17,LockBit__13849c0c923bfed5ab37.exe,13849c0c923bfed5ab37224d59e2d12e3e72f97dc7f539136ae09484cbe8e5e0,3831.0,6.0,1.0,0.0,1.0,0.0,1.0,1.0,1.0,1.0,0.0,0.0,0.0,0.0,0.0,0.0,0.0,0.0,0.0,0.0,0.0,0.0,0.3,0.0,15.5,0.9913,0.0,0.0,26.9802,2.0,0.0,0.0,0.0,0.0,0.0,LockBit,1,train,1,6.0,13849c0c923bfed5ab37224d59e2d12e3e72f97dc7f539136ae09484cbe8e5e0,0
r_20260730_220149_00042,malware,1,1785434515,10344,10344,1.342990811373144e+17,Babuk__3c3088afd47537d8504fc27f2bd4a6595a000c504c8725d38cb86d3db8140ca2.exe,3c3088afd47537d8504fc27f2bd4a6595a000c504c8725d38cb86d3db8140ca2,1751.0,8.0,1.0,0.0,1.0,0.0,1.0,1.0,1.0,0.0,1.0,1.0,1.0,0.0,0.0,0.0,1.0,1.0,1.0,0.0,0.0,0.0,54.3333,10.6,64.1333,0.0,0.0,2.0,550.5815,20.0,281.0,10.0,0.0,3.0,0.0,Babuk,1,train,1,8.0,r_20260730_220149_00042,0
synthetic_train_benign_v4_20261021_00350,benign,1,1786198819,2828,2828,1.3430672417126842e+17,synthetic_benign_v4.exe,beb8fd4c6c9f781f512499ca762fcbf6c8376978a4d1460c0b42c0e3e25874c3,113217.0,6.0,0.0,0.0,1.0,1.0,1.0,0.0,0.0,0.0,0.0,0.0,0.0,1.0,1.0,1.0,1.0,1.0,1.0,1.0,1.0,1.0,122.22947023948296,16.760889544337715,1140.9072030072984,3.0886590633880173,0.3308707130740902,41.0,453.49464388089456,8.0,325.0,6.0,0.0,3.0,0.0,SyntheticBenignV4,0,train,1,6.0,synthetic_train_benign_v4_20261021_00350,1
synthetic_train_benign_v4_20261021_00339,benign,1,1786198497,11608,11608,1.3430672095426877e+17,synthetic_benign_v4.exe,d1503afa0a6f5a8c911f08980fe5af8e270095b16335beef19828046f0303e76,1525.0,8.0,1.0,0.0,1.0,1.0,0.0,0.0,0.0,0.0,1.0,1.0,1.0,1.0,1.0,0.0,1.0,1.0,1.0,1.0,1.0,1.0,91.7109382999446,11.453381726103297,856.721305123648,0.03095262748122749,0.5670198386763107,16.0,13.331585699345109,7.0,964.0,54.0,0.0,3.0,0.0,SyntheticBenignV4,0,train,1,8.0,synthetic_train_benign_v4_20261021_00339,1
fefd1117c2f0ab88d8090bc3bdcb8213daf8065f12de1ee6a6c641e888a27eab,malware,1,1785882148,3600,3600,1.3430355740612016e+17,Nokoyawa__fefd1117c2.exe,fefd1117c2f0ab88d8090bc3bdcb8213daf8065f12de1ee6a6c641e888a27eab,3521.0,6.0,1.0,0.0,1.0,0.0,0.0,0.0,0.0,0.0,1.0,0.0,0.0,1.0,1.0,1.0,1.0,0.0,0.0,1.0,1.0,1.0,3.6333,0.8,32.8,2.3237,2.9793,11.0,25.6195,7.0,18.0,5.0,0.0,2.0,0.0,Nokoyawa,1,train,1,6.0,fefd1117c2f0ab88d8090bc3bdcb8213daf8065f12de1ee6a6c641e888a27eab,0
df9ef29e8789a798981a783fafbb85395a84e8733929b2c2290bcde263c2f3f8,malware,1,1785683137,6860,6860,1.3430156480209875e+17,Trigona__df9ef29e8789a798981a.exe,df9ef29e8789a798981a783fafbb85395a84e8733929b2c2290bcde263c2f3f8,256808.0,6.0,1.0,0.0,0.0,0.0,0.0,1.0,0.0,1.0,1.0,1.0,0.0,1.0,0.0,0.0,0.0,0.0,0.0,1.0,0.0,0.0,0.4,0.0667,0.4667,,0.0,0.0,,5.0,1.0,2.0,0.0,2.0,0.0,Trigona,1,train,1,6.0,df9ef29e8789a798981a783fafbb85395a84e8733929b2c2290bcde263c2f3f8,0
2289706f678585059502a24283e0f55d56cf477524753c606f64825bba66fca8,malware,1,1785497975,6232,6232,1.342997154521e+17,Mallox__2289706f678585059502.exe,2289706f678585059502a24283e0f55d56cf477524753c606f64825bba66fca8,27728.0,6.0,1.0,0.0,1.0,0.0,1.0,1.0,1.0,0.0,1.0,0.0,0.0,0.0,0.0,0.0,1.0,0.0,0.0,0.0,0.0,0.0,1.2,0.0,30.7667,,0.0,0.0,,2.0,0.0,1.0,0.0,2.0,0.0,Mallox,1,train,1,6.0,2289706f678585059502a24283e0f55d56cf477524753c606f64825bba66fca8,0
synthetic_train_benign_v4_20261021_00120,benign,1,1786198619,6516,6516,1.343067221675472e+17,synthetic_benign_v4.exe,5472de665e478a5423f910b5d3494665331d8116923afcf61cd3bfcdbb87e910,1603.0,9.0,0.0,1.0,1.0,1.0,1.0,1.0,0.0,1.0,0.0,1.0,1.0,1.0,0.0,0.0,1.0,1.0,1.0,1.0,1.0,1.0,132.79651832436576,20.306165523728232,1315.5420177801934,1.2407623803138694,1.4764723938500877,25.0,239.93703889534746,44.0,649.0,92.0,0.0,3.0,0.0,SyntheticBenignV4,0,train,1,9.0,synthetic_train_benign_v4_20261021_00120,1
r_20260801_001458_00041,malware,1,1785528629,11124,11124,1.3430002197997344e+17,Medusa__33ef66ec811267739a975c776b75787e819a26761e232f0b3eb4b32e7ef560d8.exe,33ef66ec811267739a975c776b75787e819a26761e232f0b3eb4b32e7ef560d8,15893.0,7.0,1.0,0.0,0.0,0.0,1.0,0.0,1.0,0.0,0.0,1.0,0.0,1.0,1.0,1.0,0.0,1.0,0.0,1.0,1.0,1.0,64.4,1.9333,7.4333,1.7872,3.2745,5.0,25.9313,7.0,36.0,5.0,0.0,3.0,0.0,Medusa,1,train,1,7.0,r_20260801_001458_00041,0
synthetic_train_benign_v4_20261021_00377,benign,1,1785924796,9524,9524,1.3430398394430122e+17,synthetic_benign_v4.exe,2f1d15f68afb49cf5f73b1a1a565c8d1e1a94628b685fdbe91e8edd6b05feca4,3282.0,8.0,1.0,1.0,1.0,0.0,1.0,0.0,0.0,0.0,1.0,0.0,1.0,1.0,0.0,1.0,1.0,1.0,1.0,1.0,1.0,1.0,89.53199649415522,34.58244667564804,1373.736756987114,3.25824604412765,1.749488827195485,1.0,477.94092637017997,13.0,1101.0,1.0,0.0,1.0,0.0,SyntheticBenignV4,0,train,1,8.0,synthetic_train_benign_v4_20261021_00377,1
85f4088286ac1eedc94ad9dc6465e9e4b89d1cde3012f9949450fcc9f2b60431,malware,1,1785672367,7940,7940,1.3430145758420368e+17,Trigona__85f4088286ac1eedc94a.exe,85f4088286ac1eedc94ad9dc6465e9e4b89d1cde3012f9949450fcc9f2b60431,208225.0,6.0,1.0,0.0,0.0,0.0,0.0,1.0,0.0,0.0,1.0,1.0,1.0,0.0,1.0,0.0,0.0,1.0,1.0,0.0,1.0,0.0,54.8,10.1333,31.3333,1.243,3.9435,114.0,352.1303,15.0,69.0,142.0,0.0,3.0,0.0,Trigona,1,train,1,6.0,85f4088286ac1eedc94ad9dc6465e9e4b89d1cde3012f9949450fcc9f2b60431,0
r_20260730_220149_00047,malware,1,1785435724,6660,6660,1.342990931653642e+17,Babuk__47d98fd41e36f04b676bc8315f45689d5a7cffe3d8563d79c1125b4fbc81cccf.exe,47d98fd41e36f04b676bc8315f45689d5a7cffe3d8563d79c1125b4fbc81cccf,7907.0,8.0,1.0,0.0,1.0,0.0,1.0,1.0,1.0,0.0,1.0,1.0,1.0,0.0,0.0,0.0,1.0,1.0,1.0,0.0,0.0,0.0,278.6667,53.9667,224.9333,0.0,0.0,7.0,196.9037,62.0,1200.0,58.0,0.0,3.0,0.0,Babuk,1,train,1,8.0,r_20260730_220149_00047,0
synthetic_train_benign_v4_20261021_00287,benign,1,1786198972,5892,5892,1.3430672570323347e+17,synthetic_benign_v4.exe,a2e7aac7284e504726f9929ac449c1ecec867af6240118405d25a527b9aa0195,211111.0,7.0,1.0,0.0,0.0,1.0,1.0,1.0,0.0,0.0,1.0,1.0,0.0,1.0,0.0,0.0,1.0,1.0,1.0,1.0,1.0,1.0,143.95810643582848,21.923312786096638,1310.6682719660676,0.7370895972856919,3.1779025080962953,91.0,10.483165572238324,17.0,504.0,107.0,0.0,3.0,0.0,SyntheticBenignV4,0,train,1,7.0,synthetic_train_benign_v4_20261021_00287,1
4bdaa5227a23c06acc8ac318bb0d83273972e67105e5e37085c0c8c56001d9b4,malware,1,1785494849,9840,9840,1.342996841899014e+17,Targeted__4bdaa5227a23c06acc8a.exe,4bdaa5227a23c06acc8ac318bb0d83273972e67105e5e37085c0c8c56001d9b4,29777.0,6.0,1.0,0.0,1.0,0.0,1.0,1.0,1.0,0.0,1.0,0.0,0.0,0.0,0.0,0.0,1.0,0.0,0.0,0.0,0.0,0.0,1.2,0.0,30.0333,,0.0,0.0,,2.0,0.0,1.0,0.0,2.0,0.0,Targeted,1,train,1,6.0,4bdaa5227a23c06acc8ac318bb0d83273972e67105e5e37085c0c8c56001d9b4,0
synthetic_train_benign_v4_20261021_00253,benign,1,1785924796,9524,9524,1.3430398394430122e+17,synthetic_benign_v4.exe,207c2042970e1490672dd78eb1549dc7196df40af30902f94fabe52a290688a9,216411.0,8.0,0.0,0.0,1.0,0.0,1.0,0.0,1.0,0.0,1.0,1.0,1.0,1.0,0.0,1.0,1.0,1.0,1.0,1.0,1.0,1.0,111.1760971780742,2.3803971460795217,27.095774610881772,3.167092260472916,2.1087146444683267,2.0,242.17643418261315,5.0,447.0,82.0,0.0,1.0,0.0,SyntheticBenignV4,0,train,1,8.0,synthetic_train_benign_v4_20261021_00253,1
44d933ece41417b88fe4961b801c851d7b802d3d5c32bfeba187041b6f675faa,malware,1,1785824700,3112,3112,1.343029816859292e+17,Fog__44d933ece41417b88fe4.exe,44d933ece41417b88fe4961b801c851d7b802d3d5c32bfeba187041b6f675faa,125848.0,6.0,1.0,0.0,0.0,0.0,1.0,1.0,0.0,0.0,1.0,1.0,1.0,0.0,0.0,0.0,1.0,1.0,1.0,0.0,0.0,0.0,31.6333,6.9667,3718.7,0.0,0.0,0.0,551.1804,8.0,196.0,37.0,0.0,2.0,0.0,Fog,1,train,1,6.0,44d933ece41417b88fe4961b801c851d7b802d3d5c32bfeba187041b6f675faa,0
synthetic_train_benign_v4_20261021_00139,benign,1,1786197049,5684,5684,1.3430670648783542e+17,synthetic_benign_v4.exe,f7011769253ab3ea4830ff9f8b58f84b0f99716a434ab44abb80346344317723,124004.0,8.0,1.0,0.0,0.0,1.0,1.0,1.0,1.0,1.0,0.0,1.0,0.0,1.0,0.0,0.0,1.0,1.0,1.0,1.0,1.0,1.0,101.69213892764776,52.58524884038507,837.177913854766,2.4443679521696846,3.60087865008287,14.0,272.29344067456253,30.0,974.0,125.0,0.0,3.0,0.0,SyntheticBenignV4,0,train,1,8.0,synthetic_train_benign_v4_20261021_00139,1
synthetic_train_benign_v4_20261021_00040,benign,1,1786196998,11944,11944,1.3430670597531022e+17,synthetic_benign_v4.exe,d0df7357f3233b020c034fbf255ee15f40a4f6139b7c6590725121642534bf6a,1011.0,7.0,1.0,1.0,0.0,1.0,0.0,1.0,1.0,0.0,0.0,0.0,0.0,1.0,0.0,1.0,1.0,1.0,1.0,1.0,1.0,1.0,215.27045510532025,12.16143871308869,922.3786638470576,0.37638338742460914,3.8160047367092944,9.0,189.22315160912356,4.0,435.0,3.0,0.0,1.0,0.0,SyntheticBenignV4,0,train,1,7.0,synthetic_train_benign_v4_20261021_00040,1
26a74ace0b160831901b912f173137326019e731530e4ec283cbe44e3ccda165,malware,1,1785668935,3196,3196,1.3430142334097094e+17,Trigona__26a74ace0b160831901b.exe,26a74ace0b160831901b912f173137326019e731530e4ec283cbe44e3ccda165,200873.0,9.0,1.0,0.0,0.0,0.0,0.0,1.0,0.0,1.0,1.0,1.0,1.0,1.0,1.0,1.0,0.0,1.0,1.0,1.0,1.0,1.0,42.6,7.7,25.0667,1.2469,2.7274,25.0,33.673,10.0,103.0,58.0,0.0,3.0,0.0,Trigona,1,train,1,9.0,26a74ace0b160831901b912f173137326019e731530e4ec283cbe44e3ccda165,0
synthetic_train_benign_v4_20261021_00274,benign,1,1786197146,10672,10672,1.34306707449994e+17,synthetic_benign_v4.exe,c0b6bbfbe9b877bef0ac4e59efacef1e1be5a0fd5a5c42ceda25ac71651f5253,84478.0,9.0,0.0,1.0,1.0,1.0,1.0,1.0,1.0,0.0,1.0,0.0,1.0,1.0,0.0,0.0,1.0,1.0,1.0,1.0,1.0,1.0,139.06384283630567,21.923271927191504,449.5616809110238,2.729447383725326,0.10150951851368098,33.0,426.2026721377459,4.0,539.0,5.0,0.0,3.0,0.0,SyntheticBenignV4,0,train,1,9.0,synthetic_train_benign_v4_20261021_00274,1
synthetic_train_benign_v4_20261021_00096,benign,1,1786198554,2416,2416,1.343067215322543e+17,synthetic_benign_v4.exe,35a5794eb39a652ddf4d268abc072d0906c2ce033b65878657ca77321ecc2eb9,1845.0,9.0,0.0,1.0,0.0,0.0,1.0,1.0,0.0,1.0,1.0,1.0,1.0,1.0,1.0,0.0,1.0,1.0,1.0,1.0,1.0,1.0,303.4283577852313,46.762950092894535,80.66577726757451,0.39015360655474873,3.4173323731872296,23.0,16.634925415941428,47.0,288.0,101.0,0.0,3.0,0.0,SyntheticBenignV4,0,train,1,9.0,synthetic_train_benign_v4_20261021_00096,1
synthetic_train_benign_v4_20261021_00296,benign,1,1786197049,5684,5684,1.3430670648783542e+17,synthetic_benign_v4.exe,0765746be196aef56178c5e68e8032ff0e7378bc0a773cc7cbf2a9fa48c46285,93347.0,7.0,1.0,0.0,1.0,0.0,0.0,1.0,0.0,0.0,1.0,1.0,0.0,1.0,1.0,0.0,1.0,1.0,1.0,1.0,1.0,1.0,100.58476277728498,11.37436719980429,360.45343383501597,1.028040920785638,0.871277088160825,18.0,65.98057628638288,50.0,118.0,6.0,0.0,3.0,0.0,SyntheticBenignV4,0,train,1,7.0,synthetic_train_benign_v4_20261021_00296,1
r_20260801_001458_00032,malware,1,1785525091,6752,6752,1.3429998686585667e+17,Medusa__13d9213ef48c184747cdbcb8745d55d6ddb696b7afc85e88575812550f3d43f3.exe,13d9213ef48c184747cdbcb8745d55d6ddb696b7afc85e88575812550f3d43f3,4495.0,6.0,1.0,0.0,0.0,0.0,0.0,1.0,1.0,0.0,1.0,1.0,1.0,0.0,0.0,0.0,1.0,1.0,1.0,0.0,0.0,0.0,85.7,26.4333,40.0,0.0,0.0,1.0,550.5815,12.0,686.0,5.0,0.0,3.0,0.0,Medusa,1,train,1,6.0,r_20260801_001458_00032,0
synthetic_train_benign_v4_20261021_00277,benign,1,1786197197,9516,9516,1.3430670795883811e+17,synthetic_benign_v4.exe,3e9954cac1970afc7e5a19b12a7e8c896335057fbd8a7cefe91715688027904a,59491.0,10.0,1.0,1.0,0.0,0.0,1.0,1.0,0.0,1.0,0.0,1.0,1.0,1.0,1.0,1.0,1.0,1.0,1.0,1.0,1.0,1.0,204.8896572106612,11.376704767618266,690.6046443849048,3.08870548931646,2.33015801760345,27.0,235.9526003194395,4.0,239.0,31.0,0.0,3.0,0.0,SyntheticBenignV4,0,train,1,10.0,synthetic_train_benign_v4_20261021_00277,1
9097ab2b2b71f3ea0cf8c9271224b6227e9aa2545ae23d4621f122bdb99c77b8,malware,1,1785639583,6060,6060,1.3430113144802963e+17,Rhysida__9097ab2b2b71f3ea0cf8.exe,9097ab2b2b71f3ea0cf8c9271224b6227e9aa2545ae23d4621f122bdb99c77b8,34547.0,6.0,1.0,0.0,1.0,0.0,1.0,0.0,0.0,0.0,1.0,1.0,1.0,0.0,0.0,0.0,1.0,1.0,1.0,0.0,0.0,0.0,36.9333,6.4667,2681.0333,0.0,0.0,13.0,184.225,17.0,87.0,39.0,0.0,3.0,0.0,Rhysida,1,train,1,6.0,9097ab2b2b71f3ea0cf8c9271224b6227e9aa2545ae23d4621f122bdb99c77b8,0
r_20260730_213552_00045,malware,1,1785433671,3932,3932,1.3429907263065042e+17,Babuk__4392dcce97df199e00efb7a301e26013a44ee79d9b4175d4539fae9aed4f750b.exe,4392dcce97df199e00efb7a301e26013a44ee79d9b4175d4539fae9aed4f750b,8168.0,8.0,1.0,0.0,1.0,0.0,1.0,1.0,1.0,0.0,1.0,1.0,1.0,0.0,0.0,0.0,1.0,1.0,1.0,0.0,0.0,0.0,259.9333,50.2667,179.7,0.0,0.0,9.0,379.2335,59.0,1200.0,46.0,0.0,3.0,0.0,Babuk,1,train,1,8.0,r_20260730_213552_00045,0
synthetic_train_benign_v4_20261021_00001,benign,1,1786198619,6516,6516,1.343067221675472e+17,synthetic_benign_v4.exe,a9875907091b8345165bf94a07768ce97d2b975f2c5a47c343dcfb986acc2a1b,1166.0,6.0,0.0,0.0,1.0,0.0,0.0,1.0,1.0,0.0,1.0,0.0,1.0,0.0,1.0,0.0,1.0,1.0,1.0,1.0,1.0,1.0,248.0337654975383,11.842701407873882,1067.3021166179842,2.8041188761784364,3.7655569221127028,23.0,212.768762446202,35.0,390.0,6.0,0.0,3.0,0.0,SyntheticBenignV4,0,train,1,6.0,synthetic_train_benign_v4_20261021_00001,1
r_20260801_001238_00088,malware,1,1785537146,5736,5736,1.3430010733616976e+17,Conti__707b752f6bd89d4f97d08602d0546a56d27acfe00e6d5df2a2cb67c5e2eeee30.exe,707b752f6bd89d4f97d08602d0546a56d27acfe00e6d5df2a2cb67c5e2eeee30,12666.0,6.0,1.0,0.0,0.0,0.0,0.0,0.0,0.0,0.0,0.0,1.0,1.0,1.0,1.0,1.0,0.0,1.0,1.0,1.0,1.0,1.0,41.2333,5.6333,7.3,2.8778,3.0849,2.0,24.8181,6.0,154.0,2.0,0.0,2.0,0.0,Conti,1,train,1,6.0,r_20260801_001238_00088,0
66efc75da73150a6e6ef59186108f3892f223854348d2028ddc6b3859a9a25f4,malware,1,1785845971,3284,3284,1.3430319504019976e+17,HiddenTear__66efc75da73150a6e6ef.exe,66efc75da73150a6e6ef59186108f3892f223854348d2028ddc6b3859a9a25f4,60682.0,6.0,1.0,1.0,0.0,1.0,0.0,0.0,0.0,0.0,1.0,0.0,0.0,1.0,0.0,1.0,0.0,0.0,0.0,1.0,0.0,1.0,0.4667,0.3667,22.9333,2.9209,0.0,0.0,24.0425,10.0,0.0,2.0,0.0,2.0,0.0,HiddenTear,1,train,1,6.0,66efc75da73150a6e6ef59186108f3892f223854348d2028ddc6b3859a9a25f4,0
r_20260805_153704_00023,malware,1,1785925434,2508,2508,1.3430399013629402e+17,INC__80fd105d0685b85c1be5d5d3af63608d2ec91b186d4c591416934fe454770ca1.exe,80fd105d0685b85c1be5d5d3af63608d2ec91b186d4c591416934fe454770ca1,19973.0,6.0,1.0,0.0,0.0,0.0,0.0,0.0,0.0,0.0,1.0,1.0,1.0,1.0,1.0,0.0,1.0,1.0,1.0,1.0,1.0,0.0,173.2,28.6,30.7,1.8587,2.1822,5.0,61.8995,5.0,842.0,2.0,0.0,1.0,0.0,INC,1,train,1,6.0,r_20260805_153704_00023,0
,benign,1,1786196998,11944,11944,1.3430670597531022e+17,python.exe,,643.0,6.0,0.0,0.0,0.0,0.0,0.0,0.0,0.0,0.0,1.0,1.0,1.0,1.0,1.0,1.0,1.0,1.0,1.0,1.0,1.0,1.0,112.4333,12.0,694.6333,3.3415,3.3415,1.0,1.3191,4.0,360.0,1.0,0.0,1.0,0.0,python.exe,0,train,1,6.0,benign_missing_run_train_0032,0
synthetic_train_benign_v4_20261021_00205,benign,1,1786198554,2416,2416,1.343067215322543e+17,synthetic_benign_v4.exe,7b27a7c4bb7f6d11db2e21aa86cc01a703199f7219f5c3759521d329554fb8af,2569.0,10.0,1.0,0.0,1.0,0.0,1.0,1.0,0.0,1.0,1.0,1.0,1.0,1.0,0.0,1.0,1.0,1.0,1.0,1.0,1.0,1.0,109.92919539740744,39.874801023730306,1022.6330994091873,2.862703143055459,3.228512501892407,26.0,277.24105431795715,46.0,328.0,8.0,0.0,3.0,0.0,SyntheticBenignV4,0,train,1,10.0,synthetic_train_benign_v4_20261021_00205,1
45a236e7aa80515aafb6c656c758faad6e77fb435b35bfa407aef3918212078d,malware,1,1785496407,812,812,1.3429969938352782e+17,Mallox__45a236e7aa80515aafb6.exe,45a236e7aa80515aafb6c656c758faad6e77fb435b35bfa407aef3918212078d,65791.0,6.0,1.0,0.0,1.0,0.0,1.0,1.0,1.0,0.0,1.0,0.0,0.0,0.0,0.0,0.0,1.0,0.0,0.0,0.0,0.0,0.0,0.0,0.0,30.6,,0.0,0.0,,2.0,0.0,1.0,0.0,2.0,0.0,Mallox,1,train,1,6.0,45a236e7aa80515aafb6c656c758faad6e77fb435b35bfa407aef3918212078d,0
synthetic_train_benign_v4_20261021_00045,benign,1,1786197197,9516,9516,1.3430670795883811e+17,synthetic_benign_v4.exe,94ab0de5e02b65d64b46ba9291a28cef124390920c5a05b9d4ec327c53f087bf,125958.0,7.0,0.0,1.0,1.0,0.0,0.0,0.0,1.0,0.0,1.0,1.0,0.0,0.0,1.0,1.0,1.0,1.0,1.0,1.0,1.0,1.0,108.85556783160008,10.785616189406714,395.2302962233593,2.848648314525257,3.26446735862419,18.0,286.69427706345004,20.0,547.0,6.0,0.0,3.0,0.0,SyntheticBenignV4,0,train,1,7.0,synthetic_train_benign_v4_20261021_00045,1
synthetic_train_benign_v4_20261021_00233,benign,1,1786198671,6052,6052,1.3430672269555864e+17,synthetic_benign_v4.exe,a25a12065c29bbe7aa4e1f080a6d77b3a4abce8d6b38c39299c38f0fe6a29258,2126.0,7.0,0.0,1.0,0.0,0.0,0.0,1.0,1.0,0.0,1.0,1.0,1.0,0.0,0.0,1.0,1.0,1.0,1.0,1.0,1.0,1.0,119.71483509734524,39.986938103323695,461.3354999901617,3.1157660526488886,3.293034357458685,19.0,513.2845645869836,4.0,1185.0,15.0,0.0,3.0,0.0,SyntheticBenignV4,0,train,1,7.0,synthetic_train_benign_v4_20261021_00233,1
r_20260730_213552_00052,malware,1,1785435351,7820,7820,1.3429908947749165e+17,Babuk__8e4f9e4c2bb563c918fbe13595de9a32b307e2ce9f1f48c06b168dbbb75b5e89.exe,8e4f9e4c2bb563c918fbe13595de9a32b307e2ce9f1f48c06b168dbbb75b5e89,2928.0,8.0,1.0,0.0,1.0,0.0,1.0,1.0,1.0,0.0,1.0,1.0,1.0,0.0,0.0,0.0,1.0,1.0,1.0,0.0,0.0,0.0,137.4667,26.9,79.7667,0.0,0.0,1.0,498.6864,17.0,775.0,7.0,0.0,1.0,0.0,Babuk,1,train,1,8.0,r_20260730_213552_00052,0
r_20260801_001458_00027,malware,1,1785523827,5520,5520,1.3429997400188434e+17,Medusa__0065b818525d8a364f5d9e4b801e3408dad6576ce6d8ca5c01b19c3857a08d64.exe,0065b818525d8a364f5d9e4b801e3408dad6576ce6d8ca5c01b19c3857a08d64,11684.0,7.0,1.0,0.0,0.0,0.0,1.0,0.0,1.0,0.0,0.0,1.0,0.0,1.0,1.0,1.0,0.0,1.0,0.0,1.0,1.0,1.0,80.9667,3.0333,7.4333,3.2713,3.2713,1.0,11.1166,7.0,68.0,5.0,0.0,3.0,0.0,Medusa,1,train,1,7.0,r_20260801_001458_00027,0
r_20260801_001458_00200,malware,1,1785569830,3764,3764,1.3430043409169026e+17,Sodinokibi__44cd22cb40115a504bf933ec006d47ae0076f450f76b54783f846beca81c4c93.exe,44cd22cb40115a504bf933ec006d47ae0076f450f76b54783f846beca81c4c93,20456.0,6.0,1.0,0.0,0.0,0.0,0.0,0.0,0.0,0.0,0.0,1.0,1.0,1.0,1.0,1.0,0.0,1.0,1.0,1.0,1.0,1.0,28.0667,6.8333,11.3,2.8914,3.2772,4.0,32.4948,6.0,187.0,5.0,0.0,2.0,0.0,Sodinokibi,1,train,1,6.0,r_20260801_001458_00200,0
synthetic_train_benign_v4_20261021_00200,benign,1,1786198819,2828,2828,1.3430672417126842e+17,synthetic_benign_v4.exe,ebc00bbb55cb1b94aad82c91477e94c4047c2e8b3a0a174e5ed08a230bb6972f,1643.0,9.0,1.0,1.0,1.0,0.0,1.0,1.0,0.0,1.0,1.0,1.0,1.0,0.0,0.0,0.0,1.0,1.0,1.0,1.0,1.0,1.0,246.4971887779065,35.20368014469325,802.9347022743005,0.6372927611685055,1.5980750181429413,19.0,507.6069328025752,39.0,552.0,125.0,0.0,3.0,0.0,SyntheticBenignV4,0,train,1,9.0,synthetic_train_benign_v4_20261021_00200,1
synthetic_train_benign_v4_20261021_00285,benign,1,1786198671,6052,6052,1.3430672269555864e+17,synthetic_benign_v4.exe,75243f46dd3abdddb20bea6cd1116cd8c7574dbbf700db8147c7438eed79e40b,76003.0,7.0,1.0,0.0,0.0,1.0,0.0,0.0,1.0,0.0,1.0,0.0,1.0,1.0,1.0,0.0,1.0,1.0,1.0,1.0,1.0,1.0,113.62728916520126,15.153762249949075,1203.7852135733187,0.8559901572147577,2.466681619208517,35.0,364.98290343512997,6.0,276.0,93.0,0.0,3.0,0.0,SyntheticBenignV4,0,train,1,7.0,synthetic_train_benign_v4_20261021_00285,1
synthetic_train_benign_v4_20261021_00361,benign,1,1786198619,6516,6516,1.343067221675472e+17,synthetic_benign_v4.exe,b0c49d22d53289586555b78cf36598f44c34bee860e3c915bf0ad84728232a16,50434.0,10.0,1.0,1.0,1.0,0.0,1.0,1.0,1.0,0.0,1.0,1.0,0.0,1.0,0.0,1.0,1.0,1.0,1.0,1.0,1.0,1.0,190.82784731566795,13.84296945659862,955.6431430570592,2.345026973520955,0.07521688554268263,78.0,12.946632787925994,53.0,401.0,63.0,0.0,3.0,0.0,SyntheticBenignV4,0,train,1,10.0,synthetic_train_benign_v4_20261021_00361,1
synthetic_train_benign_v4_20261021_00057,benign,1,1786198819,2828,2828,1.3430672417126842e+17,synthetic_benign_v4.exe,ac4a6d6100ca68964b88640f5468860809a7a5fe7c3d7b3480db7974a0e628bd,4708.0,10.0,1.0,1.0,0.0,0.0,0.0,1.0,1.0,1.0,1.0,1.0,0.0,1.0,1.0,1.0,1.0,1.0,1.0,1.0,1.0,1.0,119.97696814934238,11.247268589217335,893.3200419056467,0.10982314023400971,1.139977370874238,66.0,407.0859378089035,4.0,403.0,57.0,0.0,3.0,0.0,SyntheticBenignV4,0,train,1,10.0,synthetic_train_benign_v4_20261021_00057,1
r_20260730_220149_00046,malware,1,1785435465,5404,5404,1.342990906281648e+17,Babuk__454bc550201e856022e35ca3e64e9aab582a0fbc6bc73656aa792e5b934fe2a3.exe,454bc550201e856022e35ca3e64e9aab582a0fbc6bc73656aa792e5b934fe2a3,2543.0,8.0,1.0,0.0,1.0,0.0,1.0,1.0,1.0,0.0,1.0,1.0,1.0,0.0,0.0,0.0,1.0,1.0,1.0,0.0,0.0,0.0,87.0,16.7667,71.6,0.0,0.0,4.0,398.288,22.0,463.0,10.0,0.0,3.0,0.0,Babuk,1,train,1,8.0,r_20260730_220149_00046,0
r_20260730_220149_00041,malware,1,1785434266,5608,5608,1.342990786394873e+17,Babuk__38263d5d34ed82028ea2f415d89191b3ee41e07f95227c16b0508aff996a3111.exe,38263d5d34ed82028ea2f415d89191b3ee41e07f95227c16b0508aff996a3111,2018.0,8.0,1.0,0.0,1.0,0.0,1.0,1.0,1.0,0.0,1.0,1.0,1.0,0.0,0.0,0.0,1.0,1.0,1.0,0.0,0.0,0.0,60.0667,11.5333,83.3333,0.0,0.0,3.0,550.5815,23.0,301.0,14.0,0.0,3.0,0.0,Babuk,1,train,1,8.0,r_20260730_220149_00041,0
synthetic_train_benign_v4_20261021_00346,benign,1,1786198554,2416,2416,1.343067215322543e+17,synthetic_benign_v4.exe,b412de808f777e8212ae0b9d13b79ecaeee70d9ac2d75f5c3b69e54bcc48a025,1282.0,8.0,0.0,0.0,1.0,0.0,0.0,1.0,0.0,0.0,1.0,1.0,1.0,1.0,1.0,1.0,1.0,1.0,1.0,1.0,1.0,1.0,71.78670733787955,10.359940585485258,1142.3044737221976,0.06901405578461453,3.296805348470704,19.0,22.04083371938539,28.0,312.0,7.0,0.0,3.0,0.0,SyntheticBenignV4,0,train,1,8.0,synthetic_train_benign_v4_20261021_00346,1
synthetic_train_benign_v4_20261021_00073,benign,1,1785924796,9524,9524,1.3430398394430122e+17,synthetic_benign_v4.exe,074d4a7b454aaf210808b93d79cc129b6c5fc6d1c1c550272d6c68a918acd1e7,1803.0,11.0,1.0,1.0,1.0,1.0,1.0,1.0,0.0,1.0,0.0,1.0,1.0,1.0,1.0,0.0,1.0,1.0,1.0,1.0,1.0,1.0,74.01742425831515,11.470278438447869,420.75339462365037,6.679800898946366,6.246620782756186,1.0,508.2524196244455,4.0,344.0,91.0,0.0,1.0,0.0,SyntheticBenignV4,0,train,1,11.0,synthetic_train_benign_v4_20261021_00073,1
synthetic_train_benign_v4_20261021_00063,benign,1,1786197347,1212,1212,1.343067094631076e+17,synthetic_benign_v4.exe,af50cda27b41bf2e49ba89650942e47d9c6db1ca2fb25394e311453a4b507e16,851.0,8.0,0.0,0.0,1.0,0.0,1.0,1.0,0.0,0.0,1.0,1.0,1.0,1.0,1.0,0.0,1.0,1.0,1.0,1.0,1.0,1.0,10.610019781627235,32.186305093573075,626.699870925482,1.3353299305136317,3.141300130512219,66.0,11.714808392728912,25.0,170.0,57.0,0.0,3.0,0.0,SyntheticBenignV4,0,train,1,8.0,synthetic_train_benign_v4_20261021_00063,1
r_20260801_001458_00086,malware,1,1785541573,8028,8028,1.3430015171707725e+17,Medusa__f1c361bb3b649918bc5b3ad3fc5cbd1bbd7c585fbe2557410e267d161d3bb998.exe,f1c361bb3b649918bc5b3ad3fc5cbd1bbd7c585fbe2557410e267d161d3bb998,971.0,6.0,1.0,0.0,1.0,0.0,1.0,1.0,0.0,0.0,0.0,1.0,0.0,1.0,0.0,0.0,0.0,1.0,0.0,1.0,0.0,0.0,81.1667,0.5333,5.8667,4.1091,0.0,0.0,509.6044,12.0,3.0,5.0,0.0,3.0,0.0,Medusa,1,train,1,6.0,r_20260801_001458_00086,0
a56da19714732f522c9f70fb1facd3b8d6a6e32257a77674005282653565a3aa,malware,1,1785679116,5012,5012,1.3430152517238896e+17,Trigona__a56da19714732f522c9f.exe,a56da19714732f522c9f70fb1facd3b8d6a6e32257a77674005282653565a3aa,197798.0,8.0,1.0,0.0,0.0,0.0,0.0,1.0,0.0,0.0,1.0,1.0,1.0,1.0,1.0,1.0,0.0,1.0,1.0,1.0,1.0,1.0,44.4,7.9667,25.0667,1.3934,3.1489,23.0,23.5522,11.0,116.0,37.0,0.0,3.0,0.0,Trigona,1,train,1,8.0,a56da19714732f522c9f70fb1facd3b8d6a6e32257a77674005282653565a3aa,0
synthetic_train_benign_v4_20261021_00002,benign,1,1786198619,6516,6516,1.343067221675472e+17,synthetic_benign_v4.exe,19e8f13104c46d8d99073dba9dc1b4b27a4b6747ed2da22e6b561fa000cf41b3,188939.0,10.0,1.0,0.0,1.0,1.0,1.0,0.0,1.0,1.0,0.0,0.0,1.0,1.0,1.0,1.0,1.0,1.0,1.0,1.0,1.0,1.0,229.86862326908076,42.59227043133203,153.0032216479967,3.862614663135162,3.786969017772302,23.0,215.8275920434866,32.0,446.0,11.0,0.0,3.0,0.0,SyntheticBenignV4,0,train,1,10.0,synthetic_train_benign_v4_20261021_00002,1
r_20260801_001458_00080,malware,1,1785540139,5164,5164,1.3430013722974862e+17,Medusa__dde3c98b6a370fb8d1785f3134a76cb465cd663db20dffe011da57a4de37aa95.exe,dde3c98b6a370fb8d1785f3134a76cb465cd663db20dffe011da57a4de37aa95,15765.0,6.0,1.0,0.0,1.0,0.0,1.0,1.0,0.0,0.0,0.0,1.0,1.0,0.0,0.0,0.0,0.0,1.0,1.0,0.0,0.0,0.0,797.8667,5.1,7.3,,0.0,0.0,448.7613,5.0,140.0,2.0,0.0,2.0,0.0,Medusa,1,train,1,6.0,r_20260801_001458_00080,0
synthetic_train_benign_v4_20261021_00128,benign,1,1786198866,11312,11312,1.3430672464078317e+17,synthetic_benign_v4.exe,c127894b3dd87c08026f07546586b900647edabe8733a3155956ffc1041e3c67,2243.0,9.0,0.0,1.0,0.0,1.0,1.0,1.0,0.0,0.0,1.0,1.0,1.0,0.0,1.0,1.0,1.0,1.0,1.0,1.0,1.0,1.0,144.9573636546759,27.67749728068494,950.7413497366249,2.806924374529526,3.8507659008129522,21.0,8.772850571445032,47.0,579.0,9.0,0.0,3.0,0.0,SyntheticBenignV4,0,train,1,9.0,synthetic_train_benign_v4_20261021_00128,1
synthetic_train_benign_v4_20261021_00126,benign,1,1786197049,5684,5684,1.3430670648783542e+17,synthetic_benign_v4.exe,1448963f498453301fe30035f89c2d5a83efca4ebc586d5cd3e9137f8bf93479,99925.0,7.0,1.0,0.0,1.0,0.0,0.0,1.0,0.0,0.0,0.0,1.0,1.0,1.0,1.0,0.0,1.0,1.0,1.0,1.0,1.0,1.0,98.24454135950774,3.7897935210534848,1105.852783558309,1.8064687035814706,3.507743561868057,50.0,6.680795687934437,36.0,348.0,9.0,0.0,3.0,0.0,SyntheticBenignV4,0,train,1,7.0,synthetic_train_benign_v4_20261021_00126,1
cf4644c0c78d3bb0c6460a4b877d5051341e31707b31a9dbd8bc53c90b17f995,malware,1,1785681940,8132,8132,1.343015531875021e+17,Trigona__cf4644c0c78d3bb0c646.exe,cf4644c0c78d3bb0c6460a4b877d5051341e31707b31a9dbd8bc53c90b17f995,220823.0,6.0,1.0,0.0,0.0,0.0,0.0,1.0,0.0,0.0,1.0,1.0,1.0,0.0,1.0,0.0,0.0,1.0,1.0,0.0,1.0,0.0,46.3667,9.1333,56.3333,2.344,4.1129,8.0,197.921,12.0,212.0,38.0,0.0,2.0,0.0,Trigona,1,train,1,6.0,cf4644c0c78d3bb0c6460a4b877d5051341e31707b31a9dbd8bc53c90b17f995,0
r_20260730_220149_00036,malware,1,1785433000,4652,4652,1.3429906597877814e+17,Babuk__3121f4f26075f6ebcd725d57ab1c0c6f4433acf1b8942b92cd4d533ce672f7f8.exe,3121f4f26075f6ebcd725d57ab1c0c6f4433acf1b8942b92cd4d533ce672f7f8,2042.0,8.0,1.0,0.0,1.0,0.0,1.0,1.0,1.0,0.0,1.0,1.0,1.0,0.0,0.0,0.0,1.0,1.0,1.0,0.0,0.0,0.0,97.5333,18.9667,71.9667,0.0,0.0,0.0,316.171,22.0,529.0,8.0,0.0,3.0,0.0,Babuk,1,train,1,8.0,r_20260730_220149_00036,0
synthetic_train_benign_v4_20261021_00318,benign,1,1786198972,5892,5892,1.3430672570323347e+17,synthetic_benign_v4.exe,ce9582ac470eace7842a6afaa60b55cee02740faacc8df347b6baf02497346ae,171730.0,8.0,1.0,1.0,0.0,1.0,1.0,0.0,0.0,0.0,1.0,0.0,1.0,0.0,1.0,1.0,1.0,1.0,1.0,1.0,1.0,1.0,61.072708213391834,12.610232534737248,2259.884006152662,1.9967503654394425,4.144363304303838,44.0,10.7820515513681,3.0,904.0,132.0,0.0,3.0,0.0,SyntheticBenignV4,0,train,1,8.0,synthetic_train_benign_v4_20261021_00318,1
r_20260801_001238_00109,malware,1,1785542549,8960,8960,1.3430016133718112e+17,Conti__b9bba02d18bacc4bc8d9e4f70657d381568075590cc9d0e7590327d854224b32.exe,b9bba02d18bacc4bc8d9e4f70657d381568075590cc9d0e7590327d854224b32,15999.0,7.0,1.0,0.0,0.0,0.0,1.0,0.0,0.0,0.0,0.0,1.0,1.0,1.0,1.0,1.0,0.0,1.0,1.0,1.0,1.0,1.0,233.5,5.9333,7.2333,2.811,3.065,3.0,23.5621,7.0,163.0,2.0,0.0,2.0,0.0,Conti,1,train,1,7.0,r_20260801_001238_00109,0
synthetic_train_benign_v4_20261021_00374,benign,1,1786197390,7696,7696,1.3430670988080968e+17,synthetic_benign_v4.exe,fd29d90033e542dc6777c835e562043567c946c8b80724b90433ced6bd6e2f3c,173056.0,9.0,1.0,1.0,0.0,0.0,0.0,1.0,1.0,1.0,1.0,1.0,0.0,1.0,1.0,0.0,1.0,1.0,1.0,1.0,1.0,1.0,107.97988025200202,10.13240060479999,1157.0238449259723,2.7525139372607494,2.430071743271738,88.0,11.928208200517767,24.0,440.0,72.0,0.0,3.0,0.0,SyntheticBenignV4,0,train,1,9.0,synthetic_train_benign_v4_20261021_00374,1
synthetic_train_benign_v4_20261021_00256,benign,1,1786197390,7696,7696,1.3430670988080968e+17,synthetic_benign_v4.exe,5a8e9e08f03912ff90f623c470495e17d52161afa14c30e986737f0a636a2a36,192667.0,10.0,1.0,0.0,1.0,1.0,0.0,0.0,1.0,0.0,1.0,1.0,1.0,1.0,1.0,1.0,1.0,1.0,1.0,1.0,1.0,1.0,78.61110573507838,21.078626602487343,659.1498613808214,5.45473849106947,0.5281653031698887,85.0,19.927725047095507,39.0,706.0,7.0,0.0,3.0,0.0,SyntheticBenignV4,0,train,1,10.0,synthetic_train_benign_v4_20261021_00256,1
r_20260730_220149_00040,malware,1,1785434033,2556,2556,1.3429907630212266e+17,Babuk__3768a188e961c574792e578b86ad7616e726714aaff1e61ee61bf0767857b626.exe,3768a188e961c574792e578b86ad7616e726714aaff1e61ee61bf0767857b626,2940.0,8.0,1.0,0.0,1.0,0.0,1.0,1.0,1.0,0.0,1.0,1.0,1.0,0.0,0.0,0.0,1.0,1.0,1.0,0.0,0.0,0.0,103.9333,20.1,136.6,0.0,0.0,3.0,398.288,34.0,518.0,26.0,0.0,2.0,0.0,Babuk,1,train,1,8.0,r_20260730_220149_00040,0
synthetic_train_benign_v4_20261021_00382,benign,1,1786196998,11944,11944,1.3430670597531022e+17,synthetic_benign_v4.exe,d804faa6c9da253517d2744398f5b5cbeddd53a76256cb4e2500dda1b64af012,76361.0,6.0,0.0,0.0,1.0,0.0,0.0,1.0,1.0,0.0,1.0,1.0,0.0,0.0,1.0,0.0,1.0,1.0,1.0,1.0,1.0,1.0,84.27599805007023,56.06110804055158,432.4093838385832,2.6403297643375945,2.8616097090099872,24.0,270.2606559573812,5.0,393.0,48.0,0.0,1.0,0.0,SyntheticBenignV4,0,train,1,6.0,synthetic_train_benign_v4_20261021_00382,1
synthetic_train_benign_v4_20261021_00235,benign,1,1786198671,6052,6052,1.3430672269555864e+17,synthetic_benign_v4.exe,5e21eb677ecc009df12bf8d2789ca06c069ba49a992d83a7fa8a6f941b383759,110945.0,10.0,1.0,0.0,1.0,0.0,0.0,1.0,1.0,0.0,1.0,1.0,1.0,1.0,1.0,1.0,1.0,1.0,1.0,1.0,1.0,1.0,115.73496107050293,12.316354104888394,923.9971218123885,2.0277933193455038,3.1374048478459815,37.0,7.823903601174486,11.0,359.0,9.0,0.0,3.0,0.0,SyntheticBenignV4,0,train,1,10.0,synthetic_train_benign_v4_20261021_00235,1
synthetic_train_benign_v4_20261021_00030,benign,1,1786197197,9516,9516,1.3430670795883811e+17,synthetic_benign_v4.exe,ba86366a33d31026540db89f84f185a1e6cf340e9302534d73b69ee616b141de,184226.0,7.0,1.0,0.0,0.0,1.0,0.0,0.0,1.0,0.0,1.0,0.0,1.0,1.0,0.0,1.0,1.0,1.0,1.0,1.0,1.0,1.0,105.72262841779063,6.080455589047118,1331.791081971648,2.726676857164285,3.486857110783049,24.0,352.9562309953627,47.0,303.0,129.0,0.0,3.0,0.0,SyntheticBenignV4,0,train,1,7.0,synthetic_train_benign_v4_20261021_00030,1
synthetic_train_benign_v4_20261021_00111,benign,1,1786197146,10672,10672,1.34306707449994e+17,synthetic_benign_v4.exe,1ea2b5485e445321e329be3a658a870ec2cad635c84ded9aee156411ba08050d,2517.0,7.0,1.0,1.0,0.0,1.0,1.0,0.0,0.0,0.0,0.0,1.0,0.0,0.0,1.0,1.0,1.0,1.0,1.0,1.0,1.0,1.0,81.19550827717886,12.45186374380841,1140.9521290560072,2.699962651467927,0.42912199228812503,16.0,117.01608757878348,6.0,952.0,5.0,0.0,3.0,0.0,SyntheticBenignV4,0,train,1,7.0,synthetic_train_benign_v4_20261021_00111,1
synthetic_train_benign_v4_20261021_00247,benign,1,1786198671,6052,6052,1.3430672269555864e+17,synthetic_benign_v4.exe,b8ec41a4ed7181048a7549490f6cdddd1337ebac49a34b5d0b7b879170316521,1425.0,8.0,0.0,0.0,1.0,0.0,1.0,1.0,0.0,1.0,1.0,1.0,0.0,1.0,1.0,0.0,1.0,1.0,1.0,1.0,1.0,1.0,43.85270739153914,10.139093253916219,420.62712694229555,2.3129318604294595,3.4178342833511683,64.0,210.2407846694561,45.0,831.0,133.0,0.0,3.0,0.0,SyntheticBenignV4,0,train,1,8.0,synthetic_train_benign_v4_20261021_00247,1
r_20260730_220149_00057,malware,1,1785438120,9852,9852,1.3429911715595202e+17,Babuk__eaf8b0fa53d98296c308d05f54fca99877849be352f245fcdc397199010b0829.exe,eaf8b0fa53d98296c308d05f54fca99877849be352f245fcdc397199010b0829,4490.0,8.0,1.0,0.0,1.0,0.0,1.0,1.0,1.0,0.0,1.0,1.0,1.0,0.0,0.0,0.0,1.0,1.0,1.0,0.0,0.0,0.0,164.2333,31.8333,95.4667,0.0,0.0,2.0,498.6864,22.0,913.0,8.0,0.0,3.0,0.0,Babuk,1,train,1,8.0,r_20260730_220149_00057,0
synthetic_train_benign_v4_20261021_00166,benign,1,1786197347,1212,1212,1.343067094631076e+17,synthetic_benign_v4.exe,8b6c39e2af495bf8d4e10ee717e2306c432fc2d7def8b88db1e0f5d34351a7b9,1661.0,9.0,1.0,1.0,1.0,0.0,0.0,1.0,0.0,1.0,1.0,0.0,0.0,1.0,1.0,1.0,1.0,1.0,1.0,1.0,1.0,1.0,245.28132309689056,14.272753590023717,1251.2763336886148,2.1667737283375677,3.0936159994588457,16.0,142.48845705967636,44.0,544.0,20.0,0.0,3.0,0.0,SyntheticBenignV4,0,train,1,9.0,synthetic_train_benign_v4_20261021_00166,1
r_20260730_152625_00050,malware,1,1785410690,4788,4788,1.342988427411586e+17,Conti__24e8ef41ead6fc45d9a7ec2c306fd04373eaa93bbae0bd1551a10234574d0e07.exe,24e8ef41ead6fc45d9a7ec2c306fd04373eaa93bbae0bd1551a10234574d0e07,16047.0,7.0,1.0,0.0,0.0,0.0,1.0,0.0,0.0,0.0,0.0,1.0,1.0,1.0,1.0,1.0,0.0,1.0,1.0,1.0,1.0,1.0,262.8667,6.7667,8.3,2.8207,3.135,3.0,19.8024,7.0,188.0,2.0,0.0,2.0,0.0,Conti,1,train,1,7.0,r_20260730_152625_00050,0
r_20260730_152625_00048,malware,1,1785410200,7688,7688,1.3429883784285613e+17,Conti__1ef1ff8b1e81815d13bdd293554ddf8b3e57490dd3ef4add7c2837ddc67f9c24.exe,1ef1ff8b1e81815d13bdd293554ddf8b3e57490dd3ef4add7c2837ddc67f9c24,14841.0,7.0,1.0,0.0,0.0,0.0,0.0,0.0,1.0,0.0,0.0,1.0,1.0,1.0,1.0,1.0,0.0,1.0,1.0,1.0,1.0,1.0,39.3333,6.0333,8.3,1.7258,3.2768,16.0,21.878,7.0,159.0,6.0,0.0,2.0,0.0,Conti,1,train,1,7.0,r_20260730_152625_00048,0
r_20260801_001458_00205,malware,1,1785571093,7840,7840,1.3430044682356766e+17,Sodinokibi__591d971b9411860904bc7fb9234d9069e3e8cacd06523b0bf93547bc2c4a827a.exe,591d971b9411860904bc7fb9234d9069e3e8cacd06523b0bf93547bc2c4a827a,10219.0,6.0,1.0,0.0,0.0,0.0,0.0,0.0,0.0,0.0,0.0,1.0,1.0,1.0,1.0,1.0,0.0,1.0,1.0,1.0,1.0,1.0,46.2333,15.2,16.8667,2.7856,3.2739,2.0,27.1012,6.0,438.0,4.0,0.0,2.0,0.0,Sodinokibi,1,train,1,6.0,r_20260801_001458_00205,0
r_20260805_153704_00021,malware,1,1785924882,6588,6588,1.3430398468675326e+17,INC__589ff3a5741336fa7c98dbcef4e8aecea347ea0f349b9949c6a5f6cd9d821a23.exe,589ff3a5741336fa7c98dbcef4e8aecea347ea0f349b9949c6a5f6cd9d821a23,13874.0,6.0,1.0,0.0,0.0,0.0,0.0,0.0,0.0,0.0,1.0,1.0,1.0,1.0,1.0,0.0,1.0,1.0,1.0,1.0,1.0,0.0,230.7333,28.6333,30.7,0.9126,1.8253,2.0,517.8239,5.0,843.0,2.0,0.0,0.0,0.0,INC,1,train,1,6.0,r_20260805_153704_00021,0
r_20260730_213552_00027,malware,1,1785429362,4736,4736,1.342990296035478e+17,Babuk__0e386e1fa6f7a1ef81465dbce1a775b0229ce4ed7497d72483d529088cf5f63d.exe,0e386e1fa6f7a1ef81465dbce1a775b0229ce4ed7497d72483d529088cf5f63d,1654.0,8.0,1.0,0.0,1.0,0.0,1.0,1.0,1.0,0.0,1.0,1.0,1.0,0.0,0.0,0.0,1.0,1.0,1.0,0.0,0.0,0.0,39.2667,7.6667,56.5,0.0,0.0,2.0,498.6864,11.0,204.0,6.0,0.0,1.0,0.0,Babuk,1,train,1,8.0,r_20260730_213552_00027,0
synthetic_train_benign_v4_20261021_00271,benign,1,1786198972,5892,5892,1.3430672570323347e+17,synthetic_benign_v4.exe,8d4718cc5e85c970efa2d7b431f0ef7dc3b9f1c9b8cd99cb2657f2a7a8022dd4,1466.0,9.0,0.0,1.0,1.0,0.0,0.0,1.0,1.0,0.0,1.0,1.0,1.0,1.0,1.0,0.0,1.0,1.0,1.0,1.0,1.0,1.0,135.73437811159496,11.687741765643906,834.532900569219,1.457672790951929,3.52247205708261,12.0,304.12859667551777,5.0,298.0,124.0,0.0,3.0,0.0,SyntheticBenignV4,0,train,1,9.0,synthetic_train_benign_v4_20261021_00271,1
r_20260801_001458_00232,malware,1,1785601187,9992,9992,1.3430074771454045e+17,Sodinokibi__b9924321b4f05ec0b98e272ddd4f91feb69eb93c44186ca165a4d51beed91152.exe,b9924321b4f05ec0b98e272ddd4f91feb69eb93c44186ca165a4d51beed91152,14134.0,6.0,1.0,0.0,0.0,0.0,0.0,0.0,0.0,0.0,0.0,1.0,1.0,1.0,1.0,1.0,0.0,1.0,1.0,1.0,1.0,1.0,45.1667,14.5667,20.9,2.9202,3.2838,4.0,19.5168,6.0,419.0,5.0,0.0,2.0,0.0,Sodinokibi,1,train,1,6.0,r_20260801_001458_00232,0
r_20260730_213552_00054,malware,1,1785435830,5796,5796,1.3429909422097955e+17,Babuk__c352eb8e371d3415c4dcefc10f0356473d271de827f9b6357eca13b6905ef934.exe,c352eb8e371d3415c4dcefc10f0356473d271de827f9b6357eca13b6905ef934,8214.0,8.0,1.0,0.0,1.0,0.0,1.0,1.0,1.0,0.0,1.0,1.0,1.0,0.0,0.0,0.0,1.0,1.0,1.0,0.0,0.0,0.0,291.1333,56.6,225.8,0.0,0.0,15.0,379.2335,66.0,1200.0,69.0,0.0,3.0,0.0,Babuk,1,train,1,8.0,r_20260730_213552_00054,0
48877a3a4c72c1daf3a80e3c034b56a04cec7ce3856887fed73e645e53c76b96,malware,1,1785675732,7776,7776,1.3430149125481646e+17,Trigona__48877a3a4c72c1daf3a8.exe,48877a3a4c72c1daf3a80e3c034b56a04cec7ce3856887fed73e645e53c76b96,206486.0,6.0,1.0,0.0,0.0,0.0,0.0,1.0,1.0,0.0,1.0,1.0,0.0,0.0,1.0,0.0,0.0,1.0,0.0,0.0,1.0,0.0,25.5667,4.7333,16.8,1.5411,3.6701,15.0,213.3772,9.0,57.0,35.0,0.0,3.0,0.0,Trigona,1,train,1,6.0,48877a3a4c72c1daf3a80e3c034b56a04cec7ce3856887fed73e645e53c76b96,0
r_20260730_213552_00039,malware,1,1785432233,11868,11868,1.3429905824429152e+17,Babuk__3456b35253e1d4f2fcc0886eabf6977f6a7126a1c9b3208ea58252183c6b1c75.exe,3456b35253e1d4f2fcc0886eabf6977f6a7126a1c9b3208ea58252183c6b1c75,9180.0,8.0,1.0,0.0,1.0,0.0,1.0,1.0,1.0,0.0,1.0,1.0,1.0,0.0,0.0,0.0,1.0,1.0,1.0,0.0,0.0,0.0,303.8,59.0333,246.2667,0.0,0.0,6.0,410.7455,71.0,1147.0,73.0,0.0,3.0,0.0,Babuk,1,train,1,8.0,r_20260730_213552_00039,0
r_20260805_204121_00020,malware,1,1785942216,11096,11096,1.3430415800017314e+17,INC__834c5f094c4a2db0f520962341b108af685efd346e5b6622eb2331b3ffa09039.exe,834c5f094c4a2db0f520962341b108af685efd346e5b6622eb2331b3ffa09039,11397.0,8.0,1.0,0.0,0.0,0.0,1.0,1.0,0.0,0.0,0.0,1.0,1.0,1.0,1.0,1.0,0.0,1.0,1.0,1.0,1.0,1.0,117.1333,11.9333,21.9,1.2546,3.2672,13.0,21.5631,6.0,337.0,8.0,0.0,1.0,0.0,INC,1,train,1,8.0,r_20260805_204121_00020,0
synthetic_train_benign_v4_20261021_00038,benign,1,1786198497,11608,11608,1.3430672095426877e+17,synthetic_benign_v4.exe,e2123ab0fcdc0e172fef6e0af404cc31dc7c533c5feee4547161242f0ac987d0,187995.0,8.0,1.0,0.0,1.0,0.0,1.0,0.0,0.0,1.0,1.0,0.0,1.0,1.0,1.0,0.0,1.0,1.0,1.0,1.0,1.0,1.0,238.83256192532065,13.123793000325614,1707.3505176103347,3.07172459339151,2.773990570700167,18.0,11.307630655556471,56.0,622.0,33.0,0.0,3.0,0.0,SyntheticBenignV4,0,train,1,8.0,synthetic_train_benign_v4_20261021_00038,1
r_20260801_001458_00180,malware,1,1785564619,7316,7316,1.3430038210306995e+17,Sodinokibi__07346bb5f71e3c67a9ffd1b0d9602452f044b9262b468b6ed055f6548f26327a.exe,07346bb5f71e3c67a9ffd1b0d9602452f044b9262b468b6ed055f6548f26327a,9281.0,7.0,1.0,0.0,0.0,0.0,0.0,0.0,0.0,1.0,0.0,1.0,1.0,1.0,1.0,1.0,0.0,1.0,1.0,1.0,1.0,1.0,29.3667,9.5667,11.0,2.8368,3.2919,2.0,35.9973,6.0,269.0,5.0,0.0,2.0,0.0,Sodinokibi,1,train,1,7.0,r_20260801_001458_00180,0
r_20260801_001238_00022,malware,1,1785522553,2284,2284,1.3429996151968464e+17,Cerber__a82e496b7b5279cb6b93393ec167dd3f50aff1557366784b25f9e51cb23689d9.exe,a82e496b7b5279cb6b93393ec167dd3f50aff1557366784b25f9e51cb23689d9,1256.0,9.0,1.0,0.0,1.0,0.0,0.0,1.0,0.0,0.0,1.0,1.0,1.0,1.0,1.0,1.0,1.0,1.0,1.0,1.0,1.0,1.0,28.7333,3.3667,63.7333,3.2882,4.5843,67.0,6.7371,22.0,8.0,77.0,0.0,3.0,0.0,Cerber,1,train,1,9.0,r_20260801_001238_00022,0
r_20260801_001238_00103,malware,1,1785541060,5284,5284,1.3430014643565392e+17,Conti__a399a293cc3f25f6250ebee65e6e60e818831925769d540354275e9ad87bb5bb.exe,a399a293cc3f25f6250ebee65e6e60e818831925769d540354275e9ad87bb5bb,16224.0,7.0,1.0,0.0,0.0,0.0,1.0,0.0,0.0,0.0,0.0,1.0,1.0,1.0,1.0,1.0,0.0,1.0,1.0,1.0,1.0,1.0,223.8,5.7667,7.2333,2.8991,3.0959,4.0,4.2391,7.0,158.0,2.0,0.0,2.0,0.0,Conti,1,train,1,7.0,r_20260801_001238_00103,0
synthetic_train_benign_v4_20261021_00125,benign,1,1786198671,6052,6052,1.3430672269555864e+17,synthetic_benign_v4.exe,48f6ec0937b26de939a52cc15ab9d50433381c4f4bc06a3e612b18a7e6f61e74,1659.0,9.0,0.0,1.0,0.0,1.0,0.0,1.0,1.0,1.0,1.0,1.0,0.0,1.0,1.0,0.0,1.0,1.0,1.0,1.0,1.0,1.0,80.84242156858379,9.07217616676523,1259.9677218645163,0.35247098000301147,3.7557126769289173,59.0,123.72431070733313,35.0,725.0,79.0,0.0,3.0,0.0,SyntheticBenignV4,0,train,1,9.0,synthetic_train_benign_v4_20261021_00125,1
r_20260730_152625_00004,malware,1,1785400815,3324,3324,1.342987441380165e+17,Babuk__02062da1f52d15e66a08348cded9e478b1e0c7b334de4b42c719710ab2b5bf16.exe,02062da1f52d15e66a08348cded9e478b1e0c7b334de4b42c719710ab2b5bf16,1772.0,8.0,1.0,0.0,1.0,0.0,1.0,1.0,1.0,0.0,1.0,1.0,1.0,0.0,0.0,0.0,1.0,1.0,1.0,0.0,0.0,0.0,154.6333,30.1,144.0667,0.0,0.0,1.0,398.288,29.0,840.0,20.0,0.0,3.0,0.0,Babuk,1,train,1,8.0,r_20260730_152625_00004,0
synthetic_train_benign_v4_20261021_00134,benign,1,1786198554,2416,2416,1.343067215322543e+17,synthetic_benign_v4.exe,dff33eaae1e9872e514852c7cb3e8697bdb41ea99ad25166a928d7493c5835cb,196089.0,6.0,1.0,1.0,1.0,0.0,0.0,1.0,1.0,0.0,0.0,0.0,0.0,0.0,0.0,1.0,1.0,1.0,1.0,1.0,1.0,1.0,119.13063115875102,16.73036291059339,297.3502968758957,1.5175218434445816,2.1667612567793664,17.0,229.5876257726182,5.0,354.0,132.0,0.0,3.0,0.0,SyntheticBenignV4,0,train,1,6.0,synthetic_train_benign_v4_20261021_00134,1
synthetic_train_benign_v4_20261021_00212,benign,1,1786198619,6516,6516,1.343067221675472e+17,synthetic_benign_v4.exe,9408e53bc59520e65ea185cd2ad267b6b58fd6017a78fc7292d078d22b8f8298,173893.0,10.0,1.0,1.0,0.0,1.0,0.0,1.0,1.0,1.0,1.0,1.0,0.0,1.0,0.0,1.0,1.0,1.0,1.0,1.0,1.0,1.0,257.25615043596207,8.423448919288825,729.690312114334,2.547804291976358,3.443082144285196,16.0,18.45516219631765,17.0,626.0,6.0,0.0,3.0,0.0,SyntheticBenignV4,0,train,1,10.0,synthetic_train_benign_v4_20261021_00212,1
synthetic_train_benign_v4_20261021_00109,benign,1,1786198866,11312,11312,1.3430672464078317e+17,synthetic_benign_v4.exe,9aa039057a8ff96ad2f538fa0934d1c4c10fc1f17f330facc54ee51c2a211558,2764.0,9.0,0.0,1.0,1.0,0.0,1.0,0.0,1.0,0.0,1.0,1.0,1.0,0.0,1.0,1.0,1.0,1.0,1.0,1.0,1.0,1.0,173.4610193744878,5.687490805847006,1002.8072015719548,2.1790434961083074,3.6779191636108024,39.0,397.7826032825824,4.0,1159.0,114.0,0.0,3.0,0.0,SyntheticBenignV4,0,train,1,9.0,synthetic_train_benign_v4_20261021_00109,1
r_20260805_153704_00028,malware,1,1785926807,7892,7892,1.343040039295186e+17,INC__deea481121129d4779195e93fdc39ae62fecb168fd5a384d0ccf8082f06092e5.exe,deea481121129d4779195e93fdc39ae62fecb168fd5a384d0ccf8082f06092e5,13792.0,6.0,1.0,0.0,0.0,0.0,0.0,0.0,0.0,0.0,1.0,1.0,1.0,1.0,1.0,0.0,1.0,1.0,1.0,1.0,1.0,0.0,172.3333,28.4333,30.7,1.7,1.8098,3.0,169.1009,5.0,837.0,2.0,0.0,0.0,0.0,INC,1,train,1,6.0,r_20260805_153704_00028,0
r_20260730_152625_00011,malware,1,1785402265,4296,4296,1.3429875862497664e+17,Babuk__089abc7af921ee042acc19cd2f52bf40705af2aeaa336084bdcd1fd5edcd23a2.exe,089abc7af921ee042acc19cd2f52bf40705af2aeaa336084bdcd1fd5edcd23a2,3108.0,8.0,1.0,0.0,1.0,0.0,1.0,1.0,1.0,0.0,1.0,1.0,1.0,0.0,0.0,0.0,1.0,1.0,1.0,0.0,0.0,0.0,158.3667,30.9667,139.1667,0.0,0.0,3.0,419.734,58.0,649.0,41.0,0.0,3.0,0.0,Babuk,1,train,1,8.0,r_20260730_152625_00011,0
r_20260730_220149_00050,malware,1,1785436440,3444,3444,1.3429910036535466e+17,Babuk__4bc3171fe1554b692841f7ba5104d41956fa868c4c20bcce4c1b4fd942fb2082.exe,4bc3171fe1554b692841f7ba5104d41956fa868c4c20bcce4c1b4fd942fb2082,3536.0,8.0,1.0,0.0,1.0,0.0,1.0,1.0,1.0,0.0,1.0,1.0,1.0,0.0,0.0,0.0,1.0,1.0,1.0,0.0,0.0,0.0,133.8667,26.1333,108.1333,0.0,0.0,0.0,550.5815,35.0,673.0,25.0,0.0,3.0,0.0,Babuk,1,train,1,8.0,r_20260730_220149_00050,0
synthetic_train_benign_v4_20261021_00378,benign,1,1786197390,7696,7696,1.3430670988080968e+17,synthetic_benign_v4.exe,e1d6aa9a3a5d21286329cc032d1ca0c1581ebc91a47f27368831fdd3a2ceb742,155266.0,7.0,0.0,0.0,0.0,0.0,1.0,0.0,1.0,1.0,1.0,1.0,1.0,1.0,0.0,0.0,1.0,1.0,1.0,1.0,1.0,1.0,269.4434169316656,16.903769696302454,1290.7625691361218,1.4985026420983374,2.4012217553305097,27.0,190.56659434106098,4.0,511.0,3.0,0.0,3.0,0.0,SyntheticBenignV4,0,train,1,7.0,synthetic_train_benign_v4_20261021_00378,1
synthetic_train_benign_v4_20261021_00219,benign,1,1786198972,5892,5892,1.3430672570323347e+17,synthetic_benign_v4.exe,e3a638ef2f9a0b9efc4f9452e4e9a241a987840a33c203f175d776e7d13d6eda,23939.0,9.0,0.0,1.0,0.0,0.0,0.0,1.0,1.0,1.0,1.0,1.0,1.0,0.0,1.0,1.0,1.0,1.0,1.0,1.0,1.0,1.0,137.34578151060197,20.272122220800068,57.40803557802457,3.8623297351811514,3.994727209806092,104.0,6.487930650440121,5.0,512.0,21.0,0.0,3.0,0.0,SyntheticBenignV4,0,train,1,9.0,synthetic_train_benign_v4_20261021_00219,1
822ceefb12b030f2ff28dcda6776addda77b041dbb48d2e3a8c305721f4cc8ef,malware,1,1785521395,8880,8880,1.3429994912087411e+17,DragonForce__822ceefb12b030f2ff28.exe,822ceefb12b030f2ff28dcda6776addda77b041dbb48d2e3a8c305721f4cc8ef,66979.0,6.0,1.0,0.0,0.0,0.0,1.0,0.0,0.0,0.0,0.0,1.0,0.0,1.0,1.0,1.0,0.0,1.0,0.0,1.0,1.0,1.0,184.3,0.0,9.9333,0.9898,2.9693,6.0,38.0801,5.0,0.0,2.0,0.0,2.0,0.0,DragonForce,1,train,1,6.0,822ceefb12b030f2ff28dcda6776addda77b041dbb48d2e3a8c305721f4cc8ef,0
2b276cf03c81550515de1ea2804e016887d2f0212818b2b8a5e597b41b484664,malware,1,1785664279,3528,3528,1.3430137629417024e+17,Trigona__2b276cf03c81550515de.exe,2b276cf03c81550515de1ea2804e016887d2f0212818b2b8a5e597b41b484664,248917.0,6.0,1.0,0.0,0.0,0.0,0.0,1.0,0.0,0.0,1.0,1.0,1.0,0.0,1.0,0.0,0.0,1.0,1.0,0.0,1.0,0.0,35.8333,7.0333,56.4333,2.4849,4.1157,6.0,200.1385,11.0,154.0,38.0,0.0,2.0,0.0,Trigona,1,train,1,6.0,2b276cf03c81550515de1ea2804e016887d2f0212818b2b8a5e597b41b484664,0
synthetic_train_benign_v4_20261021_00035,benign,1,1786198866,11312,11312,1.3430672464078317e+17,synthetic_benign_v4.exe,d6032ba99080263ef4914cff4343665276e086adcc324028cd9e82b8d905bfff,167616.0,7.0,1.0,1.0,0.0,0.0,0.0,1.0,0.0,1.0,1.0,0.0,0.0,1.0,0.0,1.0,1.0,1.0,1.0,1.0,1.0,1.0,278.7806687778435,53.580633354646224,413.80995022152007,0.7826961705821688,2.387486490988683,15.0,476.65023876896544,17.0,548.0,6.0,0.0,3.0,0.0,SyntheticBenignV4,0,train,1,7.0,synthetic_train_benign_v4_20261021_00035,1
r_20260730_220149_00058,malware,1,1785438354,2288,2288,1.3429911951726253e+17,Babuk__f29e24b4041c6942d0c38527ce8be9827fa86f70cbf735543800d9397b5c6b84.exe,f29e24b4041c6942d0c38527ce8be9827fa86f70cbf735543800d9397b5c6b84,2125.0,8.0,1.0,0.0,1.0,0.0,1.0,1.0,1.0,0.0,1.0,1.0,1.0,0.0,0.0,0.0,1.0,1.0,1.0,0.0,0.0,0.0,63.7,12.3667,74.7,0.0,0.0,4.0,498.6864,35.0,263.0,25.0,0.0,3.0,0.0,Babuk,1,train,1,8.0,r_20260730_220149_00058,0
r_20260730_213552_00029,malware,1,1785429854,10836,10836,1.3429903445892877e+17,Babuk__10bb96e0680971c11b16dab51f905804f09f3605eb8d157b791abb5ad21af204.exe,10bb96e0680971c11b16dab51f905804f09f3605eb8d157b791abb5ad21af204,7846.0,8.0,1.0,0.0,1.0,0.0,1.0,1.0,1.0,0.0,1.0,1.0,1.0,0.0,0.0,0.0,1.0,1.0,1.0,0.0,0.0,0.0,287.2,55.9667,220.7,0.0,0.0,5.0,550.5815,66.0,1198.0,66.0,0.0,2.0,0.0,Babuk,1,train,1,8.0,r_20260730_213552_00029,0
62937460b8732bdbd0e0b900941085745c85329c720066a58b6885b5f98d899c,malware,1,1785678437,8352,8352,1.343015182007156e+17,Trigona__62937460b8732bdbd0e0.exe,62937460b8732bdbd0e0b900941085745c85329c720066a58b6885b5f98d899c,217107.0,6.0,1.0,0.0,0.0,0.0,0.0,1.0,0.0,0.0,1.0,1.0,1.0,0.0,1.0,0.0,0.0,1.0,1.0,0.0,1.0,0.0,60.8,12.0333,56.3333,2.5712,4.069,3.0,225.1891,12.0,299.0,37.0,0.0,2.0,0.0,Trigona,1,train,1,6.0,62937460b8732bdbd0e0b900941085745c85329c720066a58b6885b5f98d899c,0
synthetic_train_benign_v4_20261021_00016,benign,1,1786197390,7696,7696,1.3430670988080968e+17,synthetic_benign_v4.exe,09cfdf90be951bd340538dd26eafab7c286305290f060c8f903bc16819c8aaea,234952.0,6.0,0.0,0.0,0.0,0.0,0.0,1.0,1.0,0.0,1.0,1.0,0.0,1.0,0.0,1.0,1.0,1.0,1.0,1.0,1.0,1.0,184.91939685803936,53.84014929806116,209.01380063633974,3.3883546397375657,3.6894843814367033,84.0,12.140771900891535,4.0,163.0,9.0,0.0,3.0,0.0,SyntheticBenignV4,0,train,1,6.0,synthetic_train_benign_v4_20261021_00016,1
ddc3e57e4a913dd5bc8070e7a7760b804aa15f0387bafa7de7d4ac6a4f797300,malware,1,1785682969,4676,4676,1.343015636285884e+17,Trigona__ddc3e57e4a913dd5bc80.exe,ddc3e57e4a913dd5bc8070e7a7760b804aa15f0387bafa7de7d4ac6a4f797300,204784.0,8.0,1.0,0.0,0.0,0.0,0.0,1.0,0.0,0.0,1.0,1.0,1.0,1.0,1.0,1.0,0.0,1.0,1.0,1.0,1.0,1.0,59.7333,10.9,35.0,1.3354,3.8786,109.0,19.3099,15.0,90.0,142.0,0.0,3.0,0.0,Trigona,1,train,1,8.0,ddc3e57e4a913dd5bc8070e7a7760b804aa15f0387bafa7de7d4ac6a4f797300,0
synthetic_train_benign_v4_20261021_00092,benign,1,1786197049,5684,5684,1.3430670648783542e+17,synthetic_benign_v4.exe,55f98f9d90d7f28005f45d65fc5146231cbd57b648163a3be76055f835d8ff39,112593.0,6.0,0.0,0.0,1.0,0.0,0.0,1.0,1.0,0.0,1.0,0.0,0.0,0.0,1.0,1.0,1.0,1.0,1.0,1.0,1.0,1.0,264.9832028480508,28.38883926854001,595.5122089601591,1.6298355486714307,0.6122331230835834,17.0,10.453844352855826,28.0,265.0,4.0,0.0,3.0,0.0,SyntheticBenignV4,0,train,1,6.0,synthetic_train_benign_v4_20261021_00092,1
r_20260801_001458_00064,malware,1,1785535542,8984,8984,1.3430009113648286e+17,Medusa__91a3b832564a9b29685b393c8bda9925a7da87fd3958625980da06f80f76109d.exe,91a3b832564a9b29685b393c8bda9925a7da87fd3958625980da06f80f76109d,13323.0,6.0,1.0,0.0,0.0,0.0,1.0,0.0,1.0,0.0,0.0,0.0,0.0,1.0,1.0,1.0,0.0,0.0,0.0,1.0,1.0,1.0,6.2,0.4667,3.1667,3.2146,3.2796,8.0,14.8919,7.0,3.0,6.0,0.0,3.0,0.0,Medusa,1,train,1,6.0,r_20260801_001458_00064,0
synthetic_train_benign_v4_20261021_00337,benign,1,1786196998,11944,11944,1.3430670597531022e+17,synthetic_benign_v4.exe,6e5179f6e8b3a3bb7342eba2f4af5474fa582e3e4afe6ce966b8d42fd610258b,1207.0,7.0,0.0,1.0,0.0,0.0,1.0,0.0,0.0,0.0,1.0,1.0,0.0,1.0,1.0,1.0,1.0,1.0,1.0,1.0,1.0,1.0,125.15054853832939,47.4813969719661,383.10595686414405,1.273073357986221,2.813774119709413,19.0,17.43361616426836,55.0,1058.0,6.0,0.0,1.0,0.0,SyntheticBenignV4,0,train,1,7.0,synthetic_train_benign_v4_20261021_00337,1
r_20260730_213552_00048,malware,1,1785434383,7576,7576,1.3429907975359464e+17,Babuk__4866d6994c2f8b4dadfaabc2e2b81bd86c12f68fdf0da13d41d7b0e30bea0801.exe,4866d6994c2f8b4dadfaabc2e2b81bd86c12f68fdf0da13d41d7b0e30bea0801,8219.0,8.0,1.0,0.0,1.0,0.0,1.0,1.0,1.0,0.0,1.0,1.0,1.0,0.0,0.0,0.0,1.0,1.0,1.0,0.0,0.0,0.0,264.8333,51.1667,233.6,0.0,0.0,15.0,196.9037,59.0,1200.0,48.0,0.0,3.0,0.0,Babuk,1,train,1,8.0,r_20260730_213552_00048,0
9323230b01d3e0fa03126e367cc442cef8a49bb7fe3a7b2ca0aa357568a707d9,malware,1,1785826912,2616,2616,1.3430300266993496e+17,Fog__9323230b01d3e0fa0312.exe,9323230b01d3e0fa03126e367cc442cef8a49bb7fe3a7b2ca0aa357568a707d9,241074.0,6.0,1.0,0.0,0.0,0.0,1.0,1.0,0.0,0.0,1.0,1.0,1.0,0.0,0.0,0.0,0.0,1.0,1.0,0.0,0.0,0.0,29.1333,6.4,2957.8,0.0,0.0,2.0,390.8221,8.0,181.0,36.0,0.0,2.0,0.0,Fog,1,train,1,6.0,9323230b01d3e0fa03126e367cc442cef8a49bb7fe3a7b2ca0aa357568a707d9,0
r_20260805_153704_00018,malware,1,1785924069,10656,10656,1.3430397654945994e+17,INC__468e3c2cb5b0bbc3004bbf5272f4ece5c979625f7623e6d71af5dc0929b89d6a.exe,468e3c2cb5b0bbc3004bbf5272f4ece5c979625f7623e6d71af5dc0929b89d6a,13938.0,6.0,1.0,0.0,0.0,0.0,0.0,0.0,0.0,0.0,1.0,1.0,1.0,1.0,1.0,0.0,1.0,1.0,1.0,1.0,1.0,0.0,173.2,28.6,30.7,0.6118,1.8355,3.0,398.288,5.0,842.0,2.0,0.0,0.0,0.0,INC,1,train,1,6.0,r_20260805_153704_00018,0
synthetic_train_benign_v4_20261021_00211,benign,1,1786198723,236,236,1.3430672321755165e+17,synthetic_benign_v4.exe,1ba80b52350b6c24722e7cde0e9b825416c8ace5f2ebe97dde948470df01b42f,58619.0,6.0,1.0,0.0,0.0,0.0,0.0,0.0,0.0,1.0,1.0,0.0,1.0,0.0,1.0,1.0,1.0,1.0,1.0,1.0,1.0,1.0,284.457446077666,28.729894225328522,716.9150857137365,2.756541653213067,2.638342027758918,48.0,187.11686434248622,4.0,922.0,4.0,0.0,3.0,0.0,SyntheticBenignV4,0,train,1,6.0,synthetic_train_benign_v4_20261021_00211,1
synthetic_train_benign_v4_20261021_00087,benign,1,1786197146,10672,10672,1.34306707449994e+17,synthetic_benign_v4.exe,f6a4a668720275b079103618664dde2add4431d7bd5dcd803bbdd78c2a89cfc5,164786.0,8.0,1.0,0.0,1.0,1.0,1.0,0.0,0.0,1.0,0.0,1.0,0.0,1.0,1.0,0.0,1.0,1.0,1.0,1.0,1.0,1.0,74.66471957878106,5.957342691505695,1159.833890992224,4.297610899049619,1.5532052352465793,31.0,194.6077735800219,34.0,828.0,13.0,0.0,3.0,0.0,SyntheticBenignV4,0,train,1,8.0,synthetic_train_benign_v4_20261021_00087,1
synthetic_train_benign_v4_20261021_00305,benign,1,1786197146,10672,10672,1.34306707449994e+17,synthetic_benign_v4.exe,2735d6d7c4c644949070373532b7499bf0695eb986b37a19d530013f1002477f,110780.0,9.0,1.0,0.0,1.0,1.0,1.0,1.0,0.0,0.0,1.0,1.0,1.0,0.0,0.0,1.0,1.0,1.0,1.0,1.0,1.0,1.0,95.790385076591,12.094867856380635,148.29245242229283,0.6952961567628922,3.4883317711186304,16.0,27.521849695842782,52.0,1158.0,72.0,0.0,3.0,0.0,SyntheticBenignV4,0,train,1,9.0,synthetic_train_benign_v4_20261021_00305,1
synthetic_train_benign_v4_20261021_00222,benign,1,1786198671,6052,6052,1.3430672269555864e+17,synthetic_benign_v4.exe,c3cb92e06003d78261c0002d33619468828d974179a25f4daa683a382c2e9717,29520.0,9.0,0.0,1.0,1.0,0.0,1.0,1.0,0.0,0.0,1.0,0.0,1.0,1.0,1.0,1.0,1.0,1.0,1.0,1.0,1.0,1.0,54.29973229509914,13.52570156771849,786.172421335316,3.944148606660036,3.199859718251422,11.0,229.11239244443206,20.0,147.0,131.0,0.0,3.0,0.0,SyntheticBenignV4,0,train,1,9.0,synthetic_train_benign_v4_20261021_00222,1
synthetic_train_benign_v4_20261021_00137,benign,1,1786198972,5892,5892,1.3430672570323347e+17,synthetic_benign_v4.exe,dfe296fd96324c4927d0e55927a7e7b3cee67fc21c1b38fb3534256671153447,140463.0,7.0,0.0,0.0,1.0,0.0,1.0,0.0,0.0,1.0,0.0,1.0,1.0,0.0,1.0,1.0,1.0,1.0,1.0,1.0,1.0,1.0,282.0713764951217,26.77881691786538,154.0903494127844,2.539822074218723,2.8338145827915806,92.0,349.68842124909594,40.0,582.0,53.0,0.0,3.0,0.0,SyntheticBenignV4,0,train,1,7.0,synthetic_train_benign_v4_20261021_00137,1
synthetic_train_benign_v4_20261021_00207,benign,1,1786198619,6516,6516,1.343067221675472e+17,synthetic_benign_v4.exe,af4ec72ba876803fc897db13f98e437e42ece4ea461389b38f6b1915823b24e3,20895.0,6.0,0.0,1.0,1.0,0.0,1.0,0.0,0.0,1.0,0.0,0.0,1.0,1.0,0.0,0.0,1.0,1.0,1.0,1.0,1.0,1.0,242.69479441534241,18.826182390045624,1321.3003282158436,0.17907644819189375,0.5863015894419012,49.0,18.37327617461591,61.0,88.0,127.0,0.0,3.0,0.0,SyntheticBenignV4,0,train,1,6.0,synthetic_train_benign_v4_20261021_00207,1
r_20260801_001238_00121,malware,1,1785545507,7964,7964,1.3430019099702512e+17,Conti__e398bbf7cb5533430fa866627e28cbc0730b4f5a887f3f6b8f2f4c2b4dc23ac3.exe,e398bbf7cb5533430fa866627e28cbc0730b4f5a887f3f6b8f2f4c2b4dc23ac3,7285.0,6.0,1.0,0.0,1.0,0.0,0.0,0.0,0.0,0.0,0.0,1.0,0.0,1.0,1.0,1.0,0.0,1.0,0.0,1.0,1.0,1.0,21.4333,2.9667,4.7333,3.2853,3.286,2.0,42.3543,6.0,71.0,5.0,0.0,2.0,0.0,Conti,1,train,1,6.0,r_20260801_001238_00121,0
synthetic_train_benign_v4_20261021_00319,benign,1,1786197146,10672,10672,1.34306707449994e+17,synthetic_benign_v4.exe,047e79d68b68d2aa6a7ca0a18c2dfd3d255a862034dba7aab5c40d9ba56cda90,1059.0,9.0,0.0,0.0,1.0,0.0,1.0,1.0,1.0,0.0,1.0,0.0,1.0,1.0,1.0,1.0,1.0,1.0,1.0,1.0,1.0,1.0,94.04724658414922,14.092154371219731,396.6212071326735,2.8851121473159203,3.0215399810413865,79.0,540.1326342934432,63.0,390.0,79.0,0.0,3.0,0.0,SyntheticBenignV4,0,train,1,9.0,synthetic_train_benign_v4_20261021_00319,1
4933d2287e2e0cd36e11b8a0518889fe92391e4396871339939ddceea51e5b7e,malware,1,1785675051,2080,2080,1.3430148403576536e+17,Trigona__4933d2287e2e0cd36e11.exe,4933d2287e2e0cd36e11b8a0518889fe92391e4396871339939ddceea51e5b7e,247100.0,6.0,1.0,0.0,0.0,0.0,0.0,1.0,0.0,0.0,1.0,1.0,1.0,0.0,1.0,0.0,0.0,1.0,1.0,0.0,1.0,0.0,33.0,6.3,38.1333,1.3108,3.5435,119.0,189.7331,13.0,44.0,132.0,0.0,3.0,0.0,Trigona,1,train,1,6.0,4933d2287e2e0cd36e11b8a0518889fe92391e4396871339939ddceea51e5b7e,0
r_20260730_213552_00028,malware,1,1785429596,6856,6856,1.3429903187665038e+17,Babuk__104ad2f9d097758c0fca22678b54534cccde1815ebd6be6226e0bad895148e90.exe,104ad2f9d097758c0fca22678b54534cccde1815ebd6be6226e0bad895148e90,7900.0,8.0,1.0,0.0,1.0,0.0,1.0,1.0,1.0,0.0,1.0,1.0,1.0,0.0,0.0,0.0,1.0,1.0,1.0,0.0,0.0,0.0,71.1333,13.8333,79.6667,0.0,0.0,2.0,410.7455,29.0,353.0,19.0,0.0,3.0,0.0,Babuk,1,train,1,8.0,r_20260730_213552_00028,0
synthetic_train_benign_v4_20261021_00161,benign,1,1786197146,10672,10672,1.34306707449994e+17,synthetic_benign_v4.exe,93d66dd70e5c96685008d1109d5faf4b8ec2f6dbceeed5cbcbe6f3eb3a0857fa,159305.0,9.0,1.0,0.0,1.0,0.0,0.0,1.0,1.0,0.0,1.0,0.0,1.0,1.0,1.0,1.0,1.0,1.0,1.0,1.0,1.0,1.0,80.63854451146187,44.10977946188898,344.66433828054664,5.797217910279757,7.333311419425647,18.0,24.135959864672845,6.0,807.0,5.0,0.0,3.0,0.0,SyntheticBenignV4,0,train,1,9.0,synthetic_train_benign_v4_20261021_00161,1
synthetic_train_benign_v4_20261021_00069,benign,1,1786198819,2828,2828,1.3430672417126842e+17,synthetic_benign_v4.exe,ef077317a01e647bd77d1a22902900753fecd9221bfb44e363fa2924c08c79ce,2095.0,6.0,0.0,0.0,0.0,1.0,0.0,1.0,0.0,0.0,1.0,0.0,1.0,1.0,1.0,0.0,1.0,1.0,1.0,1.0,1.0,1.0,293.7304010235066,14.714358096161904,581.450872667696,2.6132465041673862,1.7804462543872905,69.0,303.664168225288,27.0,630.0,48.0,0.0,3.0,0.0,SyntheticBenignV4,0,train,1,6.0,synthetic_train_benign_v4_20261021_00069,1
synthetic_train_benign_v4_20261021_00288,benign,1,1786197347,1212,1212,1.343067094631076e+17,synthetic_benign_v4.exe,61007fcb15309a964be4dee3b40a2d29dc7e5f332e7b24e575e88c979349991a,189533.0,9.0,0.0,0.0,1.0,1.0,1.0,0.0,0.0,1.0,1.0,1.0,1.0,1.0,1.0,0.0,1.0,1.0,1.0,1.0,1.0,1.0,53.639995551736575,48.49267416565233,842.2122383181652,3.261601854892305,1.4984977131936212,3.0,181.4598198691636,4.0,230.0,2.0,0.0,3.0,0.0,SyntheticBenignV4,0,train,1,9.0,synthetic_train_benign_v4_20261021_00288,1
synthetic_train_benign_v4_20261021_00044,benign,1,1786197197,9516,9516,1.3430670795883811e+17,synthetic_benign_v4.exe,ae40de75cd4ffbd08b643045274e60b100f3dd27cfb7b34e0b24abae7e07d897,1499.0,9.0,0.0,1.0,1.0,0.0,1.0,1.0,1.0,0.0,0.0,1.0,1.0,1.0,0.0,1.0,1.0,1.0,1.0,1.0,1.0,1.0,98.83807080640577,11.957088921103836,1262.102971948056,3.2220217741808774,1.9089890269116847,34.0,486.2428020933965,49.0,392.0,72.0,0.0,3.0,0.0,SyntheticBenignV4,0,train,1,9.0,synthetic_train_benign_v4_20261021_00044,1
synthetic_train_benign_v4_20261021_00381,benign,1,1785924796,9524,9524,1.3430398394430122e+17,synthetic_benign_v4.exe,c6163ba8471645b478f91c7495095a9de205a62bbb4e093faff950a986eecade,118407.0,10.0,1.0,0.0,0.0,1.0,1.0,1.0,1.0,1.0,1.0,1.0,1.0,0.0,0.0,1.0,1.0,1.0,1.0,1.0,1.0,1.0,115.30438930379364,43.66746769910672,467.0952803089283,0.09615938312026773,1.2804930888394126,58.0,516.1072049400773,5.0,1080.0,32.0,0.0,1.0,0.0,SyntheticBenignV4,0,train,1,10.0,synthetic_train_benign_v4_20261021_00381,1
r_20260801_001238_00122,malware,1,1785545766,9916,9916,1.343001936406722e+17,Conti__e49fd2651d5f3d5ffd999104841edd3e6e6dbd342507df6d2201720bdca65a74.exe,e49fd2651d5f3d5ffd999104841edd3e6e6dbd342507df6d2201720bdca65a74,1881.0,7.0,1.0,0.0,1.0,0.0,0.0,0.0,0.0,0.0,1.0,1.0,0.0,1.0,1.0,1.0,1.0,1.0,0.0,1.0,1.0,1.0,29.0333,3.9667,39.1,3.0312,3.2807,3.0,8.9187,6.0,101.0,4.0,0.0,2.0,0.0,Conti,1,train,1,7.0,r_20260801_001238_00122,0
synthetic_train_benign_v4_20261021_00051,benign,1,1786197197,9516,9516,1.3430670795883811e+17,synthetic_benign_v4.exe,726439b00d81714ed49d5e684bb86b7993ddeadd20d8069ec99ee297a8175154,1384.0,8.0,0.0,0.0,1.0,1.0,0.0,1.0,1.0,0.0,1.0,1.0,0.0,1.0,1.0,0.0,1.0,1.0,1.0,1.0,1.0,1.0,208.05912101406724,27.48067077552559,449.9493696057375,2.6942450026534455,3.4903826723290012,59.0,24.862812106904364,32.0,735.0,7.0,0.0,3.0,0.0,SyntheticBenignV4,0,train,1,8.0,synthetic_train_benign_v4_20261021_00051,1
synthetic_train_benign_v4_20261021_00264,benign,1,1786197390,7696,7696,1.3430670988080968e+17,synthetic_benign_v4.exe,79ba463213930a3aba8a61340b4dbcc6fb6d32938f0ae0815199d17c3e31aac5,164782.0,6.0,0.0,0.0,1.0,0.0,1.0,0.0,0.0,1.0,1.0,0.0,1.0,1.0,0.0,0.0,1.0,1.0,1.0,1.0,1.0,1.0,151.61291844299714,16.69398816758877,260.504139542202,1.311664678559901,3.9786129836594806,26.0,62.467368334754376,4.0,479.0,13.0,0.0,3.0,0.0,SyntheticBenignV4,0,train,1,6.0,synthetic_train_benign_v4_20261021_00264,1
r_20260801_001458_00197,malware,1,1785569030,7436,7436,1.343004261753746e+17,Sodinokibi__3e6fbc358e0204cb67a41b05771fac74f1b49737c7ab7138e415c7e9628ef545.exe,3e6fbc358e0204cb67a41b05771fac74f1b49737c7ab7138e415c7e9628ef545,12955.0,6.0,1.0,0.0,0.0,0.0,0.0,0.0,0.0,0.0,0.0,1.0,1.0,1.0,1.0,1.0,0.0,1.0,1.0,1.0,1.0,1.0,34.0333,8.0667,11.1333,2.8844,3.2826,4.0,18.9313,6.0,224.0,5.0,0.0,2.0,0.0,Sodinokibi,1,train,1,6.0,r_20260801_001458_00197,0
b183b142d3c4e99ee07c3407b82858146fa61ded95be2e67ce920c8002309fb0,malware,1,1785642022,4576,4576,1.3430115569810557e+17,Rhysida__b183b142d3c4e99ee07c.exe,b183b142d3c4e99ee07c3407b82858146fa61ded95be2e67ce920c8002309fb0,51483.0,6.0,1.0,0.0,1.0,0.0,1.0,0.0,0.0,0.0,1.0,1.0,1.0,0.0,0.0,0.0,1.0,1.0,1.0,0.0,0.0,0.0,65.8333,9.1667,2115.3,0.0,0.0,37.0,378.5131,14.0,125.0,96.0,0.0,3.0,0.0,Rhysida,1,train,1,6.0,b183b142d3c4e99ee07c3407b82858146fa61ded95be2e67ce920c8002309fb0,0
a092842d7b709e9101abcbc368a706431813dfd72fcda75d08270d3dff166d70,malware,1,1785679493,5644,5644,1.343015286484655e+17,Trigona__a092842d7b709e9101ab.exe,a092842d7b709e9101abcbc368a706431813dfd72fcda75d08270d3dff166d70,228106.0,6.0,1.0,0.0,0.0,0.0,0.0,1.0,0.0,0.0,1.0,1.0,1.0,0.0,1.0,0.0,0.0,1.0,1.0,0.0,1.0,0.0,35.6333,7.0,36.7333,3.6404,4.0273,4.0,215.3104,12.0,150.0,38.0,0.0,2.0,0.0,Trigona,1,train,1,6.0,a092842d7b709e9101abcbc368a706431813dfd72fcda75d08270d3dff166d70,0
synthetic_train_benign_v4_20261021_00218,benign,1,1786198866,11312,11312,1.3430672464078317e+17,synthetic_benign_v4.exe,27ee0ef9381b98893f25d706374be0b2bd4def441a7ce1f1608d766838315eaf,3629.0,6.0,1.0,0.0,0.0,1.0,1.0,0.0,0.0,0.0,1.0,0.0,0.0,0.0,1.0,1.0,1.0,1.0,1.0,1.0,1.0,1.0,247.6151347195564,14.971374101843297,766.5771389741385,1.3871723291452513,0.8793207630210191,29.0,543.572316277999,4.0,398.0,11.0,0.0,3.0,0.0,SyntheticBenignV4,0,train,1,6.0,synthetic_train_benign_v4_20261021_00218,1
r_20260730_220149_00056,malware,1,1785437879,1400,1400,1.3429911476678618e+17,Babuk__e8b5eebb78b19288a768f95ee536411e5851e501690df7d088f0989848b8c540.exe,e8b5eebb78b19288a768f95ee536411e5851e501690df7d088f0989848b8c540,1939.0,8.0,1.0,0.0,1.0,0.0,1.0,1.0,1.0,0.0,1.0,1.0,1.0,0.0,0.0,0.0,1.0,1.0,1.0,0.0,0.0,0.0,31.3667,6.2333,53.8333,0.0,0.0,2.0,550.5815,12.0,160.0,5.0,0.0,1.0,0.0,Babuk,1,train,1,8.0,r_20260730_220149_00056,0
d44a5f262ccb43f72ee2afde3e3ff2a55bbb3db5837bfa8aac2e8d7195014d8b,malware,1,1785846570,5124,5124,1.343032015305274e+17,HiddenTear__d44a5f262ccb43f72ee2.exe,d44a5f262ccb43f72ee2afde3e3ff2a55bbb3db5837bfa8aac2e8d7195014d8b,15456.0,6.0,1.0,0.0,0.0,1.0,0.0,0.0,0.0,0.0,1.0,0.0,0.0,1.0,1.0,1.0,1.0,0.0,0.0,1.0,1.0,1.0,1.9333,0.4333,219.7,2.7768,2.8668,3.0,17.5849,10.0,0.0,6.0,0.0,3.0,0.0,HiddenTear,1,train,1,6.0,d44a5f262ccb43f72ee2afde3e3ff2a55bbb3db5837bfa8aac2e8d7195014d8b,0
53a801deacc598f7d38445a07a3a459306a88dbcdf9ce037525ce8992ca9ac9d,malware,1,1785671516,8708,8708,1.3430144872554674e+17,Trigona__53a801deacc598f7d384.exe,53a801deacc598f7d38445a07a3a459306a88dbcdf9ce037525ce8992ca9ac9d,241915.0,6.0,1.0,0.0,0.0,0.0,0.0,1.0,0.0,0.0,1.0,1.0,1.0,0.0,1.0,0.0,0.0,1.0,1.0,0.0,1.0,0.0,28.6333,5.6,39.5333,2.2306,3.6521,4.0,342.8485,12.0,109.0,37.0,0.0,2.0,0.0,Trigona,1,train,1,6.0,53a801deacc598f7d38445a07a3a459306a88dbcdf9ce037525ce8992ca9ac9d,0
r_20260730_152625_00005,malware,1,1785401017,10876,10876,1.3429874616577709e+17,Babuk__03d07d15c8e652a5d059cdb7f8c333fcdc96b64b920f973458f81de9f04543bc.exe,03d07d15c8e652a5d059cdb7f8c333fcdc96b64b920f973458f81de9f04543bc,1102.0,8.0,1.0,0.0,1.0,0.0,1.0,1.0,1.0,0.0,1.0,1.0,1.0,0.0,0.0,0.0,1.0,1.0,1.0,0.0,0.0,0.0,68.2,13.1333,123.1667,0.0,0.0,5.0,316.171,58.0,122.0,39.0,0.0,3.0,0.0,Babuk,1,train,1,8.0,r_20260730_152625_00005,0
synthetic_train_benign_v4_20261021_00031,benign,1,1786198972,5892,5892,1.3430672570323347e+17,synthetic_benign_v4.exe,9cb625bda5b52b070bd30b1ad4da4fd01d56dfdcdf973b7bcf27754b615b1e66,1104.0,7.0,0.0,0.0,0.0,0.0,1.0,1.0,0.0,1.0,1.0,1.0,0.0,1.0,0.0,1.0,1.0,1.0,1.0,1.0,1.0,1.0,131.11165811483514,13.723117969088504,1320.2266251837327,3.1182372763314072,2.7391420629974,76.0,407.457506217532,5.0,449.0,99.0,0.0,3.0,0.0,SyntheticBenignV4,0,train,1,7.0,synthetic_train_benign_v4_20261021_00031,1
c34300432b8aad4db5d830977f5496872bcbb8a8b99020240d4e09447970ec14,malware,1,1785681659,1732,1732,1.3430155047343888e+17,Trigona__c34300432b8aad4db5d8.exe,c34300432b8aad4db5d830977f5496872bcbb8a8b99020240d4e09447970ec14,210464.0,6.0,1.0,0.0,0.0,0.0,0.0,1.0,0.0,0.0,1.0,0.0,0.0,1.0,1.0,1.0,0.0,0.0,0.0,1.0,1.0,1.0,14.0333,2.3333,9.1,2.7182,2.922,2.0,11.9812,12.0,44.0,7.0,0.0,3.0,0.0,Trigona,1,train,1,6.0,c34300432b8aad4db5d830977f5496872bcbb8a8b99020240d4e09447970ec14,0
4d30670f6311dc373dcbfb5bd93cf1621b1d6c425c8c9a95dc0a1317d0bdf648,malware,1,1785848630,5940,5940,1.3430321950493438e+17,phobos__4d30670f6311dc373dcb.exe,4d30670f6311dc373dcbfb5bd93cf1621b1d6c425c8c9a95dc0a1317d0bdf648,276720.0,6.0,1.0,0.0,0.0,1.0,0.0,0.0,0.0,1.0,1.0,1.0,0.0,1.0,0.0,0.0,0.0,1.0,0.0,0.0,0.0,0.0,24.1667,0.0,100.7667,0.0,0.0,40.0,373.6446,18.0,0.0,53.0,0.0,2.0,0.0,phobos,1,train,1,6.0,4d30670f6311dc373dcbfb5bd93cf1621b1d6c425c8c9a95dc0a1317d0bdf648,0
r_20260801_001458_00191,malware,1,1785567474,7384,7384,1.3430041044424752e+17,Sodinokibi__2896b38ec3f5f196a9d127dbda3f44c7c29c844f53ae5f209229d56fd6f2a59c.exe,2896b38ec3f5f196a9d127dbda3f44c7c29c844f53ae5f209229d56fd6f2a59c,28048.0,7.0,1.0,0.0,0.0,0.0,0.0,1.0,0.0,1.0,1.0,0.0,0.0,1.0,1.0,1.0,1.0,0.0,0.0,1.0,1.0,1.0,12.7333,3.0667,1582.0,3.0346,3.2815,4.0,24.2879,6.0,74.0,5.0,0.0,3.0,0.0,Sodinokibi,1,train,1,7.0,r_20260801_001458_00191,0
,benign,1,1786197390,7696,7696,1.3430670988080968e+17,python.exe,,2156.0,6.0,0.0,0.0,0.0,0.0,0.0,0.0,0.0,0.0,1.0,1.0,1.0,1.0,1.0,1.0,1.0,1.0,1.0,1.0,1.0,1.0,195.7,26.6667,1382.0333,2.8445,3.3419,35.0,10.5326,4.0,800.0,12.0,0.0,3.0,0.0,python.exe,0,train,1,6.0,benign_missing_run_train_0076,0
synthetic_train_benign_v4_20261021_00068,benign,1,1786198723,236,236,1.3430672321755165e+17,synthetic_benign_v4.exe,ca808332c24a4612148f9b2bf558204988b75edcdd121c453e824ef84f29262b,2209.0,7.0,0.0,0.0,0.0,1.0,0.0,0.0,1.0,1.0,1.0,1.0,1.0,0.0,0.0,1.0,1.0,1.0,1.0,1.0,1.0,1.0,139.28286100381226,18.006476725468225,1186.088095161885,3.0810767315896066,2.1656507339554225,42.0,87.89019728304125,14.0,711.0,80.0,0.0,3.0,0.0,SyntheticBenignV4,0,train,1,7.0,synthetic_train_benign_v4_20261021_00068,1
